Workbook
Name Icms: 'Comércio I'!$N$28:$N$30

Sheet Comércio I
A1: PLANILHA COMPARATIVA TRIBUTÁRIA - LUCRO REAL X LUCRO PRESUMIDO X SIMPLES NACIONAL NO COMÉRCIO
D2: Aviso de Desbloqueio
G3: =-SUM(D16,D20,D17,D18,D27,D21,D22,D31,D32,D35) -> 17847
G4: =-SUM(H16,H17,H18,H20,H27,H32,H35,H37) -> 17532
G5: =-L34 -> 3600
C9: Função Contábil
B11: Para simulação: Digite nas Células Destacadas
C13: LUCRO REAL | D13: Em Reais (R$) | G13: LUCRO PRESUMIDO | H13: Em Reais (R$) | K13: SIMPLES NACIONAL | L13: Em Reais (R$) | N13: Receita Bruta Mensal
N14: Simples Nacional
B15: + | C15: Receita Bruta | D15: 90000 | F15: =B15 -> + | G15: =C15 -> Receita Bruta | H15: =D15 -> 90000 | J15: =B15 -> + | K15: Receita Bruta (limite de 200 mil + 20%) | L15: =H15 -> 90000 | M15: 1 | N15: Janeiro | O15: 7500
C16: 0.18 | D16: =-$D$15*C16 -> -16200 | G16: =C16 -> 0.18 | H16: =-$H$15*G16 -> -16200 | K16: Em 12 meses (Anual Acumulado) | L16: =AVERAGE(O15:O26)*C35 -> 90000 | M16: 2 | N16: Fevereiro | O16: 7500
C17: 0.0165 | D17: =-$D$15*C17 -> -1485 | G17: 0.0065 | H17: =-$H$15*G17 -> -585 | M17: 3 | N17: Março | O17: 7500
C18: 0.076 | D18: =-$D$15*C18 -> -6840 | G18: 0.03 | H18: =-$H$15*G18 -> -2700 | M18: 4 | N18: Abril | O18: 7500
B19: + | C19: Créditos | F19: =B19 -> + | G19: =C19 -> Créditos | M19: 5 | N19: Maio | O19: 7500
C20: ICMS: Valor Crédito sobre Compras | D20: =-$D$24*12% -> 6480 | G20: =C20 -> ICMS: Valor Crédito sobre Compras | H20: =-H24*12% -> 6480 | M20: 6 | N20: Junho | O20: 7500
C21: PIS: Valor Crédito sobre Compras | D21: =-$D$24*1.65% -> 891 | M21: 7 | N21: Julho | O21: 7500
C22: COFINS: Valor Crédito sobre Compras | D22: =-$D$24*7.6% -> 4104 | M22: 8 | N22: Agosto | O22: 7500
B23: = | C23: Receita Líquida | D23: =SUM(D15:D22) -> 76950 | F23: =B23 -> = | G23: =C23 -> Receita Líquida | H23: =SUM(H15:H20) -> 76995 | J23: =F23 -> = | K23: =G23 -> Receita Líquida | M23: 9 | N23: Setembro | O23: 7500
B24: - | C24: 0.6 | D24: =-D15*C24 -> -54000 | F24: =B24 -> - | G24: =C24 -> 0.6 | H24: =-H15*G24 -> -54000 | J24: =F24 -> - | K24: =G24 -> 0.6 | L24: =-L15*K24 -> -54000 | M24: 10 | N24: Outubro | O24: 7500
B25: = | C25: Margem Bruta | D25: =SUM(D23:D24) -> 22950 | F25: =B25 -> = | G25: =C25 -> Margem Bruta | H25: =SUM(H23:H24) -> 22995 | J25: =F25 -> = | K25: =G25 -> Margem Bruta | M25: 11 | N25: Novembro | O25: 7500
B26: - | C26: 0.1 | D26: =-D15*C26 -> -9000 | F26: =B26 -> - | G26: =C26 -> 0.1 | H26: =-H15*G26 -> -9000 | J26: =F26 -> - | K26: =C26 -> 0.1 | L26: =-L15*K26 -> -9000 | M26: 12 | N26: Dezembro | O26: 7500
B27: - | C27: 0.275 | D27: =D26*C27 -> -2475 | F27: =B27 -> - | G27: =C27 -> 0.275 | H27: =H26*G27 -> -2475
B28: - | C28: 0.02 | D28: =-D15*C28 -> -1800 | F28: =B28 -> - | G28: =C28 -> 0.02 | H28: =-H15*G28 -> -1800 | J28: =F28 -> - | K28: =C28 -> 0.02 | L28: =-L15*K28 -> -1800
B29: = | C29: Lucro Líquido | D29: =SUM(D25:D28) -> 9675 | F29: =B29 -> = | G29: Lucro Líquido | H29: =SUM(H25:H28) -> 9720
G30: Base de cálculo do Lucro Presumido CSLL
C31: 0.09 | D31: =-IF($D$29*C31>0,$D$29*C31,0) -> -870.75 | G31: 0.12 | H31: =H15*G31 -> 10800
C32: 0.15 | D32: =-IF($D$29*C32>0,$D$29*C32,0) -> -1451.25 | G32: 0.09 | H32: =-H31*G32 -> -972
D33: =SUM(D29:D32) -> 7353 | G33: Base de cálculo do Lucro Presumido IR | K33: Encargos Fiscais (Anexo I do Simples)
C34: 0.1 | G34: 0.08 | H34: =H15*G34 -> 7200 | K34: =VLOOKUP($L$16,'Anexos Simples'!$A$2:$G$21,3) -> 0.04 | L34: =-L15*K34 -> -3600
C35: 12 | D35: =-IF(D29>20000*C35,(D29-20000*C35)*C34,0) -> 0 | G35: =C32 -> 0.15 | H35: =-H34*G35 -> -1080
G36: 0.1
G37: =C35 -> 12 | H37: =IF(H34>20000*G37,(H34-20000*G37)*G36,0) -> 0
C38: Lucro Real | D38: =SUM(D33:D35) -> 7353 | G38: Lucro Presumido | H38: =H29-H32-H35-H37 -> 11772 | K38: Lucro: Simples | L38: =L15+L24+L26+L28+L34 -> 21600

Sheet Plan1
L29: =90000/12 -> 7500

Sheet Indústria II
A1: PLANILHA COMPARATIVA TRIBUTÁRIA - LUCRO REAL X LUCRO PRESUMIDO X SIMPLES NACIONAL NA INDÚSTRIA
D2: Aviso de Desbloqueio
G3: =-SUM(D16,D17,D21,D22,D23,D24,D18,D19,D29,D33,D34,D37) -> 26590.5
G4: =-SUM(H16,H17,H18,H19,H21,H22,H29,H34,H37,H39) -> 27612
G5: =-L36 -> 4050
B11: Para simulação: Digite nas Células Destacadas
C13: LUCRO REAL | D13: Em Reais (R$) | G13: LUCRO PRESUMIDO | H13: Em Reais (R$) | K13: SIMPLES NACIONAL | L13: Em Reais (R$) | N13: Receita Bruta Mensal
N14: Simples Nacional
B15: + | C15: Receita Bruta | D15: ='Comércio I'!D15 -> 90000 | F15: =B15 -> + | G15: =C15 -> Receita Bruta | H15: =D15 -> 90000 | K15: Receita Bruta (limite de 200 mil + 20%) | L15: =H15 -> 90000 | M15: 1 | N15: Janeiro | O15: ='Comércio I'!O15 -> 7500
C16: 0.18 | D16: =-$D$15*C16 -> -16200 | G16: =C16 -> 0.18 | H16: =-$H$15*G16 -> -16200 | K16: Em 12 meses (Anual Acumulado) | L16: =SUM(O15:O26) -> 90000 | M16: 2 | N16: Fevereiro | O16: ='Comércio I'!O16 -> 7500
C17: 0.1 | D17: =-$D$15*C17 -> -9000 | G17: 0.1 | H17: =-$H$15*G17 -> -9000 | M17: 3 | N17: Março | O17: ='Comércio I'!O17 -> 7500
C18: 0.0165 | D18: =-$D$15*C18 -> -1485 | G18: 0.0065 | H18: =-$H$15*G18 -> -585 | M18: 4 | N18: Abril | O18: ='Comércio I'!O18 -> 7500
C19: 0.076 | D19: =-$D$15*C19 -> -6840 | G19: 0.03 | H19: =-$H$15*G19 -> -2700 | M19: 5 | N19: Maio | O19: ='Comércio I'!O19 -> 7500
B20: + | C20: Crédito | F20: =B20 -> + | G20: =C20 -> Crédito | M20: 6 | N20: Junho | O20: ='Comércio I'!O20 -> 7500
C21: ICMS: Valor Crédito sobre Compras | D21: =-$D$26*12% -> 5400 | G21: =C21 -> ICMS: Valor Crédito sobre Compras | H21: =-$H$26*12% -> 5400 | M21: 7 | N21: Julho | O21: ='Comércio I'!O21 -> 7500
C22: IPI: Valor Crédito sobre Compras | D22: =-$D$26*5% -> 2250 | G22: =C22 -> IPI: Valor Crédito sobre Compras | H22: 0 | M22: 8 | N22: Agosto | O22: ='Comércio I'!O22 -> 7500
C23: PIS: Valor Crédito sobre Compras | D23: =-$D$26*1.65% -> 742.5 | M23: 9 | N23: Setembro | O23: ='Comércio I'!O23 -> 7500
C24: COFINS: Valor Crédito sobre Compras | D24: =-$D$26*7.6% -> 3420 | M24: 10 | N24: Outubro | O24: ='Comércio I'!O24 -> 7500
B25: = | C25: Receita Líquida | D25: =SUM(D15:D24) -> 68287.5 | F25: =B25 -> = | G25: =C25 -> Receita Líquida | H25: =SUM(H15:H22) -> 66915 | J25: =F25 -> = | K25: =G25 -> Receita Líquida | M25: 11 | N25: Novembro | O25: ='Comércio I'!O25 -> 7500
B26: - | C26: 0.5 | D26: =-D15*C26 -> -45000 | F26: =B26 -> - | G26: =C26 -> 0.5 | H26: =-H15*G26 -> -45000 | J26: =F26 -> - | K26: =G26 -> 0.5 | L26: =-L15*K26 -> -45000 | M26: 12 | N26: Dezembro | O26: ='Comércio I'!O26 -> 7500
B27: = | C27: Margem Bruta | D27: =SUM(D25:D26) -> 23287.5 | F27: =B27 -> = | G27: =C27 -> Margem Bruta | H27: =SUM(H25:H26) -> 21915 | J27: =F27 -> = | K27: =G27 -> Margem Bruta
B28: - | C28: 0.1 | D28: =-D15*C28 -> -9000 | F28: =B28 -> - | G28: =C28 -> 0.1 | H28: =-H15*G28 -> -9000 | J28: =F28 -> - | K28: =C28 -> 0.1 | L28: =-L15*K28 -> -9000
B29: - | C29: 0.275 | D29: =D28*C29 -> -2475 | F29: =B29 -> - | G29: =C29 -> 0.275 | H29: =H28*G29 -> -2475
B30: - | C30: 0.02 | D30: =-D15*C30 -> -1800 | F30: =B30 -> - | G30: =C30 -> 0.02 | H30: =-H15*G30 -> -1800 | J30: =F30 -> - | K30: =C30 -> 0.02 | L30: =-L15*K30 -> -1800
B31: = | C31: Lucro Líquido | D31: =SUM(D27:D30) -> 10012.5 | F31: =B31 -> = | G31: Lucro Líquido | H31: =SUM(H27:H30) -> 8640
G32: Base de cálculo do Lucro Presumido CSLL
C33: 0.09 | D33: =-IF($D$31*C33>0,$D$31*C33,0) -> -901.125 | G33: 0.12 | H33: =H15*G33 -> 10800
C34: 0.15 | D34: =-IF($D$31*C34>0,$D$31*C34,0) -> -1501.875 | G34: 0.09 | H34: =-H33*G34 -> -972
D35: =SUM(D31:D34) -> 7609.5 | G35: Base de cálculo do Lucro Presumido IR | K35: Encargos Fiscais (Anexo II do Simples)
C36: 0.1 | G36: 0.08 | H36: =H15*G36 -> 7200 | K36: =VLOOKUP($L$16,'Anexos Simples'!$A$2:$G$21,4) -> 0.045 | L36: =-L15*K36 -> -4050
C37: 12 | D37: =-IF(D31>20000*C37,(D31-20000*C37)*C36,0) -> 0 | G37: =C34 -> 0.15 | H37: =-H36*G37 -> -1080
G38: 0.1
G39: =C37 -> 12 | H39: =-IF(H36>20000*G39,(H36-20000*G39)*G38,0) -> 0
C40: Lucro Real | D40: =SUM(D35:D37) -> 7609.5 | G40: Lucro Presumido | H40: =H31+H34+H37+H39 -> 6588 | K40: Lucro: Simples | L40: =L15+L21+L26+L28+L30+L36 -> 30150

Sheet Serviço III
A1: PLANILHA COMPARATIVA TRIBUTÁRIA - LUCRO REAL X LUCRO PRESUMIDO X SIMPLES NACIONAL - SERVIÇOS E LOCAÇÃO (ANEXO III)
D2: Aviso de Desbloqueio
G3: =-SUM(D16,D17,D18,D23,D27,D28,D31) -> 17676
G4: =-SUM(H16,H17,H18,H23,H28,H31,H33) -> 17172
G5: =-L30 -> 5400
B11: Para simulação: Digite nas Células Destacadas
C13: LUCRO REAL | D13: Em Reais (R$) | G13: LUCRO PRESUMIDO | H13: Em Reais (R$) | K13: SIMPLES NACIONAL | L13: Em Reais (R$) | N13: Receita Bruta Mensal
N14: Simples Nacional
C15: Receita Bruta | D15: ='Comércio I'!D15 -> 90000 | G15: =C15 -> Receita Bruta | H15: =D15 -> 90000 | K15: Receita Bruta (limite de 200 mil + 20%) | L15: =H15 -> 90000 | M15: 1 | N15: Janeiro | O15: ='Comércio I'!O15 -> 7500
C16: 0.05 | D16: =-$D$15*C16 -> -4500 | G16: =C16 -> 0.05 | H16: =-$H$15*G16 -> -4500 | K16: Em 12 meses (Anual Acumulado) | L16: =SUM(O15:O26) -> 90000 | M16: 2 | N16: Fevereiro | O16: ='Comércio I'!O16 -> 7500
C17: 0.0165 | D17: =-$D$15*C17 -> -1485 | G17: 0.0065 | H17: =-$H$15*G17 -> -585 | M17: 3 | N17: Março | O17: ='Comércio I'!O17 -> 7500
C18: 0.076 | D18: =-$D$15*C18 -> -6840 | G18: 0.03 | H18: =-$H$15*G18 -> -2700 | M18: 4 | N18: Abril | O18: ='Comércio I'!O18 -> 7500
B19: = | C19: Receita Líquida | D19: =SUM(D15:D18) -> 77175 | F19: =B19 -> = | G19: =C19 -> Receita Líquida | H19: =SUM(H15:H18) -> 82215 | J19: =F19 -> = | K19: =G19 -> Receita Líquida | M19: 5 | N19: Maio | O19: ='Comércio I'!O19 -> 7500
B20: - | C20: 0.6 | D20: =-D15*C20 -> -54000 | F20: =B20 -> - | G20: =C20 -> 0.6 | H20: =-H15*G20 -> -54000 | J20: =F20 -> - | K20: =G20 -> 0.6 | L20: =-L15*K20 -> -54000 | M20: 6 | N20: Junho | O20: ='Comércio I'!O20 -> 7500
B21: = | C21: Margem Bruta | D21: =SUM(D19:D20) -> 23175 | F21: =B21 -> = | G21: =C21 -> Margem Bruta | H21: =SUM(H19:H20) -> 28215 | J21: =F21 -> = | K21: =G21 -> Margem Bruta | M21: 7 | N21: Julho | O21: ='Comércio I'!O21 -> 7500
B22: - | C22: 0.1 | D22: =-D15*C22 -> -9000 | F22: =B22 -> - | G22: =C22 -> 0.1 | H22: =-H15*G22 -> -9000 | J22: =F22 -> - | K22: =C22 -> 0.1 | L22: =-L15*K22 -> -9000 | M22: 8 | N22: Agosto | O22: ='Comércio I'!O22 -> 7500
B23: - | C23: 0.275 | D23: =D22*C23 -> -2475 | F23: =B23 -> - | G23: =C23 -> 0.275 | H23: =H22*G23 -> -2475 | M23: 9 | N23: Setembro | O23: ='Comércio I'!O23 -> 7500
B24: - | C24: 0.02 | D24: =-D15*C24 -> -1800 | F24: =B24 -> - | G24: =C24 -> 0.02 | H24: =-H15*G24 -> -1800 | J24: =F24 -> - | K24: =C24 -> 0.02 | L24: =-L15*K24 -> -1800 | M24: 10 | N24: Outubro | O24: ='Comércio I'!O24 -> 7500
B25: = | C25: Lucro Líquido | D25: =SUM(D21:D24) -> 9900 | F25: =B25 -> = | G25: Lucro Líquido | H25: =SUM(H21:H24) -> 14940 | M25: 11 | N25: Novembro | O25: ='Comércio I'!O25 -> 7500
G26: Base de cálculo do Lucro Presumido CSLL | M26: 12 | N26: Dezembro | O26: ='Comércio I'!O26 -> 7500
C27: 0.09 | D27: =-IF($D$25*C27>0,$D$25*C27,0) -> -891 | G27: 0.32 | H27: =H15*G27 -> 28800
C28: 0.15 | D28: =-IF($D$25*C28>0,$D$25*C28,0) -> -1485 | G28: 0.09 | H28: =-H27*G28 -> -2592
D29: =SUM(D25:D28) -> 7524 | G29: Base de cálculo do Lucro Presumido IR | K29: Encargos Fiscais (Anexo III do Simples)
C30: 0.1 | G30: 0.32 | H30: =H15*G30 -> 28800 | K30: =VLOOKUP($L$16,'Anexos Simples'!$A$2:$G$21,5) -> 0.06 | L30: =-L15*K30 -> -5400
C31: 12 | D31: =-IF(D25>20000*C31,(D25-20000*C31)*C30,0) -> 0 | G31: =C28 -> 0.15 | H31: =-H30*G31 -> -4320
G32: 0.1
G33: =C31 -> 12 | H33: =IF(H30>20000*G33,(H30-20000*G33)*G32,0) -> 0
C34: Lucro Real | D34: =SUM(D29:D31) -> 7524 | G34: Lucro Presumido | H34: =H25-H28-H31-H33 -> 21852 | K34: Lucro: Simples | L34: =L15+L20+L22+L24+L30 -> 19800

Sheet Serviço IV
A1: PLANILHA COMPARATIVA TRIBUTÁRIA - LUCRO REAL X LUCRO PRESUMIDO X SIMPLES NACIONAL - SERVIÇOS (ANEXO IV)
D2: Aviso de Desbloqueio
G3: =-SUM(D16,D17,D18,D23,D27,D28,D31) -> 17676
G4: =-SUM(H16,H17,H18,H23,H28,H31,H33) -> 17172
G5: =-L30 -> 4050
B11: Para simulação: Digite nas Células Destacadas
C13: LUCRO REAL | D13: Em Reais (R$) | G13: LUCRO PRESUMIDO | H13: Em Reais (R$) | K13: SIMPLES NACIONAL | L13: Em Reais (R$) | N13: Receita Bruta Mensal
N14: Simples Nacional
C15: Receita Bruta | D15: ='Comércio I'!D15 -> 90000 | G15: =C15 -> Receita Bruta | H15: =D15 -> 90000 | K15: Receita Bruta (limite de 200 mil + 20%) | L15: =H15 -> 90000 | M15: 1 | N15: Janeiro | O15: ='Comércio I'!O15 -> 7500
C16: 0.05 | D16: =-$D$15*C16 -> -4500 | G16: =C16 -> 0.05 | H16: =-$H$15*G16 -> -4500 | K16: Em 12 meses (Anual Acumulado) | L16: =SUM(O15:O26) -> 90000 | M16: 2 | N16: Fevereiro | O16: ='Comércio I'!O16 -> 7500
C17: 0.0165 | D17: =-$D$15*C17 -> -1485 | G17: 0.0065 | H17: =-$H$15*G17 -> -585 | M17: 3 | N17: Março | O17: ='Comércio I'!O17 -> 7500
C18: 0.076 | D18: =-$D$15*C18 -> -6840 | G18: 0.03 | H18: =-$H$15*G18 -> -2700 | M18: 4 | N18: Abril | O18: ='Comércio I'!O18 -> 7500
B19: = | C19: Receita Líquida | D19: =SUM(D15:D18) -> 77175 | F19: =B19 -> = | G19: =C19 -> Receita Líquida | H19: =SUM(H15:H18) -> 82215 | J19: =B19 -> = | K19: =C19 -> Receita Líquida | M19: 5 | N19: Maio | O19: ='Comércio I'!O19 -> 7500
B20: - | C20: 0.6 | D20: =-D15*C20 -> -54000 | F20: =B20 -> - | G20: =C20 -> 0.6 | H20: =-H15*G20 -> -54000 | J20: =B20 -> - | K20: =C20 -> 0.6 | L20: =-L15*K20 -> -54000 | M20: 6 | N20: Junho | O20: ='Comércio I'!O20 -> 7500
B21: = | C21: Margem Bruta | D21: =SUM(D19:D20) -> 23175 | F21: =B21 -> = | G21: =C21 -> Margem Bruta | H21: =SUM(H19:H20) -> 28215 | J21: =B21 -> = | K21: =C21 -> Margem Bruta | M21: 7 | N21: Julho | O21: ='Comércio I'!O21 -> 7500
B22: - | C22: 0.1 | D22: =-D15*C22 -> -9000 | F22: =B22 -> - | G22: =C22 -> 0.1 | H22: =-H15*G22 -> -9000 | J22: =B22 -> - | K22: =C22 -> 0.1 | L22: =-L15*K22 -> -9000 | M22: 8 | N22: Agosto | O22: ='Comércio I'!O22 -> 7500
B23: - | C23: 0.275 | D23: =D22*C23 -> -2475 | F23: =B23 -> - | G23: =C23 -> 0.275 | H23: =H22*G23 -> -2475 | M23: 9 | N23: Setembro | O23: ='Comércio I'!O23 -> 7500
B24: - | C24: 0.02 | D24: =-D15*C24 -> -1800 | F24: =B24 -> - | G24: =C24 -> 0.02 | H24: =-H15*G24 -> -1800 | J24: =B24 -> - | K24: =C24 -> 0.02 | L24: =-L15*K24 -> -1800 | M24: 10 | N24: Outubro | O24: ='Comércio I'!O24 -> 7500
B25: = | C25: Lucro Líquido | D25: =SUM(D21:D24) -> 9900 | F25: =B25 -> = | G25: Lucro Líquido | H25: =SUM(H21:H24) -> 14940 | M25: 11 | N25: Novembro | O25: ='Comércio I'!O25 -> 7500
G26: Base de cálculo do Lucro Presumido CSLL | M26: 12 | N26: Dezembro | O26: ='Comércio I'!O26 -> 7500
C27: 0.09 | D27: =-IF($D$25*C27>0,$D$25*C27,0) -> -891 | G27: 0.32 | H27: =H15*G27 -> 28800
C28: 0.15 | D28: =-IF($D$25*C28>0,$D$25*C28,0) -> -1485 | G28: 0.09 | H28: =-H27*G28 -> -2592
D29: =SUM(D25:D28) -> 7524 | G29: Base de cálculo do Lucro Presumido IR | K29: Encargos Fiscais (anexo IV do Simples)
C30: 0.1 | G30: 0.32 | H30: =H15*G30 -> 28800 | K30: =VLOOKUP($L$16,'Anexos Simples'!$A$2:$G$21,6) -> 0.045 | L30: =-L15*K30 -> -4050
C31: 12 | D31: =-IF(D25>20000*C31,(D25-20000*C31)*C30,0) -> 0 | G31: =C28 -> 0.15 | H31: =-H30*G31 -> -4320
G32: 0.1
G33: =C31 -> 12 | H33: =IF(H30>20000*G33,(H30-20000*G33)*G32,0) -> 0
C34: Lucro Real | D34: =SUM(D29:D31) -> 7524 | G34: Lucro Presumido | H34: =H25-H28-H31-H33 -> 21852 | K34: Lucro: Simples | L34: =L15+L20+L22+L24+L30 -> 21150

Sheet Serviço VI
A1: PLANILHA COMPARATIVA TRIBUTÁRIA - LUCRO REAL X LUCRO PRESUMIDO X SIMPLES NACIONAL - SERVIÇOS (ANEXO VI)
D2: Aviso de Desbloqueio
G3: =-SUM(D16,D17,D18,D23,D27,D28,D31) -> 17676
G4: =-SUM(H16,H17,H18,H23,H28,H31,H33) -> 17172
G5: =-L30 -> 15237
B11: Para simulação: Digite nas Células Destacadas
C13: LUCRO REAL | D13: Em Reais (R$) | G13: LUCRO PRESUMIDO | H13: Em Reais (R$) | K13: SIMPLES NACIONAL | L13: Em Reais (R$) | N13: Receita Bruta Mensal
N14: Simples Nacional
C15: Receita Bruta | D15: ='Comércio I'!D15 -> 90000 | G15: =C15 -> Receita Bruta | H15: =D15 -> 90000 | K15: Receita Bruta (limite de 200 mil + 20%) | L15: =H15 -> 90000 | M15: 1 | N15: Janeiro | O15: ='Comércio I'!O15 -> 7500
C16: 0.05 | D16: =-$D$15*C16 -> -4500 | G16: =C16 -> 0.05 | H16: =-$H$15*G16 -> -4500 | K16: Em 12 meses (Anual Acumulado) | L16: =SUM(O15:O26) -> 90000 | M16: 2 | N16: Fevereiro | O16: ='Comércio I'!O16 -> 7500
C17: 0.0165 | D17: =-$D$15*C17 -> -1485 | G17: 0.0065 | H17: =-$H$15*G17 -> -585 | M17: 3 | N17: Março | O17: ='Comércio I'!O17 -> 7500
C18: 0.076 | D18: =-$D$15*C18 -> -6840 | G18: 0.03 | H18: =-$H$15*G18 -> -2700 | M18: 4 | N18: Abril | O18: ='Comércio I'!O18 -> 7500
B19: = | C19: Receita Líquida | D19: =SUM(D15:D18) -> 77175 | F19: =B19 -> = | G19: =C19 -> Receita Líquida | H19: =SUM(H15:H18) -> 82215 | J19: =B19 -> = | K19: =C19 -> Receita Líquida | M19: 5 | N19: Maio | O19: ='Comércio I'!O19 -> 7500
B20: - | C20: 0.6 | D20: =-D15*C20 -> -54000 | F20: =B20 -> - | G20: =C20 -> 0.6 | H20: =-H15*G20 -> -54000 | J20: =B20 -> - | K20: =C20 -> 0.6 | L20: =-L15*K20 -> -54000 | M20: 6 | N20: Junho | O20: ='Comércio I'!O20 -> 7500
B21: = | C21: Margem Bruta | D21: =SUM(D19:D20) -> 23175 | F21: =B21 -> = | G21: =C21 -> Margem Bruta | H21: =SUM(H19:H20) -> 28215 | J21: =B21 -> = | K21: =C21 -> Margem Bruta | M21: 7 | N21: Julho | O21: ='Comércio I'!O21 -> 7500
B22: - | C22: 0.1 | D22: =-D15*C22 -> -9000 | F22: =B22 -> - | G22: =C22 -> 0.1 | H22: =-H15*G22 -> -9000 | J22: =B22 -> - | K22: =C22 -> 0.1 | L22: =-L15*K22 -> -9000 | M22: 8 | N22: Agosto | O22: ='Comércio I'!O22 -> 7500
B23: - | C23: 0.275 | D23: =D22*C23 -> -2475 | F23: =B23 -> - | G23: =C23 -> 0.275 | H23: =H22*G23 -> -2475 | M23: 9 | N23: Setembro | O23: ='Comércio I'!O23 -> 7500
B24: - | C24: 0.02 | D24: =-D15*C24 -> -1800 | F24: =B24 -> - | G24: =C24 -> 0.02 | H24: =-H15*G24 -> -1800 | J24: =B24 -> - | K24: =C24 -> 0.02 | L24: =-L15*K24 -> -1800 | M24: 10 | N24: Outubro | O24: ='Comércio I'!O24 -> 7500
B25: = | C25: Lucro Líquido | D25: =SUM(D21:D24) -> 9900 | F25: =B25 -> = | G25: Lucro Líquido | H25: =SUM(H21:H24) -> 14940 | M25: 11 | N25: Novembro | O25: ='Comércio I'!O25 -> 7500
G26: Base de cálculo do Lucro Presumido CSLL | M26: 12 | N26: Dezembro | O26: ='Comércio I'!O26 -> 7500
C27: 0.09 | D27: =-IF($D$25*C27>0,$D$25*C27,0) -> -891 | G27: 0.32 | H27: =H15*G27 -> 28800
C28: 0.15 | D28: =-IF($D$25*C28>0,$D$25*C28,0) -> -1485 | G28: 0.09 | H28: =-H27*G28 -> -2592
D29: =SUM(D25:D28) -> 7524 | G29: Base de cálculo do Lucro Presumido IR | K29: Encargos Fiscais (Anexo VI do Simples)
C30: 0.1 | G30: 0.32 | H30: =H15*G30 -> 28800 | K30: =VLOOKUP($L$16,'Anexos Simples'!$A$2:$G$21,7) -> 0.1693 | L30: =-L15*K30 -> -15237
C31: 12 | D31: =-IF(D25>20000*C31,(D25-20000*C31)*C30,0) -> 0 | G31: =C28 -> 0.15 | H31: =-H30*G31 -> -4320
G32: 0.1
G33: =C31 -> 12 | H33: =IF(H30>20000*G33,(H30-20000*G33)*G32,0) -> 0
C34: Lucro Real | D34: =SUM(D29:D31) -> 7524 | G34: Lucro Presumido | H34: =H25-H28-H31-H33 -> 21852 | K34: Lucro: Simples | L34: =L15+L20++L22+L24+L30 -> 9963

Sheet Anexos Simples
A1: Receita | C1: Anexo I | D1: Anexo II | E1: Anexo II | F1: Anexo IV | G1: Anexo VI | I1: Obs:.
A2: 0 | B2: 180000 | C2: 0.04 | D2: 0.045 | E2: 0.06 | F2: 0.045 | G2: 0.1693
A3: =B2+0.01 -> 180000.01 | B3: 360000 | C3: 0.0547 | D3: 0.0597 | E3: 0.0821 | F3: 0.0654 | G3: 0.1772
A4: =B3+0.01 -> 360000.01 | B4: 540000 | C4: 0.0684 | D4: 0.0734 | E4: 0.1026 | F4: 0.077 | G4: 0.1843
A5: =B4+0.01 -> 540000.01 | B5: 720000 | C5: 0.0754 | D5: 0.0804 | E5: 0.1131 | F5: 0.0849 | G5: 0.1877
A6: =B5+0.01 -> 720000.01 | B6: 900000 | C6: 0.076 | D6: 0.081 | E6: 0.114 | F6: 0.0897 | G6: 0.1904
A7: =B6+0.01 -> 900000.01 | B7: 1080000 | C7: 0.0828 | D7: 0.0878 | E7: 0.1242 | F7: 0.0978 | G7: 0.1994
A8: =B7+0.01 -> 1080000 | B8: 1260000 | C8: 0.0836 | D8: 0.0886 | E8: 0.1254 | F8: 0.1026 | G8: 0.2034
A9: =B8+0.01 -> 1260000 | B9: 1440000 | C9: 0.0845 | D9: 0.0895 | E9: 0.1268 | F9: 0.1076 | G9: 0.2066
A10: =B9+0.01 -> 1440000 | B10: 1620000 | C10: 0.0903 | D10: 0.0953 | E10: 0.1355 | F10: 0.1151 | G10: 0.2117
A11: =B10+0.01 -> 1620000 | B11: 1800000 | C11: 0.0912 | D11: 0.0962 | E11: 0.1368 | F11: 0.12 | G11: 0.2138
A12: =B11+0.01 -> 1800000 | B12: 1980000 | C12: 0.0995 | D12: 0.1045 | E12: 0.1493 | F12: 0.128 | G12: 0.2186
A13: =B12+0.01 -> 1980000 | B13: 2160000 | C13: 0.1004 | D13: 0.1054 | E13: 0.1506 | F13: 0.1325 | G13: 0.2197
A14: =B13+0.01 -> 2160000 | B14: 2340000 | C14: 0.1013 | D14: 0.1063 | E14: 0.152 | F14: 0.137 | G14: 0.2206
... A21: =B20+0.01 -> 3420000 | B21: 3600000 | C21: 0.1161 | D21: 0.1211 | E21: 0.1742 | F21: 0.1685 | G21: 0.2245

Sheet Análise em Gráficos
A1: GRÁFICO COMPARATIVO TRIBUTÁRIO - LUCRO REAL X LUCRO PRESUMIDO X SIMPLES NACIONAL
C2: Aviso de Desbloqueio
B9: Função Contábil
F11: Tributos Comércio (ANEXO I) | G11: Tributos Industria (ANEXO II) | H11: Tributos Serviços (ANEXO III) | I11: Tributos Serviços (ANEXO IV) | J11: Tributos Serviços (ANEXO VI)
E12: Lucro Real | F12: ='Comércio I'!G3 -> 17847 | G12: ='Indústria II'!G3 -> 26590.5 | H12: ='Serviço III'!G3 -> 17676 | I12: ='Serviço IV'!G3 -> 17676 | J12: ='Serviço VI'!G3 -> 17676
E13: Lucro Presumido | F13: ='Comércio I'!G4 -> 17532 | G13: ='Indústria II'!G4 -> 27612 | H13: ='Serviço III'!G4 -> 17172 | I13: ='Serviço IV'!G4 -> 17172 | J13: ='Serviço VI'!G4 -> 17172
E14: Simples Nacional | F14: ='Comércio I'!G5 -> 3600 | G14: ='Indústria II'!G5 -> 4050 | H14: ='Serviço III'!G5 -> 5400 | I14: ='Serviço IV'!G5 -> 4050 | J14: ='Serviço VI'!G5 -> 15237
