Workbook

Sheet Início
A1: CONTROLE DE COMISSÕES DE VENDAS - INÍCIO

Sheet Cadastro
A1: CONTROLE DE COMISSÕES DE VENDAS - CADASTRO
A3: MÊS | B3: VENDEDOR | C3: VENDAS | D3: TAXA DE COMISSÃO FIXA (%) | E3: TAXA DE COMISSÃO VARIÁVEL (%) | F3: COMISSÃO(R$) | H3: POLÍTICA DE COMISSÃO VARIÁVEL
D4: =IF(B4<>"",VLOOKUP(B4,$I:$J,2,FALSE),"") | E4: =IF(C4<>"",IF(C4<$I$6,$J$6,IF(AND(C4>=$H$7,C4<$I$7),$J$7,IF(AND(C4>=$H$8,C4<$I$8),$J$8,IF(AND(C4>=$H$9,C4<$I$9),$J$9,IF(AND(C4>=$H$10,C4<$I$10),$J$10,IF(AND(C4>=$H$11,C4<$I$11),$J$11,IF(AND(C4>=$H$12,C4<$I$12),$J$12,IF(AND(C4>=$H$13,C4<$I$13),$J$13,IF(C4>=$H$14,$J$14,"")))))))))) -> FALSE | F4: =IF(AND(C4<>"",B4<>""),C4*D4+C4*E4,"") | H4: RECEITA DE VENDA | J4: TAXA DE COMISSÃO ADICIONAL (%)
D5: =IF(B5<>"",VLOOKUP(B5,$I:$J,2,FALSE),"") | E5: =IF(C5<>"",IF(C5<$I$6,$J$6,IF(AND(C5>=$H$7,C5<$I$7),$J$7,IF(AND(C5>=$H$8,C5<$I$8),$J$8,IF(AND(C5>=$H$9,C5<$I$9),$J$9,IF(AND(C5>=$H$10,C5<$I$10),$J$10,IF(AND(C5>=$H$11,C5<$I$11),$J$11,IF(AND(C5>=$H$12,C5<$I$12),$J$12,IF(AND(C5>=$H$13,C5<$I$13),$J$13,IF(C5>=$H$14,$J$14,"")))))))))) -> FALSE | F5: =IF(AND(C5<>"",B5<>""),C5*D5+C5*E5,"") | H5: DE | I5: ATÉ
D6: =IF(B6<>"",VLOOKUP(B6,$I:$J,2,FALSE),"") | E6: =IF(C6<>"",IF(C6<$I$6,$J$6,IF(AND(C6>=$H$7,C6<$I$7),$J$7,IF(AND(C6>=$H$8,C6<$I$8),$J$8,IF(AND(C6>=$H$9,C6<$I$9),$J$9,IF(AND(C6>=$H$10,C6<$I$10),$J$10,IF(AND(C6>=$H$11,C6<$I$11),$J$11,IF(AND(C6>=$H$12,C6<$I$12),$J$12,IF(AND(C6>=$H$13,C6<$I$13),$J$13,IF(C6>=$H$14,$J$14,"")))))))))) -> FALSE | F6: =IF(AND(C6<>"",B6<>""),C6*D6+C6*E6,"")
D7: =IF(B7<>"",VLOOKUP(B7,$I:$J,2,FALSE),"") | E7: =IF(C7<>"",IF(C7<$I$6,$J$6,IF(AND(C7>=$H$7,C7<$I$7),$J$7,IF(AND(C7>=$H$8,C7<$I$8),$J$8,IF(AND(C7>=$H$9,C7<$I$9),$J$9,IF(AND(C7>=$H$10,C7<$I$10),$J$10,IF(AND(C7>=$H$11,C7<$I$11),$J$11,IF(AND(C7>=$H$12,C7<$I$12),$J$12,IF(AND(C7>=$H$13,C7<$I$13),$J$13,IF(C7>=$H$14,$J$14,"")))))))))) -> FALSE | F7: =IF(AND(C7<>"",B7<>""),C7*D7+C7*E7,"")
D8: =IF(B8<>"",VLOOKUP(B8,$I:$J,2,FALSE),"") | E8: =IF(C8<>"",IF(C8<$I$6,$J$6,IF(AND(C8>=$H$7,C8<$I$7),$J$7,IF(AND(C8>=$H$8,C8<$I$8),$J$8,IF(AND(C8>=$H$9,C8<$I$9),$J$9,IF(AND(C8>=$H$10,C8<$I$10),$J$10,IF(AND(C8>=$H$11,C8<$I$11),$J$11,IF(AND(C8>=$H$12,C8<$I$12),$J$12,IF(AND(C8>=$H$13,C8<$I$13),$J$13,IF(C8>=$H$14,$J$14,"")))))))))) -> FALSE | F8: =IF(AND(C8<>"",B8<>""),C8*D8+C8*E8,"")
D9: =IF(B9<>"",VLOOKUP(B9,$I:$J,2,FALSE),"") | E9: =IF(C9<>"",IF(C9<$I$6,$J$6,IF(AND(C9>=$H$7,C9<$I$7),$J$7,IF(AND(C9>=$H$8,C9<$I$8),$J$8,IF(AND(C9>=$H$9,C9<$I$9),$J$9,IF(AND(C9>=$H$10,C9<$I$10),$J$10,IF(AND(C9>=$H$11,C9<$I$11),$J$11,IF(AND(C9>=$H$12,C9<$I$12),$J$12,IF(AND(C9>=$H$13,C9<$I$13),$J$13,IF(C9>=$H$14,$J$14,"")))))))))) -> FALSE | F9: =IF(AND(C9<>"",B9<>""),C9*D9+C9*E9,"")
D10: =IF(B10<>"",VLOOKUP(B10,$I:$J,2,FALSE),"") | E10: =IF(C10<>"",IF(C10<$I$6,$J$6,IF(AND(C10>=$H$7,C10<$I$7),$J$7,IF(AND(C10>=$H$8,C10<$I$8),$J$8,IF(AND(C10>=$H$9,C10<$I$9),$J$9,IF(AND(C10>=$H$10,C10<$I$10),$J$10,IF(AND(C10>=$H$11,C10<$I$11),$J$11,IF(AND(C10>=$H$12,C10<$I$12),$J$12,IF(AND(C10>=$H$13,C10<$I$13),$J$13,IF(C10>=$H$14,$J$14,"")))))))))) -> FALSE | F10: =IF(AND(C10<>"",B10<>""),C10*D10+C10*E10,"")
D11: =IF(B11<>"",VLOOKUP(B11,$I:$J,2,FALSE),"") | E11: =IF(C11<>"",IF(C11<$I$6,$J$6,IF(AND(C11>=$H$7,C11<$I$7),$J$7,IF(AND(C11>=$H$8,C11<$I$8),$J$8,IF(AND(C11>=$H$9,C11<$I$9),$J$9,IF(AND(C11>=$H$10,C11<$I$10),$J$10,IF(AND(C11>=$H$11,C11<$I$11),$J$11,IF(AND(C11>=$H$12,C11<$I$12),$J$12,IF(AND(C11>=$H$13,C11<$I$13),$J$13,IF(C11>=$H$14,$J$14,"")))))))))) -> FALSE | F11: =IF(AND(C11<>"",B11<>""),C11*D11+C11*E11,"")
D12: =IF(B12<>"",VLOOKUP(B12,$I:$J,2,FALSE),"") | E12: =IF(C12<>"",IF(C12<$I$6,$J$6,IF(AND(C12>=$H$7,C12<$I$7),$J$7,IF(AND(C12>=$H$8,C12<$I$8),$J$8,IF(AND(C12>=$H$9,C12<$I$9),$J$9,IF(AND(C12>=$H$10,C12<$I$10),$J$10,IF(AND(C12>=$H$11,C12<$I$11),$J$11,IF(AND(C12>=$H$12,C12<$I$12),$J$12,IF(AND(C12>=$H$13,C12<$I$13),$J$13,IF(C12>=$H$14,$J$14,"")))))))))) -> FALSE | F12: =IF(AND(C12<>"",B12<>""),C12*D12+C12*E12,"")
D13: =IF(B13<>"",VLOOKUP(B13,$I:$J,2,FALSE),"") | E13: =IF(C13<>"",IF(C13<$I$6,$J$6,IF(AND(C13>=$H$7,C13<$I$7),$J$7,IF(AND(C13>=$H$8,C13<$I$8),$J$8,IF(AND(C13>=$H$9,C13<$I$9),$J$9,IF(AND(C13>=$H$10,C13<$I$10),$J$10,IF(AND(C13>=$H$11,C13<$I$11),$J$11,IF(AND(C13>=$H$12,C13<$I$12),$J$12,IF(AND(C13>=$H$13,C13<$I$13),$J$13,IF(C13>=$H$14,$J$14,"")))))))))) -> FALSE | F13: =IF(AND(C13<>"",B13<>""),C13*D13+C13*E13,"")
D14: =IF(B14<>"",VLOOKUP(B14,$I:$J,2,FALSE),"") | E14: =IF(C14<>"",IF(C14<$I$6,$J$6,IF(AND(C14>=$H$7,C14<$I$7),$J$7,IF(AND(C14>=$H$8,C14<$I$8),$J$8,IF(AND(C14>=$H$9,C14<$I$9),$J$9,IF(AND(C14>=$H$10,C14<$I$10),$J$10,IF(AND(C14>=$H$11,C14<$I$11),$J$11,IF(AND(C14>=$H$12,C14<$I$12),$J$12,IF(AND(C14>=$H$13,C14<$I$13),$J$13,IF(C14>=$H$14,$J$14,"")))))))))) -> FALSE | F14: =IF(AND(C14<>"",B14<>""),C14*D14+C14*E14,"")
D15: =IF(B15<>"",VLOOKUP(B15,$I:$J,2,FALSE),"") | E15: =IF(C15<>"",IF(C15<$I$6,$J$6,IF(AND(C15>=$H$7,C15<$I$7),$J$7,IF(AND(C15>=$H$8,C15<$I$8),$J$8,IF(AND(C15>=$H$9,C15<$I$9),$J$9,IF(AND(C15>=$H$10,C15<$I$10),$J$10,IF(AND(C15>=$H$11,C15<$I$11),$J$11,IF(AND(C15>=$H$12,C15<$I$12),$J$12,IF(AND(C15>=$H$13,C15<$I$13),$J$13,IF(C15>=$H$14,$J$14,"")))))))))) -> FALSE | F15: =IF(AND(C15<>"",B15<>""),C15*D15+C15*E15,"")
D16: =IF(B16<>"",VLOOKUP(B16,$I:$J,2,FALSE),"") | E16: =IF(C16<>"",IF(C16<$I$6,$J$6,IF(AND(C16>=$H$7,C16<$I$7),$J$7,IF(AND(C16>=$H$8,C16<$I$8),$J$8,IF(AND(C16>=$H$9,C16<$I$9),$J$9,IF(AND(C16>=$H$10,C16<$I$10),$J$10,IF(AND(C16>=$H$11,C16<$I$11),$J$11,IF(AND(C16>=$H$12,C16<$I$12),$J$12,IF(AND(C16>=$H$13,C16<$I$13),$J$13,IF(C16>=$H$14,$J$14,"")))))))))) -> FALSE | F16: =IF(AND(C16<>"",B16<>""),C16*D16+C16*E16,"")
D17: =IF(B17<>"",VLOOKUP(B17,$I:$J,2,FALSE),"") | E17: =IF(C17<>"",IF(C17<$I$6,$J$6,IF(AND(C17>=$H$7,C17<$I$7),$J$7,IF(AND(C17>=$H$8,C17<$I$8),$J$8,IF(AND(C17>=$H$9,C17<$I$9),$J$9,IF(AND(C17>=$H$10,C17<$I$10),$J$10,IF(AND(C17>=$H$11,C17<$I$11),$J$11,IF(AND(C17>=$H$12,C17<$I$12),$J$12,IF(AND(C17>=$H$13,C17<$I$13),$J$13,IF(C17>=$H$14,$J$14,"")))))))))) -> FALSE | F17: =IF(AND(C17<>"",B17<>""),C17*D17+C17*E17,"")
D18: =IF(B18<>"",VLOOKUP(B18,$I:$J,2,FALSE),"") | E18: =IF(C18<>"",IF(C18<$I$6,$J$6,IF(AND(C18>=$H$7,C18<$I$7),$J$7,IF(AND(C18>=$H$8,C18<$I$8),$J$8,IF(AND(C18>=$H$9,C18<$I$9),$J$9,IF(AND(C18>=$H$10,C18<$I$10),$J$10,IF(AND(C18>=$H$11,C18<$I$11),$J$11,IF(AND(C18>=$H$12,C18<$I$12),$J$12,IF(AND(C18>=$H$13,C18<$I$13),$J$13,IF(C18>=$H$14,$J$14,"")))))))))) -> FALSE | F18: =IF(AND(C18<>"",B18<>""),C18*D18+C18*E18,"") | I18: VENDEDOR | J18: COMISSÃO FIXA (% DAS VENDAS)
D19: =IF(B19<>"",VLOOKUP(B19,$I:$J,2,FALSE),"") | E19: =IF(C19<>"",IF(C19<$I$6,$J$6,IF(AND(C19>=$H$7,C19<$I$7),$J$7,IF(AND(C19>=$H$8,C19<$I$8),$J$8,IF(AND(C19>=$H$9,C19<$I$9),$J$9,IF(AND(C19>=$H$10,C19<$I$10),$J$10,IF(AND(C19>=$H$11,C19<$I$11),$J$11,IF(AND(C19>=$H$12,C19<$I$12),$J$12,IF(AND(C19>=$H$13,C19<$I$13),$J$13,IF(C19>=$H$14,$J$14,"")))))))))) -> FALSE | F19: =IF(AND(C19<>"",B19<>""),C19*D19+C19*E19,"")
D20: =IF(B20<>"",VLOOKUP(B20,$I:$J,2,FALSE),"") | E20: =IF(C20<>"",IF(C20<$I$6,$J$6,IF(AND(C20>=$H$7,C20<$I$7),$J$7,IF(AND(C20>=$H$8,C20<$I$8),$J$8,IF(AND(C20>=$H$9,C20<$I$9),$J$9,IF(AND(C20>=$H$10,C20<$I$10),$J$10,IF(AND(C20>=$H$11,C20<$I$11),$J$11,IF(AND(C20>=$H$12,C20<$I$12),$J$12,IF(AND(C20>=$H$13,C20<$I$13),$J$13,IF(C20>=$H$14,$J$14,"")))))))))) -> FALSE | F20: =IF(AND(C20<>"",B20<>""),C20*D20+C20*E20,"")
D21: =IF(B21<>"",VLOOKUP(B21,$I:$J,2,FALSE),"") | E21: =IF(C21<>"",IF(C21<$I$6,$J$6,IF(AND(C21>=$H$7,C21<$I$7),$J$7,IF(AND(C21>=$H$8,C21<$I$8),$J$8,IF(AND(C21>=$H$9,C21<$I$9),$J$9,IF(AND(C21>=$H$10,C21<$I$10),$J$10,IF(AND(C21>=$H$11,C21<$I$11),$J$11,IF(AND(C21>=$H$12,C21<$I$12),$J$12,IF(AND(C21>=$H$13,C21<$I$13),$J$13,IF(C21>=$H$14,$J$14,"")))))))))) -> FALSE | F21: =IF(AND(C21<>"",B21<>""),C21*D21+C21*E21,"")
D22: =IF(B22<>"",VLOOKUP(B22,$I:$J,2,FALSE),"") | E22: =IF(C22<>"",IF(C22<$I$6,$J$6,IF(AND(C22>=$H$7,C22<$I$7),$J$7,IF(AND(C22>=$H$8,C22<$I$8),$J$8,IF(AND(C22>=$H$9,C22<$I$9),$J$9,IF(AND(C22>=$H$10,C22<$I$10),$J$10,IF(AND(C22>=$H$11,C22<$I$11),$J$11,IF(AND(C22>=$H$12,C22<$I$12),$J$12,IF(AND(C22>=$H$13,C22<$I$13),$J$13,IF(C22>=$H$14,$J$14,"")))))))))) -> FALSE | F22: =IF(AND(C22<>"",B22<>""),C22*D22+C22*E22,"")
D23: =IF(B23<>"",VLOOKUP(B23,$I:$J,2,FALSE),"") | E23: =IF(C23<>"",IF(C23<$I$6,$J$6,IF(AND(C23>=$H$7,C23<$I$7),$J$7,IF(AND(C23>=$H$8,C23<$I$8),$J$8,IF(AND(C23>=$H$9,C23<$I$9),$J$9,IF(AND(C23>=$H$10,C23<$I$10),$J$10,IF(AND(C23>=$H$11,C23<$I$11),$J$11,IF(AND(C23>=$H$12,C23<$I$12),$J$12,IF(AND(C23>=$H$13,C23<$I$13),$J$13,IF(C23>=$H$14,$J$14,"")))))))))) -> FALSE | F23: =IF(AND(C23<>"",B23<>""),C23*D23+C23*E23,"")
D24: =IF(B24<>"",VLOOKUP(B24,$I:$J,2,FALSE),"") | E24: =IF(C24<>"",IF(C24<$I$6,$J$6,IF(AND(C24>=$H$7,C24<$I$7),$J$7,IF(AND(C24>=$H$8,C24<$I$8),$J$8,IF(AND(C24>=$H$9,C24<$I$9),$J$9,IF(AND(C24>=$H$10,C24<$I$10),$J$10,IF(AND(C24>=$H$11,C24<$I$11),$J$11,IF(AND(C24>=$H$12,C24<$I$12),$J$12,IF(AND(C24>=$H$13,C24<$I$13),$J$13,IF(C24>=$H$14,$J$14,"")))))))))) -> FALSE | F24: =IF(AND(C24<>"",B24<>""),C24*D24+C24*E24,"")
D25: =IF(B25<>"",VLOOKUP(B25,$I:$J,2,FALSE),"") | E25: =IF(C25<>"",IF(C25<$I$6,$J$6,IF(AND(C25>=$H$7,C25<$I$7),$J$7,IF(AND(C25>=$H$8,C25<$I$8),$J$8,IF(AND(C25>=$H$9,C25<$I$9),$J$9,IF(AND(C25>=$H$10,C25<$I$10),$J$10,IF(AND(C25>=$H$11,C25<$I$11),$J$11,IF(AND(C25>=$H$12,C25<$I$12),$J$12,IF(AND(C25>=$H$13,C25<$I$13),$J$13,IF(C25>=$H$14,$J$14,"")))))))))) -> FALSE | F25: =IF(AND(C25<>"",B25<>""),C25*D25+C25*E25,"")
D26: =IF(B26<>"",VLOOKUP(B26,$I:$J,2,FALSE),"") | E26: =IF(C26<>"",IF(C26<$I$6,$J$6,IF(AND(C26>=$H$7,C26<$I$7),$J$7,IF(AND(C26>=$H$8,C26<$I$8),$J$8,IF(AND(C26>=$H$9,C26<$I$9),$J$9,IF(AND(C26>=$H$10,C26<$I$10),$J$10,IF(AND(C26>=$H$11,C26<$I$11),$J$11,IF(AND(C26>=$H$12,C26<$I$12),$J$12,IF(AND(C26>=$H$13,C26<$I$13),$J$13,IF(C26>=$H$14,$J$14,"")))))))))) -> FALSE | F26: =IF(AND(C26<>"",B26<>""),C26*D26+C26*E26,"")
D27: =IF(B27<>"",VLOOKUP(B27,$I:$J,2,FALSE),"") | E27: =IF(C27<>"",IF(C27<$I$6,$J$6,IF(AND(C27>=$H$7,C27<$I$7),$J$7,IF(AND(C27>=$H$8,C27<$I$8),$J$8,IF(AND(C27>=$H$9,C27<$I$9),$J$9,IF(AND(C27>=$H$10,C27<$I$10),$J$10,IF(AND(C27>=$H$11,C27<$I$11),$J$11,IF(AND(C27>=$H$12,C27<$I$12),$J$12,IF(AND(C27>=$H$13,C27<$I$13),$J$13,IF(C27>=$H$14,$J$14,"")))))))))) -> FALSE | F27: =IF(AND(C27<>"",B27<>""),C27*D27+C27*E27,"")
D28: =IF(B28<>"",VLOOKUP(B28,$I:$J,2,FALSE),"") | E28: =IF(C28<>"",IF(C28<$I$6,$J$6,IF(AND(C28>=$H$7,C28<$I$7),$J$7,IF(AND(C28>=$H$8,C28<$I$8),$J$8,IF(AND(C28>=$H$9,C28<$I$9),$J$9,IF(AND(C28>=$H$10,C28<$I$10),$J$10,IF(AND(C28>=$H$11,C28<$I$11),$J$11,IF(AND(C28>=$H$12,C28<$I$12),$J$12,IF(AND(C28>=$H$13,C28<$I$13),$J$13,IF(C28>=$H$14,$J$14,"")))))))))) -> FALSE | F28: =IF(AND(C28<>"",B28<>""),C28*D28+C28*E28,"")
D29: =IF(B29<>"",VLOOKUP(B29,$I:$J,2,FALSE),"") | E29: =IF(C29<>"",IF(C29<$I$6,$J$6,IF(AND(C29>=$H$7,C29<$I$7),$J$7,IF(AND(C29>=$H$8,C29<$I$8),$J$8,IF(AND(C29>=$H$9,C29<$I$9),$J$9,IF(AND(C29>=$H$10,C29<$I$10),$J$10,IF(AND(C29>=$H$11,C29<$I$11),$J$11,IF(AND(C29>=$H$12,C29<$I$12),$J$12,IF(AND(C29>=$H$13,C29<$I$13),$J$13,IF(C29>=$H$14,$J$14,"")))))))))) -> FALSE | F29: =IF(AND(C29<>"",B29<>""),C29*D29+C29*E29,"")
D30: =IF(B30<>"",VLOOKUP(B30,$I:$J,2,FALSE),"") | E30: =IF(C30<>"",IF(C30<$I$6,$J$6,IF(AND(C30>=$H$7,C30<$I$7),$J$7,IF(AND(C30>=$H$8,C30<$I$8),$J$8,IF(AND(C30>=$H$9,C30<$I$9),$J$9,IF(AND(C30>=$H$10,C30<$I$10),$J$10,IF(AND(C30>=$H$11,C30<$I$11),$J$11,IF(AND(C30>=$H$12,C30<$I$12),$J$12,IF(AND(C30>=$H$13,C30<$I$13),$J$13,IF(C30>=$H$14,$J$14,"")))))))))) -> FALSE | F30: =IF(AND(C30<>"",B30<>""),C30*D30+C30*E30,"")
... D400: =IF(B400<>"",VLOOKUP(B400,$I:$J,2,FALSE),"") | E400: =IF(C400<>"",IF(C400<$I$6,$J$6,IF(AND(C400>=$H$7,C400<$I$7),$J$7,IF(AND(C400>=$H$8,C400<$I$8),$J$8,IF(AND(C400>=$H$9,C400<$I$9),$J$9,IF(AND(C400>=$H$10,C400<$I$10),$J$10,IF(AND(C400>=$H$11,C400<$I$11),$J$11,IF(AND(C400>=$H$12,C400<$I$12),$J$12,IF(AND(C400>=$H$13,C400<$I$13),$J$13,IF(C400>=$H$14,$J$14,"")))))))))) -> FALSE | F400: =IF(AND(C400<>"",B400<>""),C400*D400+C400*E400,"")

Sheet Resumo
A1: CONTROLE DE COMISSÕES DE VENDAS - RESUMO
B3: JANEIRO | C3: FEVEREIRO | D3: MARÇO | E3: ABRIL | F3: MAIO | G3: JUNHO | H3: JULHO | I3: AGOSTO | J3: SETEMBRO | K3: OUTUBRO | L3: NOVEMBRO | M3: DEZEMBRO | N3: TOTAL
A4: RECEITA DE VENDAS | B4: =SUMIF(Cadastro!$A:$A,B3,Cadastro!$C:$C) -> 0 | C4: =SUMIF(Cadastro!$A:$A,C3,Cadastro!$C:$C) -> 0 | D4: =SUMIF(Cadastro!$A:$A,D3,Cadastro!$C:$C) -> 0 | E4: =SUMIF(Cadastro!$A:$A,E3,Cadastro!$C:$C) -> 0 | F4: =SUMIF(Cadastro!$A:$A,F3,Cadastro!$C:$C) -> 0 | G4: =SUMIF(Cadastro!$A:$A,G3,Cadastro!$C:$C) -> 0 | H4: =SUMIF(Cadastro!$A:$A,H3,Cadastro!$C:$C) -> 0 | I4: =SUMIF(Cadastro!$A:$A,I3,Cadastro!$C:$C) -> 0 | ... M4: =SUMIF(Cadastro!$A:$A,M3,Cadastro!$C:$C) -> 0 | N4: =SUM(B4:M4) -> 0
A5: VENDEDOR | B5: COMISSÃO POR VENDEDOR | N5: ACUMULADO
A6: =IF(Cadastro!I19<>"", Cadastro!I19, "") | B6: =IF(A6<>"", SUMIFS(Cadastro!$F:$F,Cadastro!$A:$A,B$3,Cadastro!$B:$B,$A6), "") | C6: =IF(B6<>"", SUMIFS(Cadastro!$F:$F,Cadastro!$A:$A,C$3,Cadastro!$B:$B,$A6), "") | D6: =IF(C6<>"", SUMIFS(Cadastro!$F:$F,Cadastro!$A:$A,D$3,Cadastro!$B:$B,$A6), "") | E6: =IF(D6<>"", SUMIFS(Cadastro!$F:$F,Cadastro!$A:$A,E$3,Cadastro!$B:$B,$A6), "") | F6: =IF(E6<>"", SUMIFS(Cadastro!$F:$F,Cadastro!$A:$A,F$3,Cadastro!$B:$B,$A6), "") | G6: =IF(F6<>"", SUMIFS(Cadastro!$F:$F,Cadastro!$A:$A,G$3,Cadastro!$B:$B,$A6), "") | H6: =IF(G6<>"", SUMIFS(Cadastro!$F:$F,Cadastro!$A:$A,H$3,Cadastro!$B:$B,$A6), "") | I6: =IF(H6<>"", SUMIFS(Cadastro!$F:$F,Cadastro!$A:$A,I$3,Cadastro!$B:$B,$A6), "") | ... M6: =IF(L6<>"", SUMIFS(Cadastro!$F:$F,Cadastro!$A:$A,M$3,Cadastro!$B:$B,$A6), "") | N6: =SUM(B6:M6) -> 0
A7: =IF(Cadastro!I20<>"", Cadastro!I20, "") | B7: =IF(A7<>"", SUMIFS(Cadastro!$F:$F,Cadastro!$A:$A,B$3,Cadastro!$B:$B,$A7), "") | C7: =IF(B7<>"", SUMIFS(Cadastro!$F:$F,Cadastro!$A:$A,C$3,Cadastro!$B:$B,$A7), "") | D7: =IF(C7<>"", SUMIFS(Cadastro!$F:$F,Cadastro!$A:$A,D$3,Cadastro!$B:$B,$A7), "") | E7: =IF(D7<>"", SUMIFS(Cadastro!$F:$F,Cadastro!$A:$A,E$3,Cadastro!$B:$B,$A7), "") | F7: =IF(E7<>"", SUMIFS(Cadastro!$F:$F,Cadastro!$A:$A,F$3,Cadastro!$B:$B,$A7), "") | G7: =IF(F7<>"", SUMIFS(Cadastro!$F:$F,Cadastro!$A:$A,G$3,Cadastro!$B:$B,$A7), "") | H7: =IF(G7<>"", SUMIFS(Cadastro!$F:$F,Cadastro!$A:$A,H$3,Cadastro!$B:$B,$A7), "") | I7: =IF(H7<>"", SUMIFS(Cadastro!$F:$F,Cadastro!$A:$A,I$3,Cadastro!$B:$B,$A7), "") | ... M7: =IF(L7<>"", SUMIFS(Cadastro!$F:$F,Cadastro!$A:$A,M$3,Cadastro!$B:$B,$A7), "") | N7: =SUM(B7:M7) -> 0
A8: =IF(Cadastro!I21<>"", Cadastro!I21, "") | B8: =IF(A8<>"", SUMIFS(Cadastro!$F:$F,Cadastro!$A:$A,B$3,Cadastro!$B:$B,$A8), "") | C8: =IF(B8<>"", SUMIFS(Cadastro!$F:$F,Cadastro!$A:$A,C$3,Cadastro!$B:$B,$A8), "") | D8: =IF(C8<>"", SUMIFS(Cadastro!$F:$F,Cadastro!$A:$A,D$3,Cadastro!$B:$B,$A8), "") | E8: =IF(D8<>"", SUMIFS(Cadastro!$F:$F,Cadastro!$A:$A,E$3,Cadastro!$B:$B,$A8), "") | F8: =IF(E8<>"", SUMIFS(Cadastro!$F:$F,Cadastro!$A:$A,F$3,Cadastro!$B:$B,$A8), "") | G8: =IF(F8<>"", SUMIFS(Cadastro!$F:$F,Cadastro!$A:$A,G$3,Cadastro!$B:$B,$A8), "") | H8: =IF(G8<>"", SUMIFS(Cadastro!$F:$F,Cadastro!$A:$A,H$3,Cadastro!$B:$B,$A8), "") | I8: =IF(H8<>"", SUMIFS(Cadastro!$F:$F,Cadastro!$A:$A,I$3,Cadastro!$B:$B,$A8), "") | ... M8: =IF(L8<>"", SUMIFS(Cadastro!$F:$F,Cadastro!$A:$A,M$3,Cadastro!$B:$B,$A8), "") | N8: =SUM(B8:M8) -> 0
A9: =IF(Cadastro!I22<>"", Cadastro!I22, "") | B9: =IF(A9<>"", SUMIFS(Cadastro!$F:$F,Cadastro!$A:$A,B$3,Cadastro!$B:$B,$A9), "") | C9: =IF(B9<>"", SUMIFS(Cadastro!$F:$F,Cadastro!$A:$A,C$3,Cadastro!$B:$B,$A9), "") | D9: =IF(C9<>"", SUMIFS(Cadastro!$F:$F,Cadastro!$A:$A,D$3,Cadastro!$B:$B,$A9), "") | E9: =IF(D9<>"", SUMIFS(Cadastro!$F:$F,Cadastro!$A:$A,E$3,Cadastro!$B:$B,$A9), "") | F9: =IF(E9<>"", SUMIFS(Cadastro!$F:$F,Cadastro!$A:$A,F$3,Cadastro!$B:$B,$A9), "") | G9: =IF(F9<>"", SUMIFS(Cadastro!$F:$F,Cadastro!$A:$A,G$3,Cadastro!$B:$B,$A9), "") | H9: =IF(G9<>"", SUMIFS(Cadastro!$F:$F,Cadastro!$A:$A,H$3,Cadastro!$B:$B,$A9), "") | I9: =IF(H9<>"", SUMIFS(Cadastro!$F:$F,Cadastro!$A:$A,I$3,Cadastro!$B:$B,$A9), "") | ... M9: =IF(L9<>"", SUMIFS(Cadastro!$F:$F,Cadastro!$A:$A,M$3,Cadastro!$B:$B,$A9), "") | N9: =SUM(B9:M9) -> 0
A10: =IF(Cadastro!I23<>"", Cadastro!I23, "") | B10: =IF(A10<>"", SUMIFS(Cadastro!$F:$F,Cadastro!$A:$A,B$3,Cadastro!$B:$B,$A10), "") | C10: =IF(B10<>"", SUMIFS(Cadastro!$F:$F,Cadastro!$A:$A,C$3,Cadastro!$B:$B,$A10), "") | D10: =IF(C10<>"", SUMIFS(Cadastro!$F:$F,Cadastro!$A:$A,D$3,Cadastro!$B:$B,$A10), "") | E10: =IF(D10<>"", SUMIFS(Cadastro!$F:$F,Cadastro!$A:$A,E$3,Cadastro!$B:$B,$A10), "") | F10: =IF(E10<>"", SUMIFS(Cadastro!$F:$F,Cadastro!$A:$A,F$3,Cadastro!$B:$B,$A10), "") | G10: =IF(F10<>"", SUMIFS(Cadastro!$F:$F,Cadastro!$A:$A,G$3,Cadastro!$B:$B,$A10), "") | H10: =IF(G10<>"", SUMIFS(Cadastro!$F:$F,Cadastro!$A:$A,H$3,Cadastro!$B:$B,$A10), "") | I10: =IF(H10<>"", SUMIFS(Cadastro!$F:$F,Cadastro!$A:$A,I$3,Cadastro!$B:$B,$A10), "") | ... M10: =IF(L10<>"", SUMIFS(Cadastro!$F:$F,Cadastro!$A:$A,M$3,Cadastro!$B:$B,$A10), "") | N10: =SUM(B10:M10) -> 0
A11: =IF(Cadastro!I24<>"", Cadastro!I24, "") | B11: =IF(A11<>"", SUMIFS(Cadastro!$F:$F,Cadastro!$A:$A,B$3,Cadastro!$B:$B,$A11), "") | C11: =IF(B11<>"", SUMIFS(Cadastro!$F:$F,Cadastro!$A:$A,C$3,Cadastro!$B:$B,$A11), "") | D11: =IF(C11<>"", SUMIFS(Cadastro!$F:$F,Cadastro!$A:$A,D$3,Cadastro!$B:$B,$A11), "") | E11: =IF(D11<>"", SUMIFS(Cadastro!$F:$F,Cadastro!$A:$A,E$3,Cadastro!$B:$B,$A11), "") | F11: =IF(E11<>"", SUMIFS(Cadastro!$F:$F,Cadastro!$A:$A,F$3,Cadastro!$B:$B,$A11), "") | G11: =IF(F11<>"", SUMIFS(Cadastro!$F:$F,Cadastro!$A:$A,G$3,Cadastro!$B:$B,$A11), "") | H11: =IF(G11<>"", SUMIFS(Cadastro!$F:$F,Cadastro!$A:$A,H$3,Cadastro!$B:$B,$A11), "") | I11: =IF(H11<>"", SUMIFS(Cadastro!$F:$F,Cadastro!$A:$A,I$3,Cadastro!$B:$B,$A11), "") | ... M11: =IF(L11<>"", SUMIFS(Cadastro!$F:$F,Cadastro!$A:$A,M$3,Cadastro!$B:$B,$A11), "") | N11: =SUM(B11:M11) -> 0
A12: =IF(Cadastro!I25<>"", Cadastro!I25, "") | B12: =IF(A12<>"", SUMIFS(Cadastro!$F:$F,Cadastro!$A:$A,B$3,Cadastro!$B:$B,$A12), "") | C12: =IF(B12<>"", SUMIFS(Cadastro!$F:$F,Cadastro!$A:$A,C$3,Cadastro!$B:$B,$A12), "") | D12: =IF(C12<>"", SUMIFS(Cadastro!$F:$F,Cadastro!$A:$A,D$3,Cadastro!$B:$B,$A12), "") | E12: =IF(D12<>"", SUMIFS(Cadastro!$F:$F,Cadastro!$A:$A,E$3,Cadastro!$B:$B,$A12), "") | F12: =IF(E12<>"", SUMIFS(Cadastro!$F:$F,Cadastro!$A:$A,F$3,Cadastro!$B:$B,$A12), "") | G12: =IF(F12<>"", SUMIFS(Cadastro!$F:$F,Cadastro!$A:$A,G$3,Cadastro!$B:$B,$A12), "") | H12: =IF(G12<>"", SUMIFS(Cadastro!$F:$F,Cadastro!$A:$A,H$3,Cadastro!$B:$B,$A12), "") | I12: =IF(H12<>"", SUMIFS(Cadastro!$F:$F,Cadastro!$A:$A,I$3,Cadastro!$B:$B,$A12), "") | ... M12: =IF(L12<>"", SUMIFS(Cadastro!$F:$F,Cadastro!$A:$A,M$3,Cadastro!$B:$B,$A12), "") | N12: =SUM(B12:M12) -> 0
A13: =IF(Cadastro!I26<>"", Cadastro!I26, "") | B13: =IF(A13<>"", SUMIFS(Cadastro!$F:$F,Cadastro!$A:$A,B$3,Cadastro!$B:$B,$A13), "") | C13: =IF(B13<>"", SUMIFS(Cadastro!$F:$F,Cadastro!$A:$A,C$3,Cadastro!$B:$B,$A13), "") | D13: =IF(C13<>"", SUMIFS(Cadastro!$F:$F,Cadastro!$A:$A,D$3,Cadastro!$B:$B,$A13), "") | E13: =IF(D13<>"", SUMIFS(Cadastro!$F:$F,Cadastro!$A:$A,E$3,Cadastro!$B:$B,$A13), "") | F13: =IF(E13<>"", SUMIFS(Cadastro!$F:$F,Cadastro!$A:$A,F$3,Cadastro!$B:$B,$A13), "") | G13: =IF(F13<>"", SUMIFS(Cadastro!$F:$F,Cadastro!$A:$A,G$3,Cadastro!$B:$B,$A13), "") | H13: =IF(G13<>"", SUMIFS(Cadastro!$F:$F,Cadastro!$A:$A,H$3,Cadastro!$B:$B,$A13), "") | I13: =IF(H13<>"", SUMIFS(Cadastro!$F:$F,Cadastro!$A:$A,I$3,Cadastro!$B:$B,$A13), "") | ... M13: =IF(L13<>"", SUMIFS(Cadastro!$F:$F,Cadastro!$A:$A,M$3,Cadastro!$B:$B,$A13), "") | N13: =SUM(B13:M13) -> 0
A14: =IF(Cadastro!I27<>"", Cadastro!I27, "") | B14: =IF(A14<>"", SUMIFS(Cadastro!$F:$F,Cadastro!$A:$A,B$3,Cadastro!$B:$B,$A14), "") | C14: =IF(B14<>"", SUMIFS(Cadastro!$F:$F,Cadastro!$A:$A,C$3,Cadastro!$B:$B,$A14), "") | D14: =IF(C14<>"", SUMIFS(Cadastro!$F:$F,Cadastro!$A:$A,D$3,Cadastro!$B:$B,$A14), "") | E14: =IF(D14<>"", SUMIFS(Cadastro!$F:$F,Cadastro!$A:$A,E$3,Cadastro!$B:$B,$A14), "") | F14: =IF(E14<>"", SUMIFS(Cadastro!$F:$F,Cadastro!$A:$A,F$3,Cadastro!$B:$B,$A14), "") | G14: =IF(F14<>"", SUMIFS(Cadastro!$F:$F,Cadastro!$A:$A,G$3,Cadastro!$B:$B,$A14), "") | H14: =IF(G14<>"", SUMIFS(Cadastro!$F:$F,Cadastro!$A:$A,H$3,Cadastro!$B:$B,$A14), "") | I14: =IF(H14<>"", SUMIFS(Cadastro!$F:$F,Cadastro!$A:$A,I$3,Cadastro!$B:$B,$A14), "") | ... M14: =IF(L14<>"", SUMIFS(Cadastro!$F:$F,Cadastro!$A:$A,M$3,Cadastro!$B:$B,$A14), "") | N14: =SUM(B14:M14) -> 0
A15: =IF(Cadastro!I28<>"", Cadastro!I28, "") | B15: =IF(A15<>"", SUMIFS(Cadastro!$F:$F,Cadastro!$A:$A,B$3,Cadastro!$B:$B,$A15), "") | C15: =IF(B15<>"", SUMIFS(Cadastro!$F:$F,Cadastro!$A:$A,C$3,Cadastro!$B:$B,$A15), "") | D15: =IF(C15<>"", SUMIFS(Cadastro!$F:$F,Cadastro!$A:$A,D$3,Cadastro!$B:$B,$A15), "") | E15: =IF(D15<>"", SUMIFS(Cadastro!$F:$F,Cadastro!$A:$A,E$3,Cadastro!$B:$B,$A15), "") | F15: =IF(E15<>"", SUMIFS(Cadastro!$F:$F,Cadastro!$A:$A,F$3,Cadastro!$B:$B,$A15), "") | G15: =IF(F15<>"", SUMIFS(Cadastro!$F:$F,Cadastro!$A:$A,G$3,Cadastro!$B:$B,$A15), "") | H15: =IF(G15<>"", SUMIFS(Cadastro!$F:$F,Cadastro!$A:$A,H$3,Cadastro!$B:$B,$A15), "") | I15: =IF(H15<>"", SUMIFS(Cadastro!$F:$F,Cadastro!$A:$A,I$3,Cadastro!$B:$B,$A15), "") | ... M15: =IF(L15<>"", SUMIFS(Cadastro!$F:$F,Cadastro!$A:$A,M$3,Cadastro!$B:$B,$A15), "") | N15: =SUM(B15:M15) -> 0
A16: =IF(Cadastro!I29<>"", Cadastro!I29, "") | B16: =IF(A16<>"", SUMIFS(Cadastro!$F:$F,Cadastro!$A:$A,B$3,Cadastro!$B:$B,$A16), "") | C16: =IF(B16<>"", SUMIFS(Cadastro!$F:$F,Cadastro!$A:$A,C$3,Cadastro!$B:$B,$A16), "") | D16: =IF(C16<>"", SUMIFS(Cadastro!$F:$F,Cadastro!$A:$A,D$3,Cadastro!$B:$B,$A16), "") | E16: =IF(D16<>"", SUMIFS(Cadastro!$F:$F,Cadastro!$A:$A,E$3,Cadastro!$B:$B,$A16), "") | F16: =IF(E16<>"", SUMIFS(Cadastro!$F:$F,Cadastro!$A:$A,F$3,Cadastro!$B:$B,$A16), "") | G16: =IF(F16<>"", SUMIFS(Cadastro!$F:$F,Cadastro!$A:$A,G$3,Cadastro!$B:$B,$A16), "") | H16: =IF(G16<>"", SUMIFS(Cadastro!$F:$F,Cadastro!$A:$A,H$3,Cadastro!$B:$B,$A16), "") | I16: =IF(H16<>"", SUMIFS(Cadastro!$F:$F,Cadastro!$A:$A,I$3,Cadastro!$B:$B,$A16), "") | ... M16: =IF(L16<>"", SUMIFS(Cadastro!$F:$F,Cadastro!$A:$A,M$3,Cadastro!$B:$B,$A16), "") | N16: =SUM(B16:M16) -> 0
A17: =IF(Cadastro!I30<>"", Cadastro!I30, "") | B17: =IF(A17<>"", SUMIFS(Cadastro!$F:$F,Cadastro!$A:$A,B$3,Cadastro!$B:$B,$A17), "") | C17: =IF(B17<>"", SUMIFS(Cadastro!$F:$F,Cadastro!$A:$A,C$3,Cadastro!$B:$B,$A17), "") | D17: =IF(C17<>"", SUMIFS(Cadastro!$F:$F,Cadastro!$A:$A,D$3,Cadastro!$B:$B,$A17), "") | E17: =IF(D17<>"", SUMIFS(Cadastro!$F:$F,Cadastro!$A:$A,E$3,Cadastro!$B:$B,$A17), "") | F17: =IF(E17<>"", SUMIFS(Cadastro!$F:$F,Cadastro!$A:$A,F$3,Cadastro!$B:$B,$A17), "") | G17: =IF(F17<>"", SUMIFS(Cadastro!$F:$F,Cadastro!$A:$A,G$3,Cadastro!$B:$B,$A17), "") | H17: =IF(G17<>"", SUMIFS(Cadastro!$F:$F,Cadastro!$A:$A,H$3,Cadastro!$B:$B,$A17), "") | I17: =IF(H17<>"", SUMIFS(Cadastro!$F:$F,Cadastro!$A:$A,I$3,Cadastro!$B:$B,$A17), "") | ... M17: =IF(L17<>"", SUMIFS(Cadastro!$F:$F,Cadastro!$A:$A,M$3,Cadastro!$B:$B,$A17), "") | N17: =SUM(B17:M17) -> 0
... A25: =IF(Cadastro!I38<>"", Cadastro!I38, "") | B25: =IF(A25<>"", SUMIFS(Cadastro!$F:$F,Cadastro!$A:$A,B$3,Cadastro!$B:$B,$A25), "") | C25: =IF(B25<>"", SUMIFS(Cadastro!$F:$F,Cadastro!$A:$A,C$3,Cadastro!$B:$B,$A25), "") | D25: =IF(C25<>"", SUMIFS(Cadastro!$F:$F,Cadastro!$A:$A,D$3,Cadastro!$B:$B,$A25), "") | E25: =IF(D25<>"", SUMIFS(Cadastro!$F:$F,Cadastro!$A:$A,E$3,Cadastro!$B:$B,$A25), "") | F25: =IF(E25<>"", SUMIFS(Cadastro!$F:$F,Cadastro!$A:$A,F$3,Cadastro!$B:$B,$A25), "") | G25: =IF(F25<>"", SUMIFS(Cadastro!$F:$F,Cadastro!$A:$A,G$3,Cadastro!$B:$B,$A25), "") | H25: =IF(G25<>"", SUMIFS(Cadastro!$F:$F,Cadastro!$A:$A,H$3,Cadastro!$B:$B,$A25), "") | I25: =IF(H25<>"", SUMIFS(Cadastro!$F:$F,Cadastro!$A:$A,I$3,Cadastro!$B:$B,$A25), "") | ... M25: =IF(L25<>"", SUMIFS(Cadastro!$F:$F,Cadastro!$A:$A,M$3,Cadastro!$B:$B,$A25), "") | N25: =SUM(B25:M25) -> 0
A26: TOTAL PAGO DE COMISSÃO | B26: =SUM(B6:B25) -> 0 | C26: =SUM(C6:C25) -> 0 | D26: =SUM(D6:D25) -> 0 | E26: =SUM(E6:E25) -> 0 | F26: =SUM(F6:F25) -> 0 | G26: =SUM(G6:G25) -> 0 | H26: =SUM(H6:H25) -> 0 | I26: =SUM(I6:I25) -> 0 | ... M26: =SUM(M6:M25) -> 0 | N26: =SUM(B26:M26) -> 0
A27: RECEITA DE VENDAS- COMISSÃO | B27: =B4-B26 -> 0 | C27: =C4-C26 -> 0 | D27: =D4-D26 -> 0 | E27: =E4-E26 -> 0 | F27: =F4-F26 -> 0 | G27: =G4-G26 -> 0 | H27: =H4-H26 -> 0 | I27: =I4-I26 -> 0 | ... N27: =N4-N26 -> 0
B28: =COLUMN(B3) -> 2 | C28: =COLUMN(C3) -> 3 | D28: =COLUMN(D3) -> 4 | E28: =COLUMN(E3) -> 5 | F28: =COLUMN(F3) -> 6 | G28: =COLUMN(G3) -> 7 | H28: =COLUMN(H3) -> 8 | I28: =COLUMN(I3) -> 9 | ... M28: =COLUMN(M3) -> 13

Sheet Gráficos
A1: CONTROLE DE COMISSÕES DE VENDAS - GRÁFICOS
A2: s
A104: COMISSÃO/VENDEDOR MÊS DE: | B104: ABRIL
B115: JANEIRO | D115: =CONCATENATE("TOTAL DE COMISSÃO NO MÊS DE"," ",B104) -> TOTAL DE COMISSÃO NO MÊS DE ABRIL
B116: FEVEREIRO | C116: =Resumo!A6 | D116: =VLOOKUP(C116,Resumo!$A:$N,HLOOKUP($B$104,Resumo!$3:$28,26,0),0)
B117: MARÇO | C117: =Resumo!A7 | D117: =VLOOKUP(C117,Resumo!$A:$N,HLOOKUP($B$104,Resumo!$3:$28,26,0),0)
B118: ABRIL | C118: =Resumo!A8 | D118: =VLOOKUP(C118,Resumo!$A:$N,HLOOKUP($B$104,Resumo!$3:$28,26,0),0)
B119: MAIO | C119: =Resumo!A9 | D119: =VLOOKUP(C119,Resumo!$A:$N,HLOOKUP($B$104,Resumo!$3:$28,26,0),0)
B120: JUNHO | C120: =Resumo!A10 | D120: =VLOOKUP(C120,Resumo!$A:$N,HLOOKUP($B$104,Resumo!$3:$28,26,0),0)
B121: JULHO | C121: =Resumo!A11 | D121: =VLOOKUP(C121,Resumo!$A:$N,HLOOKUP($B$104,Resumo!$3:$28,26,0),0)
B122: AGOSTO | C122: =Resumo!A12 | D122: =VLOOKUP(C122,Resumo!$A:$N,HLOOKUP($B$104,Resumo!$3:$28,26,0),0)
B123: SETEMBRO | C123: =Resumo!A13 | D123: =VLOOKUP(C123,Resumo!$A:$N,HLOOKUP($B$104,Resumo!$3:$28,26,0),0)
B124: OUTUBRO | C124: =Resumo!A14 | D124: =VLOOKUP(C124,Resumo!$A:$N,HLOOKUP($B$104,Resumo!$3:$28,26,0),0)
B125: NOVEMBRO | C125: =Resumo!A15 | D125: =VLOOKUP(C125,Resumo!$A:$N,HLOOKUP($B$104,Resumo!$3:$28,26,0),0)
B126: DEZEMBRO | C126: =Resumo!A16 | D126: =VLOOKUP(C126,Resumo!$A:$N,HLOOKUP($B$104,Resumo!$3:$28,26,0),0)
C127: =Resumo!A17 | D127: =VLOOKUP(C127,Resumo!$A:$N,HLOOKUP($B$104,Resumo!$3:$28,26,0),0)
C128: =Resumo!A18 | D128: =VLOOKUP(C128,Resumo!$A:$N,HLOOKUP($B$104,Resumo!$3:$28,26,0),0)
C129: =Resumo!A19 | D129: =VLOOKUP(C129,Resumo!$A:$N,HLOOKUP($B$104,Resumo!$3:$28,26,0),0)
C130: =Resumo!A20 | D130: =VLOOKUP(C130,Resumo!$A:$N,HLOOKUP($B$104,Resumo!$3:$28,26,0),0)
C131: =Resumo!A21 | D131: =VLOOKUP(C131,Resumo!$A:$N,HLOOKUP($B$104,Resumo!$3:$28,26,0),0)
C132: =Resumo!A22 | D132: =VLOOKUP(C132,Resumo!$A:$N,HLOOKUP($B$104,Resumo!$3:$28,26,0),0)
C133: =Resumo!A23 | D133: =VLOOKUP(C133,Resumo!$A:$N,HLOOKUP($B$104,Resumo!$3:$28,26,0),0)
C134: =Resumo!A24 | D134: =VLOOKUP(C134,Resumo!$A:$N,HLOOKUP($B$104,Resumo!$3:$28,26,0),0)
C135: =Resumo!A25 | D135: =VLOOKUP(C135,Resumo!$A:$N,HLOOKUP($B$104,Resumo!$3:$28,26,0),0)
