Workbook

Sheet Início
A1: CONTROLE DE ESTOQUES- INÍCIO

Sheet Inventário
A1: CONTROLE DE ESTOQUES- INVENTÁRIO
C3: ID Produto | D3: NOME DO PRODUTO | E3: DESCRIÇÃO | F3: UNIDADE | G3: VALOR DA UNIDADE | H3: ESTOQUE INICIAL | I3: ESTOQUE MÍNIMO
J4: =Inventário!I4-Controle!D8 -> #VALUE!
J5: =Inventário!I5-Controle!D9 -> #VALUE!
J6: =Inventário!I6-Controle!D10 -> #VALUE!
J7: =Inventário!I7-Controle!D11 -> #VALUE!
J8: =Inventário!I8-Controle!D12 -> #VALUE!
J9: =Inventário!I9-Controle!D13 -> #VALUE!
J10: =Inventário!I10-Controle!D14 -> #VALUE!
J11: =Inventário!I11-Controle!D15 -> #VALUE!
J12: =Inventário!I12-Controle!D16 -> #VALUE!
J13: =Inventário!I13-Controle!D17 -> #VALUE!
J14: =Inventário!I14-Controle!D18 -> #VALUE!
J15: =Inventário!I15-Controle!D19 -> #VALUE!
... J53: =Inventário!I53-Controle!D57 -> #VALUE!

Sheet Entradas e Saídas
A1: CONTROLE DE ESTOQUES- ENTRADAS E SAÍDAS
B3: JANEIRO | H3: FEVEREIRO | N3: MARÇO | T3: ABRIL | Z3: MAIO | AF3: JUNHO | AL3: JULHO | AR3: AGOSTO | AX3: SETEMBRO | BD3: OUTUBRO | BJ3: NOVEMBRO | BP3: DEZEMBRO
B4: DATA | C4: NOTA | D4: PRODUTO | E4: ENTRADA | F4: SAÍDA | H4: DATA | I4: NOTA FISCAL | J4: PRODUTO | K4: ENTRADA | L4: SAÍDA | N4: DATA | O4: NOTA FISCAL | P4: PRODUTO | Q4: ENTRADA | R4: SAÍDA | T4: DATA | U4: NOTA FISCAL | V4: PRODUTO | W4: ENTRADA | X4: SAÍDA | Z4: DATA | AA4: NOTA FISCAL | AB4: PRODUTO | AC4: ENTRADA | AD4: SAÍDA | AF4: DATA | AG4: NOTA FISCAL | AH4: PRODUTO | AI4: ENTRADA | AJ4: SAÍDA | AL4: DATA | AM4: NOTA FISCAL | AN4: PRODUTO | AO4: ENTRADA | AP4: SAÍDA | AR4: DATA | AS4: NOTA FISCAL | AT4: PRODUTO | AU4: ENTRADA | AV4: SAÍDA | AX4: DATA | AY4: NOTA FISCAL | AZ4: PRODUTO | BA4: ENTRADA | BB4: SAÍDA | BD4: DATA | BE4: NOTA FISCAL | BF4: PRODUTO | BG4: ENTRADA | BH4: SAÍDA | BJ4: DATA | BK4: NOTA FISCAL | BL4: PRODUTO | BM4: ENTRADA | BN4: SAÍDA | BP4: DATA | BQ4: NOTA FISCAL | BR4: PRODUTO | BS4: ENTRADA | BT4: SAÍDA
A5: PAGAMENTO EFETUADO
A6: PAGAMENTO ADIADO
A7: PAGAMENTO ATRASADO
A8: NÃO VENCIDO
B46: SALDO MENSAL: | H46: SALDO MENSAL: | N46: SALDO MENSAL: | T46: SALDO MENSAL: | Z46: SALDO MENSAL: | AF46: SALDO MENSAL: | AL46: SALDO MENSAL: | AR46: SALDO MENSAL: | AX46: SALDO MENSAL: | BD46: SALDO MENSAL: | BJ46: SALDO MENSAL: | BP46: SALDO MENSAL:

Sheet Controle
A1: CONTROLE DE ESTOQUES- CONTROLE
G3: JANEIRO | K3: FEVEREIRO | O3: MARÇO | S3: ABRIL | W3: MAIO | AA3: JUNHO | AE3: JULHO | AI3: AGOSTO | AM3: SETEMBRO | AQ3: OUTUBRO | AU3: NOVEMBRO | AY3: DEZEMBRO
D5: ESTOQUE ATUAL | E5: VALOR DO ESTOQUE | F5: NECESSIDADE DE ESTOQUE (?)
G6: ENTRADA | H6: SAÍDA | I6: TOTAL | J6: VALOR EM ESTOQUE | K6: ENTRADA | L6: SAÍDA | M6: TOTAL | N6: VALOR EM ESTOQUE | O6: ENTRADA | P6: SAÍDA | Q6: TOTAL | R6: VALOR EM ESTOQUE | S6: ENTRADA | T6: SAÍDA | U6: TOTAL | V6: VALOR EM ESTOQUE | W6: ENTRADA | X6: SAÍDA | Y6: TOTAL | Z6: VALOR EM ESTOQUE | AA6: ENTRADA | AB6: SAÍDA | AC6: TOTAL | AD6: VALOR EM ESTOQUE | AE6: ENTRADA | AF6: SAÍDA | AG6: TOTAL | AH6: VALOR EM ESTOQUE | AI6: ENTRADA | AJ6: SAÍDA | AK6: TOTAL | AL6: VALOR EM ESTOQUE | AM6: ENTRADA | AN6: SAÍDA | AO6: TOTAL | AP6: VALOR EM ESTOQUE | AQ6: ENTRADA | AR6: SAÍDA | AS6: TOTAL | AT6: VALOR EM ESTOQUE | AU6: ENTRADA | AV6: SAÍDA | AW6: TOTAL | AX6: VALOR EM ESTOQUE | AY6: ENTRADA | AZ6: SAÍDA | BA6: TOTAL | BB6: VALOR EM ESTOQUE
B8: =IF(Inventário!C4="","",Inventário!C4) | C8: =IF(B8="","",VLOOKUP(B8,Inventário!$C$4:$D$53,2,FALSE)) | D8: =IF(B8="","",I8+M8+Q8+U8+Y8+AC8+AG8+AK8+AO8+AS8+AW8+BA8+Inventário!H4) | E8: =IF(B8="","",IF(D8<0,"-",(D8*Inventário!G4))) | F8: =IF(B8="","",IF(D8>Inventário!I4,"NÃO",CONCATENATE("SIM:"," ",Inventário!J4," ","unid"))) | G8: =SUMIF('Entradas e Saídas'!$D$5:$D$44,Controle!$C8,'Entradas e Saídas'!$E$5:$E$44) -> 0 | H8: =SUMIF('Entradas e Saídas'!$D$5:$D$44,Controle!$C8,'Entradas e Saídas'!$F$5:$F$44) -> 0 | I8: =G8-H8 -> 0 | J8: =I8*Inventário!$G4 -> 0 | K8: =SUMIF('Entradas e Saídas'!$J$5:$J$44,Controle!$C8,'Entradas e Saídas'!$K$5:$K$44) -> 0 | L8: =SUMIF('Entradas e Saídas'!$J$5:$J$44,Controle!$C8,'Entradas e Saídas'!$L$5:$L$44) -> 0 | M8: =K8-L8 -> 0 | N8: =M8*Inventário!$G4 -> 0 | O8: =SUMIF('Entradas e Saídas'!$P$5:$P$44,Controle!$C8,'Entradas e Saídas'!$Q$5:$Q$44) -> 0 | P8: =SUMIF('Entradas e Saídas'!$P$5:$P$44,Controle!$C8,'Entradas e Saídas'!$R$5:$R$44) -> 0 | Q8: =O8-P8 -> 0 | R8: =Q8*Inventário!$G4 -> 0 | S8: =SUMIF('Entradas e Saídas'!$V$5:$V$44,Controle!$C8,'Entradas e Saídas'!$W$5:$W$44) -> 0 | T8: =SUMIF('Entradas e Saídas'!$V$5:$V$44,Controle!$C8,'Entradas e Saídas'!$X$5:$X$44) -> 0 | U8: =S8-T8 -> 0 | V8: =U8*Inventário!$G4 -> 0 | W8: =SUMIF('Entradas e Saídas'!$AB$5:$AB$44,Controle!$C8,'Entradas e Saídas'!$AC$5:$AC$44) -> 0 | X8: =SUMIF('Entradas e Saídas'!$AB$5:$AB$44,Controle!$C8,'Entradas e Saídas'!$AD$5:$AD$44) -> 0 | Y8: =W8-X8 -> 0 | Z8: =Y8*Inventário!$G4 -> 0 | AA8: =SUMIF('Entradas e Saídas'!$AH$5:$AH$44,Controle!$C8,'Entradas e Saídas'!$AI$5:$AI$44) -> 0 | AB8: =SUMIF('Entradas e Saídas'!$AH$5:$AH$44,Controle!$C8,'Entradas e Saídas'!$AJ$5:$AJ$44) -> 0 | AC8: =AA8-AB8 -> 0 | AD8: =AC8*Inventário!$G4 -> 0 | AE8: =SUMIF('Entradas e Saídas'!$AN$5:$AN$44,Controle!$C8,'Entradas e Saídas'!$AO$5:$AO$44) -> 0 | AF8: =SUMIF('Entradas e Saídas'!$AH$5:$AH$44,Controle!$C8,'Entradas e Saídas'!$AP$5:$AP$44) -> 0 | AG8: =AE8-AF8 -> 0 | AH8: =AG8*Inventário!$G4 -> 0 | AI8: =SUMIF('Entradas e Saídas'!$AT$5:$AT$44,Controle!$C8,'Entradas e Saídas'!$AU$5:$AU$44) -> 0 | AJ8: =SUMIF('Entradas e Saídas'!$AT$5:$AT$44,Controle!$C8,'Entradas e Saídas'!$AV$5:$AV$44) -> 0 | AK8: =AI8-AJ8 -> 0 | AL8: =AK8*Inventário!$G4 -> 0 | AM8: =SUMIF('Entradas e Saídas'!$AZ$5:$AZ$44,Controle!$C8,'Entradas e Saídas'!$BA$5:$BA$44) -> 0 | AN8: =SUMIF('Entradas e Saídas'!$AZ$5:$AZ$44,Controle!$C8,'Entradas e Saídas'!$BB$5:$BB$44) -> 0 | AO8: =AM8-AN8 -> 0 | AP8: =AO8*Inventário!$G4 -> 0 | AQ8: =SUMIF('Entradas e Saídas'!$BF$5:$BF$44,Controle!$C8,'Entradas e Saídas'!$BG$5:$BG$44) -> 0 | AR8: =SUMIF('Entradas e Saídas'!$BF$5:$BF$44,Controle!$C8,'Entradas e Saídas'!$BH$5:$BH$44) -> 0 | AS8: =AQ8-AR8 -> 0 | AT8: =AS8*Inventário!$G4 -> 0 | AU8: =SUMIF('Entradas e Saídas'!$BL$5:$BL$44,Controle!$C8,'Entradas e Saídas'!$BM$5:$BM$44) -> 0 | AV8: =SUMIF('Entradas e Saídas'!$BL$5:$BL$44,Controle!$C8,'Entradas e Saídas'!$BN$5:$BN$44) -> 0 | AW8: =AU8-AV8 -> 0 | AX8: =AW8*Inventário!$G4 -> 0 | AY8: =SUMIF('Entradas e Saídas'!$BR$5:$BR$44,Controle!$C8,'Entradas e Saídas'!$BS$5:$BS$44) -> 0 | AZ8: =SUMIF('Entradas e Saídas'!$BR$5:$BR$44,Controle!$C8,'Entradas e Saídas'!$BT$5:$BT$44) -> 0 | BA8: =AY8-AZ8 -> 0 | BB8: =BA8*Inventário!$G4 -> 0
B9: =IF(Inventário!C5="","",Inventário!C5) | C9: =IF(B9="","",VLOOKUP(B9,Inventário!$C$4:$D$53,2,FALSE)) | D9: =IF(B9="","",I9+M9+Q9+U9+Y9+AC9+AG9+AK9+AO9+AS9+AW9+BA9+Inventário!H5) | E9: =IF(B9="","",IF(D9<0,"-",(D9*Inventário!G5))) | F9: =IF(B9="","",IF(D9>Inventário!I5,"NÃO",CONCATENATE("SIM:"," ",Inventário!J5," ","unid"))) | G9: =SUMIF('Entradas e Saídas'!$D$5:$D$44,Controle!$C9,'Entradas e Saídas'!$E$5:$E$44) -> 0 | H9: =SUMIF('Entradas e Saídas'!$D$5:$D$44,Controle!$C9,'Entradas e Saídas'!$F$5:$F$44) -> 0 | I9: =G9-H9 -> 0 | J9: =I9*Inventário!G5 -> 0 | K9: =SUMIF('Entradas e Saídas'!$J$5:$J$44,Controle!$C9,'Entradas e Saídas'!$K$5:$K$44) -> 0 | L9: =SUMIF('Entradas e Saídas'!$J$5:$J$44,Controle!$C9,'Entradas e Saídas'!$L$5:$L$44) -> 0 | M9: =K9-L9 -> 0 | N9: =M9*Inventário!$G5 -> 0 | O9: =SUMIF('Entradas e Saídas'!$P$5:$P$44,Controle!$C9,'Entradas e Saídas'!$Q$5:$Q$44) -> 0 | P9: =SUMIF('Entradas e Saídas'!$P$5:$P$44,Controle!$C9,'Entradas e Saídas'!$R$5:$R$44) -> 0 | Q9: =O9-P9 -> 0 | R9: =Q9*Inventário!$G5 -> 0 | S9: =SUMIF('Entradas e Saídas'!$V$5:$V$44,Controle!$C9,'Entradas e Saídas'!$W$5:$W$44) -> 0 | T9: =SUMIF('Entradas e Saídas'!$V$5:$V$44,Controle!$C9,'Entradas e Saídas'!$X$5:$X$44) -> 0 | U9: =S9-T9 -> 0 | V9: =U9*Inventário!$G5 -> 0 | W9: =SUMIF('Entradas e Saídas'!$AB$5:$AB$44,Controle!$C9,'Entradas e Saídas'!$AC$5:$AC$44) -> 0 | X9: =SUMIF('Entradas e Saídas'!$AB$5:$AB$44,Controle!$C9,'Entradas e Saídas'!$AD$5:$AD$44) -> 0 | Y9: =W9-X9 -> 0 | Z9: =Y9*Inventário!$G5 -> 0 | AA9: =SUMIF('Entradas e Saídas'!$AH$5:$AH$44,Controle!$C9,'Entradas e Saídas'!$AI$5:$AI$44) -> 0 | AB9: =SUMIF('Entradas e Saídas'!$AH$5:$AH$44,Controle!$C9,'Entradas e Saídas'!$AJ$5:$AJ$44) -> 0 | AC9: =AA9-AB9 -> 0 | AD9: =AC9*Inventário!$G5 -> 0 | AE9: =SUMIF('Entradas e Saídas'!$AN$5:$AN$44,Controle!$C9,'Entradas e Saídas'!$AO$5:$AO$44) -> 0 | AF9: =SUMIF('Entradas e Saídas'!$AH$5:$AH$44,Controle!$C9,'Entradas e Saídas'!$AP$5:$AP$44) -> 0 | AG9: =AE9-AF9 -> 0 | AH9: =AG9*Inventário!$G5 -> 0 | AI9: =SUMIF('Entradas e Saídas'!$AT$5:$AT$44,Controle!$C9,'Entradas e Saídas'!$AU$5:$AU$44) -> 0 | AJ9: =SUMIF('Entradas e Saídas'!$AT$5:$AT$44,Controle!$C9,'Entradas e Saídas'!$AV$5:$AV$44) -> 0 | AK9: =AI9-AJ9 -> 0 | AL9: =AK9*Inventário!$G5 -> 0 | AM9: =SUMIF('Entradas e Saídas'!$AZ$5:$AZ$44,Controle!$C9,'Entradas e Saídas'!$BA$5:$BA$44) -> 0 | AN9: =SUMIF('Entradas e Saídas'!$AZ$5:$AZ$44,Controle!$C9,'Entradas e Saídas'!$BB$5:$BB$44) -> 0 | AO9: =AM9-AN9 -> 0 | AP9: =AO9*Inventário!$G5 -> 0 | AQ9: =SUMIF('Entradas e Saídas'!$BF$5:$BF$44,Controle!$C9,'Entradas e Saídas'!$BG$5:$BG$44) -> 0 | AR9: =SUMIF('Entradas e Saídas'!$BF$5:$BF$44,Controle!$C9,'Entradas e Saídas'!$BH$5:$BH$44) -> 0 | AS9: =AQ9-AR9 -> 0 | AT9: =AS9*Inventário!$G5 -> 0 | AU9: =SUMIF('Entradas e Saídas'!$BL$5:$BL$44,Controle!$C9,'Entradas e Saídas'!$BM$5:$BM$44) -> 0 | AV9: =SUMIF('Entradas e Saídas'!$BL$5:$BL$44,Controle!$C9,'Entradas e Saídas'!$BN$5:$BN$44) -> 0 | AW9: =AU9-AV9 -> 0 | AX9: =AW9*Inventário!$G5 -> 0 | AY9: =SUMIF('Entradas e Saídas'!$BR$5:$BR$44,Controle!$C9,'Entradas e Saídas'!$BS$5:$BS$44) -> 0 | AZ9: =SUMIF('Entradas e Saídas'!$BR$5:$BR$44,Controle!$C9,'Entradas e Saídas'!$BT$5:$BT$44) -> 0 | BA9: =AY9-AZ9 -> 0 | BB9: =BA9*Inventário!$G5 -> 0
B10: =IF(Inventário!C6="","",Inventário!C6) | C10: =IF(B10="","",VLOOKUP(B10,Inventário!$C$4:$D$53,2,FALSE)) | D10: =IF(B10="","",I10+M10+Q10+U10+Y10+AC10+AG10+AK10+AO10+AS10+AW10+BA10+Inventário!H6) | E10: =IF(B10="","",IF(D10<0,"-",(D10*Inventário!G6))) | F10: =IF(B10="","",IF(D10>Inventário!I6,"NÃO",CONCATENATE("SIM:"," ",Inventário!J6," ","unid"))) | G10: =SUMIF('Entradas e Saídas'!$D$5:$D$44,Controle!$C10,'Entradas e Saídas'!$E$5:$E$44) -> 0 | H10: =SUMIF('Entradas e Saídas'!$D$5:$D$44,Controle!$C10,'Entradas e Saídas'!$F$5:$F$44) -> 0 | I10: =G10-H10 -> 0 | J10: =I10*Inventário!G6 -> 0 | K10: =SUMIF('Entradas e Saídas'!$J$5:$J$44,Controle!$C10,'Entradas e Saídas'!$K$5:$K$44) -> 0 | L10: =SUMIF('Entradas e Saídas'!$J$5:$J$44,Controle!$C10,'Entradas e Saídas'!$L$5:$L$44) -> 0 | M10: =K10-L10 -> 0 | N10: =M10*Inventário!$G6 -> 0 | O10: =SUMIF('Entradas e Saídas'!$P$5:$P$44,Controle!$C10,'Entradas e Saídas'!$Q$5:$Q$44) -> 0 | P10: =SUMIF('Entradas e Saídas'!$P$5:$P$44,Controle!$C10,'Entradas e Saídas'!$R$5:$R$44) -> 0 | Q10: =O10-P10 -> 0 | R10: =Q10*Inventário!$G6 -> 0 | S10: =SUMIF('Entradas e Saídas'!$V$5:$V$44,Controle!$C10,'Entradas e Saídas'!$W$5:$W$44) -> 0 | T10: =SUMIF('Entradas e Saídas'!$V$5:$V$44,Controle!$C10,'Entradas e Saídas'!$X$5:$X$44) -> 0 | U10: =S10-T10 -> 0 | V10: =U10*Inventário!$G6 -> 0 | W10: =SUMIF('Entradas e Saídas'!$AB$5:$AB$44,Controle!$C10,'Entradas e Saídas'!$AC$5:$AC$44) -> 0 | X10: =SUMIF('Entradas e Saídas'!$AB$5:$AB$44,Controle!$C10,'Entradas e Saídas'!$AD$5:$AD$44) -> 0 | Y10: =W10-X10 -> 0 | Z10: =Y10*Inventário!$G6 -> 0 | AA10: =SUMIF('Entradas e Saídas'!$AH$5:$AH$44,Controle!$C10,'Entradas e Saídas'!$AI$5:$AI$44) -> 0 | AB10: =SUMIF('Entradas e Saídas'!$AH$5:$AH$44,Controle!$C10,'Entradas e Saídas'!$AJ$5:$AJ$44) -> 0 | AC10: =AA10-AB10 -> 0 | AD10: =AC10*Inventário!$G6 -> 0 | AE10: =SUMIF('Entradas e Saídas'!$AN$5:$AN$44,Controle!$C10,'Entradas e Saídas'!$AO$5:$AO$44) -> 0 | AF10: =SUMIF('Entradas e Saídas'!$AH$5:$AH$44,Controle!$C10,'Entradas e Saídas'!$AP$5:$AP$44) -> 0 | AG10: =AE10-AF10 -> 0 | AH10: =AG10*Inventário!$G6 -> 0 | AI10: =SUMIF('Entradas e Saídas'!$AT$5:$AT$44,Controle!$C10,'Entradas e Saídas'!$AU$5:$AU$44) -> 0 | AJ10: =SUMIF('Entradas e Saídas'!$AT$5:$AT$44,Controle!$C10,'Entradas e Saídas'!$AV$5:$AV$44) -> 0 | AK10: =AI10-AJ10 -> 0 | AL10: =AK10*Inventário!$G6 -> 0 | AM10: =SUMIF('Entradas e Saídas'!$AZ$5:$AZ$44,Controle!$C10,'Entradas e Saídas'!$BA$5:$BA$44) -> 0 | AN10: =SUMIF('Entradas e Saídas'!$AZ$5:$AZ$44,Controle!$C10,'Entradas e Saídas'!$BB$5:$BB$44) -> 0 | AO10: =AM10-AN10 -> 0 | AP10: =AO10*Inventário!$G6 -> 0 | AQ10: =SUMIF('Entradas e Saídas'!$BF$5:$BF$44,Controle!$C10,'Entradas e Saídas'!$BG$5:$BG$44) -> 0 | AR10: =SUMIF('Entradas e Saídas'!$BF$5:$BF$44,Controle!$C10,'Entradas e Saídas'!$BH$5:$BH$44) -> 0 | AS10: =AQ10-AR10 -> 0 | AT10: =AS10*Inventário!$G6 -> 0 | AU10: =SUMIF('Entradas e Saídas'!$BL$5:$BL$44,Controle!$C10,'Entradas e Saídas'!$BM$5:$BM$44) -> 0 | AV10: =SUMIF('Entradas e Saídas'!$BL$5:$BL$44,Controle!$C10,'Entradas e Saídas'!$BN$5:$BN$44) -> 0 | AW10: =AU10-AV10 -> 0 | AX10: =AW10*Inventário!$G6 -> 0 | AY10: =SUMIF('Entradas e Saídas'!$BR$5:$BR$44,Controle!$C10,'Entradas e Saídas'!$BS$5:$BS$44) -> 0 | AZ10: =SUMIF('Entradas e Saídas'!$BR$5:$BR$44,Controle!$C10,'Entradas e Saídas'!$BT$5:$BT$44) -> 0 | BA10: =AY10-AZ10 -> 0 | BB10: =BA10*Inventário!$G6 -> 0
B11: =IF(Inventário!C7="","",Inventário!C7) | C11: =IF(B11="","",VLOOKUP(B11,Inventário!$C$4:$D$53,2,FALSE)) | D11: =IF(B11="","",I11+M11+Q11+U11+Y11+AC11+AG11+AK11+AO11+AS11+AW11+BA11+Inventário!H7) | E11: =IF(B11="","",IF(D11<0,"-",(D11*Inventário!G7))) | F11: =IF(B11="","",IF(D11>Inventário!I7,"NÃO",CONCATENATE("SIM:"," ",Inventário!J7," ","unid"))) | G11: =SUMIF('Entradas e Saídas'!$D$5:$D$44,Controle!$C11,'Entradas e Saídas'!$E$5:$E$44) -> 0 | H11: =SUMIF('Entradas e Saídas'!$D$5:$D$44,Controle!$C11,'Entradas e Saídas'!$F$5:$F$44) -> 0 | I11: =G11-H11 -> 0 | J11: =I11*Inventário!G7 -> 0 | K11: =SUMIF('Entradas e Saídas'!$J$5:$J$44,Controle!$C11,'Entradas e Saídas'!$K$5:$K$44) -> 0 | L11: =SUMIF('Entradas e Saídas'!$J$5:$J$44,Controle!$C11,'Entradas e Saídas'!$L$5:$L$44) -> 0 | M11: =K11-L11 -> 0 | N11: =M11*Inventário!$G7 -> 0 | O11: =SUMIF('Entradas e Saídas'!$P$5:$P$44,Controle!$C11,'Entradas e Saídas'!$Q$5:$Q$44) -> 0 | P11: =SUMIF('Entradas e Saídas'!$P$5:$P$44,Controle!$C11,'Entradas e Saídas'!$R$5:$R$44) -> 0 | Q11: =O11-P11 -> 0 | R11: =Q11*Inventário!$G7 -> 0 | S11: =SUMIF('Entradas e Saídas'!$V$5:$V$44,Controle!$C11,'Entradas e Saídas'!$W$5:$W$44) -> 0 | T11: =SUMIF('Entradas e Saídas'!$V$5:$V$44,Controle!$C11,'Entradas e Saídas'!$X$5:$X$44) -> 0 | U11: =S11-T11 -> 0 | V11: =U11*Inventário!$G7 -> 0 | W11: =SUMIF('Entradas e Saídas'!$AB$5:$AB$44,Controle!$C11,'Entradas e Saídas'!$AC$5:$AC$44) -> 0 | X11: =SUMIF('Entradas e Saídas'!$AB$5:$AB$44,Controle!$C11,'Entradas e Saídas'!$AD$5:$AD$44) -> 0 | Y11: =W11-X11 -> 0 | Z11: =Y11*Inventário!$G7 -> 0 | AA11: =SUMIF('Entradas e Saídas'!$AH$5:$AH$44,Controle!$C11,'Entradas e Saídas'!$AI$5:$AI$44) -> 0 | AB11: =SUMIF('Entradas e Saídas'!$AH$5:$AH$44,Controle!$C11,'Entradas e Saídas'!$AJ$5:$AJ$44) -> 0 | AC11: =AA11-AB11 -> 0 | AD11: =AC11*Inventário!$G7 -> 0 | AE11: =SUMIF('Entradas e Saídas'!$AN$5:$AN$44,Controle!$C11,'Entradas e Saídas'!$AO$5:$AO$44) -> 0 | AF11: =SUMIF('Entradas e Saídas'!$AH$5:$AH$44,Controle!$C11,'Entradas e Saídas'!$AP$5:$AP$44) -> 0 | AG11: =AE11-AF11 -> 0 | AH11: =AG11*Inventário!$G7 -> 0 | AI11: =SUMIF('Entradas e Saídas'!$AT$5:$AT$44,Controle!$C11,'Entradas e Saídas'!$AU$5:$AU$44) -> 0 | AJ11: =SUMIF('Entradas e Saídas'!$AT$5:$AT$44,Controle!$C11,'Entradas e Saídas'!$AV$5:$AV$44) -> 0 | AK11: =AI11-AJ11 -> 0 | AL11: =AK11*Inventário!$G7 -> 0 | AM11: =SUMIF('Entradas e Saídas'!$AZ$5:$AZ$44,Controle!$C11,'Entradas e Saídas'!$BA$5:$BA$44) -> 0 | AN11: =SUMIF('Entradas e Saídas'!$AZ$5:$AZ$44,Controle!$C11,'Entradas e Saídas'!$BB$5:$BB$44) -> 0 | AO11: =AM11-AN11 -> 0 | AP11: =AO11*Inventário!$G7 -> 0 | AQ11: =SUMIF('Entradas e Saídas'!$BF$5:$BF$44,Controle!$C11,'Entradas e Saídas'!$BG$5:$BG$44) -> 0 | AR11: =SUMIF('Entradas e Saídas'!$BF$5:$BF$44,Controle!$C11,'Entradas e Saídas'!$BH$5:$BH$44) -> 0 | AS11: =AQ11-AR11 -> 0 | AT11: =AS11*Inventário!$G7 -> 0 | AU11: =SUMIF('Entradas e Saídas'!$BL$5:$BL$44,Controle!$C11,'Entradas e Saídas'!$BM$5:$BM$44) -> 0 | AV11: =SUMIF('Entradas e Saídas'!$BL$5:$BL$44,Controle!$C11,'Entradas e Saídas'!$BN$5:$BN$44) -> 0 | AW11: =AU11-AV11 -> 0 | AX11: =AW11*Inventário!$G7 -> 0 | AY11: =SUMIF('Entradas e Saídas'!$BR$5:$BR$44,Controle!$C11,'Entradas e Saídas'!$BS$5:$BS$44) -> 0 | AZ11: =SUMIF('Entradas e Saídas'!$BR$5:$BR$44,Controle!$C11,'Entradas e Saídas'!$BT$5:$BT$44) -> 0 | BA11: =AY11-AZ11 -> 0 | BB11: =BA11*Inventário!$G7 -> 0 | BE11: JANEIRO | BF11: =J59 -> 0
B12: =IF(Inventário!C8="","",Inventário!C8) | C12: =IF(B12="","",VLOOKUP(B12,Inventário!$C$4:$D$53,2,FALSE)) | D12: =IF(B12="","",I12+M12+Q12+U12+Y12+AC12+AG12+AK12+AO12+AS12+AW12+BA12+Inventário!H8) | E12: =IF(B12="","",IF(D12<0,"-",(D12*Inventário!G8))) | F12: =IF(B12="","",IF(D12>Inventário!I8,"NÃO",CONCATENATE("SIM:"," ",Inventário!J8," ","unid"))) | G12: =SUMIF('Entradas e Saídas'!$D$5:$D$44,Controle!$C12,'Entradas e Saídas'!$E$5:$E$44) -> 0 | H12: =SUMIF('Entradas e Saídas'!$D$5:$D$44,Controle!$C12,'Entradas e Saídas'!$F$5:$F$44) -> 0 | I12: =G12-H12 -> 0 | J12: =I12*Inventário!G8 -> 0 | K12: =SUMIF('Entradas e Saídas'!$J$5:$J$44,Controle!$C12,'Entradas e Saídas'!$K$5:$K$44) -> 0 | L12: =SUMIF('Entradas e Saídas'!$J$5:$J$44,Controle!$C12,'Entradas e Saídas'!$L$5:$L$44) -> 0 | M12: =K12-L12 -> 0 | N12: =M12*Inventário!$G8 -> 0 | O12: =SUMIF('Entradas e Saídas'!$P$5:$P$44,Controle!$C12,'Entradas e Saídas'!$Q$5:$Q$44) -> 0 | P12: =SUMIF('Entradas e Saídas'!$P$5:$P$44,Controle!$C12,'Entradas e Saídas'!$R$5:$R$44) -> 0 | Q12: =O12-P12 -> 0 | R12: =Q12*Inventário!$G8 -> 0 | S12: =SUMIF('Entradas e Saídas'!$V$5:$V$44,Controle!$C12,'Entradas e Saídas'!$W$5:$W$44) -> 0 | T12: =SUMIF('Entradas e Saídas'!$V$5:$V$44,Controle!$C12,'Entradas e Saídas'!$X$5:$X$44) -> 0 | U12: =S12-T12 -> 0 | V12: =U12*Inventário!$G8 -> 0 | W12: =SUMIF('Entradas e Saídas'!$AB$5:$AB$44,Controle!$C12,'Entradas e Saídas'!$AC$5:$AC$44) -> 0 | X12: =SUMIF('Entradas e Saídas'!$AB$5:$AB$44,Controle!$C12,'Entradas e Saídas'!$AD$5:$AD$44) -> 0 | Y12: =W12-X12 -> 0 | Z12: =Y12*Inventário!$G8 -> 0 | AA12: =SUMIF('Entradas e Saídas'!$AH$5:$AH$44,Controle!$C12,'Entradas e Saídas'!$AI$5:$AI$44) -> 0 | AB12: =SUMIF('Entradas e Saídas'!$AH$5:$AH$44,Controle!$C12,'Entradas e Saídas'!$AJ$5:$AJ$44) -> 0 | AC12: =AA12-AB12 -> 0 | AD12: =AC12*Inventário!$G8 -> 0 | AE12: =SUMIF('Entradas e Saídas'!$AN$5:$AN$44,Controle!$C12,'Entradas e Saídas'!$AO$5:$AO$44) -> 0 | AF12: =SUMIF('Entradas e Saídas'!$AH$5:$AH$44,Controle!$C12,'Entradas e Saídas'!$AP$5:$AP$44) -> 0 | AG12: =AE12-AF12 -> 0 | AH12: =AG12*Inventário!$G8 -> 0 | AI12: =SUMIF('Entradas e Saídas'!$AT$5:$AT$44,Controle!$C12,'Entradas e Saídas'!$AU$5:$AU$44) -> 0 | AJ12: =SUMIF('Entradas e Saídas'!$AT$5:$AT$44,Controle!$C12,'Entradas e Saídas'!$AV$5:$AV$44) -> 0 | AK12: =AI12-AJ12 -> 0 | AL12: =AK12*Inventário!$G8 -> 0 | AM12: =SUMIF('Entradas e Saídas'!$AZ$5:$AZ$44,Controle!$C12,'Entradas e Saídas'!$BA$5:$BA$44) -> 0 | AN12: =SUMIF('Entradas e Saídas'!$AZ$5:$AZ$44,Controle!$C12,'Entradas e Saídas'!$BB$5:$BB$44) -> 0 | AO12: =AM12-AN12 -> 0 | AP12: =AO12*Inventário!$G8 -> 0 | AQ12: =SUMIF('Entradas e Saídas'!$BF$5:$BF$44,Controle!$C12,'Entradas e Saídas'!$BG$5:$BG$44) -> 0 | AR12: =SUMIF('Entradas e Saídas'!$BF$5:$BF$44,Controle!$C12,'Entradas e Saídas'!$BH$5:$BH$44) -> 0 | AS12: =AQ12-AR12 -> 0 | AT12: =AS12*Inventário!$G8 -> 0 | AU12: =SUMIF('Entradas e Saídas'!$BL$5:$BL$44,Controle!$C12,'Entradas e Saídas'!$BM$5:$BM$44) -> 0 | AV12: =SUMIF('Entradas e Saídas'!$BL$5:$BL$44,Controle!$C12,'Entradas e Saídas'!$BN$5:$BN$44) -> 0 | AW12: =AU12-AV12 -> 0 | AX12: =AW12*Inventário!$G8 -> 0 | AY12: =SUMIF('Entradas e Saídas'!$BR$5:$BR$44,Controle!$C12,'Entradas e Saídas'!$BS$5:$BS$44) -> 0 | AZ12: =SUMIF('Entradas e Saídas'!$BR$5:$BR$44,Controle!$C12,'Entradas e Saídas'!$BT$5:$BT$44) -> 0 | BA12: =AY12-AZ12 -> 0 | BB12: =BA12*Inventário!$G8 -> 0 | BE12: FEVEREIRO | BF12: =N59 -> 0
B13: =IF(Inventário!C9="","",Inventário!C9) | C13: =IF(B13="","",VLOOKUP(B13,Inventário!$C$4:$D$53,2,FALSE)) | D13: =IF(B13="","",I13+M13+Q13+U13+Y13+AC13+AG13+AK13+AO13+AS13+AW13+BA13+Inventário!H9) | E13: =IF(B13="","",IF(D13<0,"-",(D13*Inventário!G9))) | F13: =IF(B13="","",IF(D13>Inventário!I9,"NÃO",CONCATENATE("SIM:"," ",Inventário!J9," ","unid"))) | G13: =SUMIF('Entradas e Saídas'!$D$5:$D$44,Controle!$C13,'Entradas e Saídas'!$E$5:$E$44) -> 0 | H13: =SUMIF('Entradas e Saídas'!$D$5:$D$44,Controle!$C13,'Entradas e Saídas'!$F$5:$F$44) -> 0 | I13: =G13-H13 -> 0 | J13: =I13*Inventário!G9 -> 0 | K13: =SUMIF('Entradas e Saídas'!$J$5:$J$44,Controle!$C13,'Entradas e Saídas'!$K$5:$K$44) -> 0 | L13: =SUMIF('Entradas e Saídas'!$J$5:$J$44,Controle!$C13,'Entradas e Saídas'!$L$5:$L$44) -> 0 | M13: =K13-L13 -> 0 | N13: =M13*Inventário!$G9 -> 0 | O13: =SUMIF('Entradas e Saídas'!$P$5:$P$44,Controle!$C13,'Entradas e Saídas'!$Q$5:$Q$44) -> 0 | P13: =SUMIF('Entradas e Saídas'!$P$5:$P$44,Controle!$C13,'Entradas e Saídas'!$R$5:$R$44) -> 0 | Q13: =O13-P13 -> 0 | R13: =Q13*Inventário!$G9 -> 0 | S13: =SUMIF('Entradas e Saídas'!$V$5:$V$44,Controle!$C13,'Entradas e Saídas'!$W$5:$W$44) -> 0 | T13: =SUMIF('Entradas e Saídas'!$V$5:$V$44,Controle!$C13,'Entradas e Saídas'!$X$5:$X$44) -> 0 | U13: =S13-T13 -> 0 | V13: =U13*Inventário!$G9 -> 0 | W13: =SUMIF('Entradas e Saídas'!$AB$5:$AB$44,Controle!$C13,'Entradas e Saídas'!$AC$5:$AC$44) -> 0 | X13: =SUMIF('Entradas e Saídas'!$AB$5:$AB$44,Controle!$C13,'Entradas e Saídas'!$AD$5:$AD$44) -> 0 | Y13: =W13-X13 -> 0 | Z13: =Y13*Inventário!$G9 -> 0 | AA13: =SUMIF('Entradas e Saídas'!$AH$5:$AH$44,Controle!$C13,'Entradas e Saídas'!$AI$5:$AI$44) -> 0 | AB13: =SUMIF('Entradas e Saídas'!$AH$5:$AH$44,Controle!$C13,'Entradas e Saídas'!$AJ$5:$AJ$44) -> 0 | AC13: =AA13-AB13 -> 0 | AD13: =AC13*Inventário!$G9 -> 0 | AE13: =SUMIF('Entradas e Saídas'!$AN$5:$AN$44,Controle!$C13,'Entradas e Saídas'!$AO$5:$AO$44) -> 0 | AF13: =SUMIF('Entradas e Saídas'!$AH$5:$AH$44,Controle!$C13,'Entradas e Saídas'!$AP$5:$AP$44) -> 0 | AG13: =AE13-AF13 -> 0 | AH13: =AG13*Inventário!$G9 -> 0 | AI13: =SUMIF('Entradas e Saídas'!$AT$5:$AT$44,Controle!$C13,'Entradas e Saídas'!$AU$5:$AU$44) -> 0 | AJ13: =SUMIF('Entradas e Saídas'!$AT$5:$AT$44,Controle!$C13,'Entradas e Saídas'!$AV$5:$AV$44) -> 0 | AK13: =AI13-AJ13 -> 0 | AL13: =AK13*Inventário!$G9 -> 0 | AM13: =SUMIF('Entradas e Saídas'!$AZ$5:$AZ$44,Controle!$C13,'Entradas e Saídas'!$BA$5:$BA$44) -> 0 | AN13: =SUMIF('Entradas e Saídas'!$AZ$5:$AZ$44,Controle!$C13,'Entradas e Saídas'!$BB$5:$BB$44) -> 0 | AO13: =AM13-AN13 -> 0 | AP13: =AO13*Inventário!$G9 -> 0 | AQ13: =SUMIF('Entradas e Saídas'!$BF$5:$BF$44,Controle!$C13,'Entradas e Saídas'!$BG$5:$BG$44) -> 0 | AR13: =SUMIF('Entradas e Saídas'!$BF$5:$BF$44,Controle!$C13,'Entradas e Saídas'!$BH$5:$BH$44) -> 0 | AS13: =AQ13-AR13 -> 0 | AT13: =AS13*Inventário!$G9 -> 0 | AU13: =SUMIF('Entradas e Saídas'!$BL$5:$BL$44,Controle!$C13,'Entradas e Saídas'!$BM$5:$BM$44) -> 0 | AV13: =SUMIF('Entradas e Saídas'!$BL$5:$BL$44,Controle!$C13,'Entradas e Saídas'!$BN$5:$BN$44) -> 0 | AW13: =AU13-AV13 -> 0 | AX13: =AW13*Inventário!$G9 -> 0 | AY13: =SUMIF('Entradas e Saídas'!$BR$5:$BR$44,Controle!$C13,'Entradas e Saídas'!$BS$5:$BS$44) -> 0 | AZ13: =SUMIF('Entradas e Saídas'!$BR$5:$BR$44,Controle!$C13,'Entradas e Saídas'!$BT$5:$BT$44) -> 0 | BA13: =AY13-AZ13 -> 0 | BB13: =BA13*Inventário!$G9 -> 0 | BE13: MARÇO | BF13: =R59 -> 0
B14: =IF(Inventário!C10="","",Inventário!C10) | C14: =IF(B14="","",VLOOKUP(B14,Inventário!$C$4:$D$53,2,FALSE)) | D14: =IF(B14="","",I14+M14+Q14+U14+Y14+AC14+AG14+AK14+AO14+AS14+AW14+BA14+Inventário!H10) | E14: =IF(B14="","",IF(D14<0,"-",(D14*Inventário!G10))) | F14: =IF(B14="","",IF(D14>Inventário!I10,"NÃO",CONCATENATE("SIM:"," ",Inventário!J10," ","unid"))) | G14: =SUMIF('Entradas e Saídas'!$D$5:$D$44,Controle!$C14,'Entradas e Saídas'!$E$5:$E$44) -> 0 | H14: =SUMIF('Entradas e Saídas'!$D$5:$D$44,Controle!$C14,'Entradas e Saídas'!$F$5:$F$44) -> 0 | I14: =G14-H14 -> 0 | J14: =I14*Inventário!G10 -> 0 | K14: =SUMIF('Entradas e Saídas'!$J$5:$J$44,Controle!$C14,'Entradas e Saídas'!$K$5:$K$44) -> 0 | L14: =SUMIF('Entradas e Saídas'!$J$5:$J$44,Controle!$C14,'Entradas e Saídas'!$L$5:$L$44) -> 0 | M14: =K14-L14 -> 0 | N14: =M14*Inventário!$G10 -> 0 | O14: =SUMIF('Entradas e Saídas'!$P$5:$P$44,Controle!$C14,'Entradas e Saídas'!$Q$5:$Q$44) -> 0 | P14: =SUMIF('Entradas e Saídas'!$P$5:$P$44,Controle!$C14,'Entradas e Saídas'!$R$5:$R$44) -> 0 | Q14: =O14-P14 -> 0 | R14: =Q14*Inventário!$G10 -> 0 | S14: =SUMIF('Entradas e Saídas'!$V$5:$V$44,Controle!$C14,'Entradas e Saídas'!$W$5:$W$44) -> 0 | T14: =SUMIF('Entradas e Saídas'!$V$5:$V$44,Controle!$C14,'Entradas e Saídas'!$X$5:$X$44) -> 0 | U14: =S14-T14 -> 0 | V14: =U14*Inventário!$G10 -> 0 | W14: =SUMIF('Entradas e Saídas'!$AB$5:$AB$44,Controle!$C14,'Entradas e Saídas'!$AC$5:$AC$44) -> 0 | X14: =SUMIF('Entradas e Saídas'!$AB$5:$AB$44,Controle!$C14,'Entradas e Saídas'!$AD$5:$AD$44) -> 0 | Y14: =W14-X14 -> 0 | Z14: =Y14*Inventário!$G10 -> 0 | AA14: =SUMIF('Entradas e Saídas'!$AH$5:$AH$44,Controle!$C14,'Entradas e Saídas'!$AI$5:$AI$44) -> 0 | AB14: =SUMIF('Entradas e Saídas'!$AH$5:$AH$44,Controle!$C14,'Entradas e Saídas'!$AJ$5:$AJ$44) -> 0 | AC14: =AA14-AB14 -> 0 | AD14: =AC14*Inventário!$G10 -> 0 | AE14: =SUMIF('Entradas e Saídas'!$AN$5:$AN$44,Controle!$C14,'Entradas e Saídas'!$AO$5:$AO$44) -> 0 | AF14: =SUMIF('Entradas e Saídas'!$AH$5:$AH$44,Controle!$C14,'Entradas e Saídas'!$AP$5:$AP$44) -> 0 | AG14: =AE14-AF14 -> 0 | AH14: =AG14*Inventário!$G10 -> 0 | AI14: =SUMIF('Entradas e Saídas'!$AT$5:$AT$44,Controle!$C14,'Entradas e Saídas'!$AU$5:$AU$44) -> 0 | AJ14: =SUMIF('Entradas e Saídas'!$AT$5:$AT$44,Controle!$C14,'Entradas e Saídas'!$AV$5:$AV$44) -> 0 | AK14: =AI14-AJ14 -> 0 | AL14: =AK14*Inventário!$G10 -> 0 | AM14: =SUMIF('Entradas e Saídas'!$AZ$5:$AZ$44,Controle!$C14,'Entradas e Saídas'!$BA$5:$BA$44) -> 0 | AN14: =SUMIF('Entradas e Saídas'!$AZ$5:$AZ$44,Controle!$C14,'Entradas e Saídas'!$BB$5:$BB$44) -> 0 | AO14: =AM14-AN14 -> 0 | AP14: =AO14*Inventário!$G10 -> 0 | AQ14: =SUMIF('Entradas e Saídas'!$BF$5:$BF$44,Controle!$C14,'Entradas e Saídas'!$BG$5:$BG$44) -> 0 | AR14: =SUMIF('Entradas e Saídas'!$BF$5:$BF$44,Controle!$C14,'Entradas e Saídas'!$BH$5:$BH$44) -> 0 | AS14: =AQ14-AR14 -> 0 | AT14: =AS14*Inventário!$G10 -> 0 | AU14: =SUMIF('Entradas e Saídas'!$BL$5:$BL$44,Controle!$C14,'Entradas e Saídas'!$BM$5:$BM$44) -> 0 | AV14: =SUMIF('Entradas e Saídas'!$BL$5:$BL$44,Controle!$C14,'Entradas e Saídas'!$BN$5:$BN$44) -> 0 | AW14: =AU14-AV14 -> 0 | AX14: =AW14*Inventário!$G10 -> 0 | AY14: =SUMIF('Entradas e Saídas'!$BR$5:$BR$44,Controle!$C14,'Entradas e Saídas'!$BS$5:$BS$44) -> 0 | AZ14: =SUMIF('Entradas e Saídas'!$BR$5:$BR$44,Controle!$C14,'Entradas e Saídas'!$BT$5:$BT$44) -> 0 | BA14: =AY14-AZ14 -> 0 | BB14: =BA14*Inventário!$G10 -> 0 | BE14: ABRIL | BF14: =V59 -> 0
B15: =IF(Inventário!C11="","",Inventário!C11) | C15: =IF(B15="","",VLOOKUP(B15,Inventário!$C$4:$D$53,2,FALSE)) | D15: =IF(B15="","",I15+M15+Q15+U15+Y15+AC15+AG15+AK15+AO15+AS15+AW15+BA15+Inventário!H11) | E15: =IF(B15="","",IF(D15<0,"-",(D15*Inventário!G11))) | F15: =IF(B15="","",IF(D15>Inventário!I11,"NÃO",CONCATENATE("SIM:"," ",Inventário!J11," ","unid"))) | G15: =SUMIF('Entradas e Saídas'!$D$5:$D$44,Controle!$C15,'Entradas e Saídas'!$E$5:$E$44) -> 0 | H15: =SUMIF('Entradas e Saídas'!$D$5:$D$44,Controle!$C15,'Entradas e Saídas'!$F$5:$F$44) -> 0 | I15: =G15-H15 -> 0 | J15: =I15*Inventário!G11 -> 0 | K15: =SUMIF('Entradas e Saídas'!$J$5:$J$44,Controle!$C15,'Entradas e Saídas'!$K$5:$K$44) -> 0 | L15: =SUMIF('Entradas e Saídas'!$J$5:$J$44,Controle!$C15,'Entradas e Saídas'!$L$5:$L$44) -> 0 | M15: =K15-L15 -> 0 | N15: =M15*Inventário!$G11 -> 0 | O15: =SUMIF('Entradas e Saídas'!$P$5:$P$44,Controle!$C15,'Entradas e Saídas'!$Q$5:$Q$44) -> 0 | P15: =SUMIF('Entradas e Saídas'!$P$5:$P$44,Controle!$C15,'Entradas e Saídas'!$R$5:$R$44) -> 0 | Q15: =O15-P15 -> 0 | R15: =Q15*Inventário!$G11 -> 0 | S15: =SUMIF('Entradas e Saídas'!$V$5:$V$44,Controle!$C15,'Entradas e Saídas'!$W$5:$W$44) -> 0 | T15: =SUMIF('Entradas e Saídas'!$V$5:$V$44,Controle!$C15,'Entradas e Saídas'!$X$5:$X$44) -> 0 | U15: =S15-T15 -> 0 | V15: =U15*Inventário!$G11 -> 0 | W15: =SUMIF('Entradas e Saídas'!$AB$5:$AB$44,Controle!$C15,'Entradas e Saídas'!$AC$5:$AC$44) -> 0 | X15: =SUMIF('Entradas e Saídas'!$AB$5:$AB$44,Controle!$C15,'Entradas e Saídas'!$AD$5:$AD$44) -> 0 | Y15: =W15-X15 -> 0 | Z15: =Y15*Inventário!$G11 -> 0 | AA15: =SUMIF('Entradas e Saídas'!$AH$5:$AH$44,Controle!$C15,'Entradas e Saídas'!$AI$5:$AI$44) -> 0 | AB15: =SUMIF('Entradas e Saídas'!$AH$5:$AH$44,Controle!$C15,'Entradas e Saídas'!$AJ$5:$AJ$44) -> 0 | AC15: =AA15-AB15 -> 0 | AD15: =AC15*Inventário!$G11 -> 0 | AE15: =SUMIF('Entradas e Saídas'!$AN$5:$AN$44,Controle!$C15,'Entradas e Saídas'!$AO$5:$AO$44) -> 0 | AF15: =SUMIF('Entradas e Saídas'!$AH$5:$AH$44,Controle!$C15,'Entradas e Saídas'!$AP$5:$AP$44) -> 0 | AG15: =AE15-AF15 -> 0 | AH15: =AG15*Inventário!$G11 -> 0 | AI15: =SUMIF('Entradas e Saídas'!$AT$5:$AT$44,Controle!$C15,'Entradas e Saídas'!$AU$5:$AU$44) -> 0 | AJ15: =SUMIF('Entradas e Saídas'!$AT$5:$AT$44,Controle!$C15,'Entradas e Saídas'!$AV$5:$AV$44) -> 0 | AK15: =AI15-AJ15 -> 0 | AL15: =AK15*Inventário!$G11 -> 0 | AM15: =SUMIF('Entradas e Saídas'!$AZ$5:$AZ$44,Controle!$C15,'Entradas e Saídas'!$BA$5:$BA$44) -> 0 | AN15: =SUMIF('Entradas e Saídas'!$AZ$5:$AZ$44,Controle!$C15,'Entradas e Saídas'!$BB$5:$BB$44) -> 0 | AO15: =AM15-AN15 -> 0 | AP15: =AO15*Inventário!$G11 -> 0 | AQ15: =SUMIF('Entradas e Saídas'!$BF$5:$BF$44,Controle!$C15,'Entradas e Saídas'!$BG$5:$BG$44) -> 0 | AR15: =SUMIF('Entradas e Saídas'!$BF$5:$BF$44,Controle!$C15,'Entradas e Saídas'!$BH$5:$BH$44) -> 0 | AS15: =AQ15-AR15 -> 0 | AT15: =AS15*Inventário!$G11 -> 0 | AU15: =SUMIF('Entradas e Saídas'!$BL$5:$BL$44,Controle!$C15,'Entradas e Saídas'!$BM$5:$BM$44) -> 0 | AV15: =SUMIF('Entradas e Saídas'!$BL$5:$BL$44,Controle!$C15,'Entradas e Saídas'!$BN$5:$BN$44) -> 0 | AW15: =AU15-AV15 -> 0 | AX15: =AW15*Inventário!$G11 -> 0 | AY15: =SUMIF('Entradas e Saídas'!$BR$5:$BR$44,Controle!$C15,'Entradas e Saídas'!$BS$5:$BS$44) -> 0 | AZ15: =SUMIF('Entradas e Saídas'!$BR$5:$BR$44,Controle!$C15,'Entradas e Saídas'!$BT$5:$BT$44) -> 0 | BA15: =AY15-AZ15 -> 0 | BB15: =BA15*Inventário!$G11 -> 0 | BE15: MAIO | BF15: =Z59 -> 0
B16: =IF(Inventário!C12="","",Inventário!C12) | C16: =IF(B16="","",VLOOKUP(B16,Inventário!$C$4:$D$53,2,FALSE)) | D16: =IF(B16="","",I16+M16+Q16+U16+Y16+AC16+AG16+AK16+AO16+AS16+AW16+BA16+Inventário!H12) | E16: =IF(B16="","",IF(D16<0,"-",(D16*Inventário!G12))) | F16: =IF(B16="","",IF(D16>Inventário!I12,"NÃO",CONCATENATE("SIM:"," ",Inventário!J12," ","unid"))) | G16: =SUMIF('Entradas e Saídas'!$D$5:$D$44,Controle!$C16,'Entradas e Saídas'!$E$5:$E$44) -> 0 | H16: =SUMIF('Entradas e Saídas'!$D$5:$D$44,Controle!$C16,'Entradas e Saídas'!$F$5:$F$44) -> 0 | I16: =G16-H16 -> 0 | J16: =I16*Inventário!G12 -> 0 | K16: =SUMIF('Entradas e Saídas'!$J$5:$J$44,Controle!$C16,'Entradas e Saídas'!$K$5:$K$44) -> 0 | L16: =SUMIF('Entradas e Saídas'!$J$5:$J$44,Controle!$C16,'Entradas e Saídas'!$L$5:$L$44) -> 0 | M16: =K16-L16 -> 0 | N16: =M16*Inventário!$G12 -> 0 | O16: =SUMIF('Entradas e Saídas'!$P$5:$P$44,Controle!$C16,'Entradas e Saídas'!$Q$5:$Q$44) -> 0 | P16: =SUMIF('Entradas e Saídas'!$P$5:$P$44,Controle!$C16,'Entradas e Saídas'!$R$5:$R$44) -> 0 | Q16: =O16-P16 -> 0 | R16: =Q16*Inventário!$G12 -> 0 | S16: =SUMIF('Entradas e Saídas'!$V$5:$V$44,Controle!$C16,'Entradas e Saídas'!$W$5:$W$44) -> 0 | T16: =SUMIF('Entradas e Saídas'!$V$5:$V$44,Controle!$C16,'Entradas e Saídas'!$X$5:$X$44) -> 0 | U16: =S16-T16 -> 0 | V16: =U16*Inventário!$G12 -> 0 | W16: =SUMIF('Entradas e Saídas'!$AB$5:$AB$44,Controle!$C16,'Entradas e Saídas'!$AC$5:$AC$44) -> 0 | X16: =SUMIF('Entradas e Saídas'!$AB$5:$AB$44,Controle!$C16,'Entradas e Saídas'!$AD$5:$AD$44) -> 0 | Y16: =W16-X16 -> 0 | Z16: =Y16*Inventário!$G12 -> 0 | AA16: =SUMIF('Entradas e Saídas'!$AH$5:$AH$44,Controle!$C16,'Entradas e Saídas'!$AI$5:$AI$44) -> 0 | AB16: =SUMIF('Entradas e Saídas'!$AH$5:$AH$44,Controle!$C16,'Entradas e Saídas'!$AJ$5:$AJ$44) -> 0 | AC16: =AA16-AB16 -> 0 | AD16: =AC16*Inventário!$G12 -> 0 | AE16: =SUMIF('Entradas e Saídas'!$AN$5:$AN$44,Controle!$C16,'Entradas e Saídas'!$AO$5:$AO$44) -> 0 | AF16: =SUMIF('Entradas e Saídas'!$AH$5:$AH$44,Controle!$C16,'Entradas e Saídas'!$AP$5:$AP$44) -> 0 | AG16: =AE16-AF16 -> 0 | AH16: =AG16*Inventário!$G12 -> 0 | AI16: =SUMIF('Entradas e Saídas'!$AT$5:$AT$44,Controle!$C16,'Entradas e Saídas'!$AU$5:$AU$44) -> 0 | AJ16: =SUMIF('Entradas e Saídas'!$AT$5:$AT$44,Controle!$C16,'Entradas e Saídas'!$AV$5:$AV$44) -> 0 | AK16: =AI16-AJ16 -> 0 | AL16: =AK16*Inventário!$G12 -> 0 | AM16: =SUMIF('Entradas e Saídas'!$AZ$5:$AZ$44,Controle!$C16,'Entradas e Saídas'!$BA$5:$BA$44) -> 0 | AN16: =SUMIF('Entradas e Saídas'!$AZ$5:$AZ$44,Controle!$C16,'Entradas e Saídas'!$BB$5:$BB$44) -> 0 | AO16: =AM16-AN16 -> 0 | AP16: =AO16*Inventário!$G12 -> 0 | AQ16: =SUMIF('Entradas e Saídas'!$BF$5:$BF$44,Controle!$C16,'Entradas e Saídas'!$BG$5:$BG$44) -> 0 | AR16: =SUMIF('Entradas e Saídas'!$BF$5:$BF$44,Controle!$C16,'Entradas e Saídas'!$BH$5:$BH$44) -> 0 | AS16: =AQ16-AR16 -> 0 | AT16: =AS16*Inventário!$G12 -> 0 | AU16: =SUMIF('Entradas e Saídas'!$BL$5:$BL$44,Controle!$C16,'Entradas e Saídas'!$BM$5:$BM$44) -> 0 | AV16: =SUMIF('Entradas e Saídas'!$BL$5:$BL$44,Controle!$C16,'Entradas e Saídas'!$BN$5:$BN$44) -> 0 | AW16: =AU16-AV16 -> 0 | AX16: =AW16*Inventário!$G12 -> 0 | AY16: =SUMIF('Entradas e Saídas'!$BR$5:$BR$44,Controle!$C16,'Entradas e Saídas'!$BS$5:$BS$44) -> 0 | AZ16: =SUMIF('Entradas e Saídas'!$BR$5:$BR$44,Controle!$C16,'Entradas e Saídas'!$BT$5:$BT$44) -> 0 | BA16: =AY16-AZ16 -> 0 | BB16: =BA16*Inventário!$G12 -> 0 | BE16: JUNHO | BF16: =AD59 -> 0
B17: =IF(Inventário!C13="","",Inventário!C13) | C17: =IF(B17="","",VLOOKUP(B17,Inventário!$C$4:$D$53,2,FALSE)) | D17: =IF(B17="","",I17+M17+Q17+U17+Y17+AC17+AG17+AK17+AO17+AS17+AW17+BA17+Inventário!H13) | E17: =IF(B17="","",IF(D17<0,"-",(D17*Inventário!G13))) | F17: =IF(B17="","",IF(D17>Inventário!I13,"NÃO",CONCATENATE("SIM:"," ",Inventário!J13," ","unid"))) | G17: =SUMIF('Entradas e Saídas'!$D$5:$D$44,Controle!$C17,'Entradas e Saídas'!$E$5:$E$44) -> 0 | H17: =SUMIF('Entradas e Saídas'!$D$5:$D$44,Controle!$C17,'Entradas e Saídas'!$F$5:$F$44) -> 0 | I17: =G17-H17 -> 0 | J17: =I17*Inventário!G13 -> 0 | K17: =SUMIF('Entradas e Saídas'!$J$5:$J$44,Controle!$C17,'Entradas e Saídas'!$K$5:$K$44) -> 0 | L17: =SUMIF('Entradas e Saídas'!$J$5:$J$44,Controle!$C17,'Entradas e Saídas'!$L$5:$L$44) -> 0 | M17: =K17-L17 -> 0 | N17: =M17*Inventário!$G13 -> 0 | O17: =SUMIF('Entradas e Saídas'!$P$5:$P$44,Controle!$C17,'Entradas e Saídas'!$Q$5:$Q$44) -> 0 | P17: =SUMIF('Entradas e Saídas'!$P$5:$P$44,Controle!$C17,'Entradas e Saídas'!$R$5:$R$44) -> 0 | Q17: =O17-P17 -> 0 | R17: =Q17*Inventário!$G13 -> 0 | S17: =SUMIF('Entradas e Saídas'!$V$5:$V$44,Controle!$C17,'Entradas e Saídas'!$W$5:$W$44) -> 0 | T17: =SUMIF('Entradas e Saídas'!$V$5:$V$44,Controle!$C17,'Entradas e Saídas'!$X$5:$X$44) -> 0 | U17: =S17-T17 -> 0 | V17: =U17*Inventário!$G13 -> 0 | W17: =SUMIF('Entradas e Saídas'!$AB$5:$AB$44,Controle!$C17,'Entradas e Saídas'!$AC$5:$AC$44) -> 0 | X17: =SUMIF('Entradas e Saídas'!$AB$5:$AB$44,Controle!$C17,'Entradas e Saídas'!$AD$5:$AD$44) -> 0 | Y17: =W17-X17 -> 0 | Z17: =Y17*Inventário!$G13 -> 0 | AA17: =SUMIF('Entradas e Saídas'!$AH$5:$AH$44,Controle!$C17,'Entradas e Saídas'!$AI$5:$AI$44) -> 0 | AB17: =SUMIF('Entradas e Saídas'!$AH$5:$AH$44,Controle!$C17,'Entradas e Saídas'!$AJ$5:$AJ$44) -> 0 | AC17: =AA17-AB17 -> 0 | AD17: =AC17*Inventário!$G13 -> 0 | AE17: =SUMIF('Entradas e Saídas'!$AN$5:$AN$44,Controle!$C17,'Entradas e Saídas'!$AO$5:$AO$44) -> 0 | AF17: =SUMIF('Entradas e Saídas'!$AH$5:$AH$44,Controle!$C17,'Entradas e Saídas'!$AP$5:$AP$44) -> 0 | AG17: =AE17-AF17 -> 0 | AH17: =AG17*Inventário!$G13 -> 0 | AI17: =SUMIF('Entradas e Saídas'!$AT$5:$AT$44,Controle!$C17,'Entradas e Saídas'!$AU$5:$AU$44) -> 0 | AJ17: =SUMIF('Entradas e Saídas'!$AT$5:$AT$44,Controle!$C17,'Entradas e Saídas'!$AV$5:$AV$44) -> 0 | AK17: =AI17-AJ17 -> 0 | AL17: =AK17*Inventário!$G13 -> 0 | AM17: =SUMIF('Entradas e Saídas'!$AZ$5:$AZ$44,Controle!$C17,'Entradas e Saídas'!$BA$5:$BA$44) -> 0 | AN17: =SUMIF('Entradas e Saídas'!$AZ$5:$AZ$44,Controle!$C17,'Entradas e Saídas'!$BB$5:$BB$44) -> 0 | AO17: =AM17-AN17 -> 0 | AP17: =AO17*Inventário!$G13 -> 0 | AQ17: =SUMIF('Entradas e Saídas'!$BF$5:$BF$44,Controle!$C17,'Entradas e Saídas'!$BG$5:$BG$44) -> 0 | AR17: =SUMIF('Entradas e Saídas'!$BF$5:$BF$44,Controle!$C17,'Entradas e Saídas'!$BH$5:$BH$44) -> 0 | AS17: =AQ17-AR17 -> 0 | AT17: =AS17*Inventário!$G13 -> 0 | AU17: =SUMIF('Entradas e Saídas'!$BL$5:$BL$44,Controle!$C17,'Entradas e Saídas'!$BM$5:$BM$44) -> 0 | AV17: =SUMIF('Entradas e Saídas'!$BL$5:$BL$44,Controle!$C17,'Entradas e Saídas'!$BN$5:$BN$44) -> 0 | AW17: =AU17-AV17 -> 0 | AX17: =AW17*Inventário!$G13 -> 0 | AY17: =SUMIF('Entradas e Saídas'!$BR$5:$BR$44,Controle!$C17,'Entradas e Saídas'!$BS$5:$BS$44) -> 0 | AZ17: =SUMIF('Entradas e Saídas'!$BR$5:$BR$44,Controle!$C17,'Entradas e Saídas'!$BT$5:$BT$44) -> 0 | BA17: =AY17-AZ17 -> 0 | BB17: =BA17*Inventário!$G13 -> 0 | BE17: JULHO | BF17: =AH59 -> 0
B18: =IF(Inventário!C14="","",Inventário!C14) | C18: =IF(B18="","",VLOOKUP(B18,Inventário!$C$4:$D$53,2,FALSE)) | D18: =IF(B18="","",I18+M18+Q18+U18+Y18+AC18+AG18+AK18+AO18+AS18+AW18+BA18+Inventário!H14) | E18: =IF(B18="","",IF(D18<0,"-",(D18*Inventário!G14))) | F18: =IF(B18="","",IF(D18>Inventário!I14,"NÃO",CONCATENATE("SIM:"," ",Inventário!J14," ","unid"))) | G18: =SUMIF('Entradas e Saídas'!$D$5:$D$44,Controle!$C18,'Entradas e Saídas'!$E$5:$E$44) -> 0 | H18: =SUMIF('Entradas e Saídas'!$D$5:$D$44,Controle!$C18,'Entradas e Saídas'!$F$5:$F$44) -> 0 | I18: =G18-H18 -> 0 | J18: =I18*Inventário!G14 -> 0 | K18: =SUMIF('Entradas e Saídas'!$J$5:$J$44,Controle!$C18,'Entradas e Saídas'!$K$5:$K$44) -> 0 | L18: =SUMIF('Entradas e Saídas'!$J$5:$J$44,Controle!$C18,'Entradas e Saídas'!$L$5:$L$44) -> 0 | M18: =K18-L18 -> 0 | N18: =M18*Inventário!$G14 -> 0 | O18: =SUMIF('Entradas e Saídas'!$P$5:$P$44,Controle!$C18,'Entradas e Saídas'!$Q$5:$Q$44) -> 0 | P18: =SUMIF('Entradas e Saídas'!$P$5:$P$44,Controle!$C18,'Entradas e Saídas'!$R$5:$R$44) -> 0 | Q18: =O18-P18 -> 0 | R18: =Q18*Inventário!$G14 -> 0 | S18: =SUMIF('Entradas e Saídas'!$V$5:$V$44,Controle!$C18,'Entradas e Saídas'!$W$5:$W$44) -> 0 | T18: =SUMIF('Entradas e Saídas'!$V$5:$V$44,Controle!$C18,'Entradas e Saídas'!$X$5:$X$44) -> 0 | U18: =S18-T18 -> 0 | V18: =U18*Inventário!$G14 -> 0 | W18: =SUMIF('Entradas e Saídas'!$AB$5:$AB$44,Controle!$C18,'Entradas e Saídas'!$AC$5:$AC$44) -> 0 | X18: =SUMIF('Entradas e Saídas'!$AB$5:$AB$44,Controle!$C18,'Entradas e Saídas'!$AD$5:$AD$44) -> 0 | Y18: =W18-X18 -> 0 | Z18: =Y18*Inventário!$G14 -> 0 | AA18: =SUMIF('Entradas e Saídas'!$AH$5:$AH$44,Controle!$C18,'Entradas e Saídas'!$AI$5:$AI$44) -> 0 | AB18: =SUMIF('Entradas e Saídas'!$AH$5:$AH$44,Controle!$C18,'Entradas e Saídas'!$AJ$5:$AJ$44) -> 0 | AC18: =AA18-AB18 -> 0 | AD18: =AC18*Inventário!$G14 -> 0 | AE18: =SUMIF('Entradas e Saídas'!$AN$5:$AN$44,Controle!$C18,'Entradas e Saídas'!$AO$5:$AO$44) -> 0 | AF18: =SUMIF('Entradas e Saídas'!$AH$5:$AH$44,Controle!$C18,'Entradas e Saídas'!$AP$5:$AP$44) -> 0 | AG18: =AE18-AF18 -> 0 | AH18: =AG18*Inventário!$G14 -> 0 | AI18: =SUMIF('Entradas e Saídas'!$AT$5:$AT$44,Controle!$C18,'Entradas e Saídas'!$AU$5:$AU$44) -> 0 | AJ18: =SUMIF('Entradas e Saídas'!$AT$5:$AT$44,Controle!$C18,'Entradas e Saídas'!$AV$5:$AV$44) -> 0 | AK18: =AI18-AJ18 -> 0 | AL18: =AK18*Inventário!$G14 -> 0 | AM18: =SUMIF('Entradas e Saídas'!$AZ$5:$AZ$44,Controle!$C18,'Entradas e Saídas'!$BA$5:$BA$44) -> 0 | AN18: =SUMIF('Entradas e Saídas'!$AZ$5:$AZ$44,Controle!$C18,'Entradas e Saídas'!$BB$5:$BB$44) -> 0 | AO18: =AM18-AN18 -> 0 | AP18: =AO18*Inventário!$G14 -> 0 | AQ18: =SUMIF('Entradas e Saídas'!$BF$5:$BF$44,Controle!$C18,'Entradas e Saídas'!$BG$5:$BG$44) -> 0 | AR18: =SUMIF('Entradas e Saídas'!$BF$5:$BF$44,Controle!$C18,'Entradas e Saídas'!$BH$5:$BH$44) -> 0 | AS18: =AQ18-AR18 -> 0 | AT18: =AS18*Inventário!$G14 -> 0 | AU18: =SUMIF('Entradas e Saídas'!$BL$5:$BL$44,Controle!$C18,'Entradas e Saídas'!$BM$5:$BM$44) -> 0 | AV18: =SUMIF('Entradas e Saídas'!$BL$5:$BL$44,Controle!$C18,'Entradas e Saídas'!$BN$5:$BN$44) -> 0 | AW18: =AU18-AV18 -> 0 | AX18: =AW18*Inventário!$G14 -> 0 | AY18: =SUMIF('Entradas e Saídas'!$BR$5:$BR$44,Controle!$C18,'Entradas e Saídas'!$BS$5:$BS$44) -> 0 | AZ18: =SUMIF('Entradas e Saídas'!$BR$5:$BR$44,Controle!$C18,'Entradas e Saídas'!$BT$5:$BT$44) -> 0 | BA18: =AY18-AZ18 -> 0 | BB18: =BA18*Inventário!$G14 -> 0 | BE18: AGOSTO | BF18: =AL59 -> 0
B19: =IF(Inventário!C15="","",Inventário!C15) | C19: =IF(B19="","",VLOOKUP(B19,Inventário!$C$4:$D$53,2,FALSE)) | D19: =IF(B19="","",I19+M19+Q19+U19+Y19+AC19+AG19+AK19+AO19+AS19+AW19+BA19+Inventário!H15) | E19: =IF(B19="","",IF(D19<0,"-",(D19*Inventário!G15))) | F19: =IF(B19="","",IF(D19>Inventário!I15,"NÃO",CONCATENATE("SIM:"," ",Inventário!J15," ","unid"))) | G19: =SUMIF('Entradas e Saídas'!$D$5:$D$44,Controle!$C19,'Entradas e Saídas'!$E$5:$E$44) -> 0 | H19: =SUMIF('Entradas e Saídas'!$D$5:$D$44,Controle!$C19,'Entradas e Saídas'!$F$5:$F$44) -> 0 | I19: =G19-H19 -> 0 | J19: =I19*Inventário!G15 -> 0 | K19: =SUMIF('Entradas e Saídas'!$J$5:$J$44,Controle!$C19,'Entradas e Saídas'!$K$5:$K$44) -> 0 | L19: =SUMIF('Entradas e Saídas'!$J$5:$J$44,Controle!$C19,'Entradas e Saídas'!$L$5:$L$44) -> 0 | M19: =K19-L19 -> 0 | N19: =M19*Inventário!$G15 -> 0 | O19: =SUMIF('Entradas e Saídas'!$P$5:$P$44,Controle!$C19,'Entradas e Saídas'!$Q$5:$Q$44) -> 0 | P19: =SUMIF('Entradas e Saídas'!$P$5:$P$44,Controle!$C19,'Entradas e Saídas'!$R$5:$R$44) -> 0 | Q19: =O19-P19 -> 0 | R19: =Q19*Inventário!$G15 -> 0 | S19: =SUMIF('Entradas e Saídas'!$V$5:$V$44,Controle!$C19,'Entradas e Saídas'!$W$5:$W$44) -> 0 | T19: =SUMIF('Entradas e Saídas'!$V$5:$V$44,Controle!$C19,'Entradas e Saídas'!$X$5:$X$44) -> 0 | U19: =S19-T19 -> 0 | V19: =U19*Inventário!$G15 -> 0 | W19: =SUMIF('Entradas e Saídas'!$AB$5:$AB$44,Controle!$C19,'Entradas e Saídas'!$AC$5:$AC$44) -> 0 | X19: =SUMIF('Entradas e Saídas'!$AB$5:$AB$44,Controle!$C19,'Entradas e Saídas'!$AD$5:$AD$44) -> 0 | Y19: =W19-X19 -> 0 | Z19: =Y19*Inventário!$G15 -> 0 | AA19: =SUMIF('Entradas e Saídas'!$AH$5:$AH$44,Controle!$C19,'Entradas e Saídas'!$AI$5:$AI$44) -> 0 | AB19: =SUMIF('Entradas e Saídas'!$AH$5:$AH$44,Controle!$C19,'Entradas e Saídas'!$AJ$5:$AJ$44) -> 0 | AC19: =AA19-AB19 -> 0 | AD19: =AC19*Inventário!$G15 -> 0 | AE19: =SUMIF('Entradas e Saídas'!$AN$5:$AN$44,Controle!$C19,'Entradas e Saídas'!$AO$5:$AO$44) -> 0 | AF19: =SUMIF('Entradas e Saídas'!$AH$5:$AH$44,Controle!$C19,'Entradas e Saídas'!$AP$5:$AP$44) -> 0 | AG19: =AE19-AF19 -> 0 | AH19: =AG19*Inventário!$G15 -> 0 | AI19: =SUMIF('Entradas e Saídas'!$AT$5:$AT$44,Controle!$C19,'Entradas e Saídas'!$AU$5:$AU$44) -> 0 | AJ19: =SUMIF('Entradas e Saídas'!$AT$5:$AT$44,Controle!$C19,'Entradas e Saídas'!$AV$5:$AV$44) -> 0 | AK19: =AI19-AJ19 -> 0 | AL19: =AK19*Inventário!$G15 -> 0 | AM19: =SUMIF('Entradas e Saídas'!$AZ$5:$AZ$44,Controle!$C19,'Entradas e Saídas'!$BA$5:$BA$44) -> 0 | AN19: =SUMIF('Entradas e Saídas'!$AZ$5:$AZ$44,Controle!$C19,'Entradas e Saídas'!$BB$5:$BB$44) -> 0 | AO19: =AM19-AN19 -> 0 | AP19: =AO19*Inventário!$G15 -> 0 | AQ19: =SUMIF('Entradas e Saídas'!$BF$5:$BF$44,Controle!$C19,'Entradas e Saídas'!$BG$5:$BG$44) -> 0 | AR19: =SUMIF('Entradas e Saídas'!$BF$5:$BF$44,Controle!$C19,'Entradas e Saídas'!$BH$5:$BH$44) -> 0 | AS19: =AQ19-AR19 -> 0 | AT19: =AS19*Inventário!$G15 -> 0 | AU19: =SUMIF('Entradas e Saídas'!$BL$5:$BL$44,Controle!$C19,'Entradas e Saídas'!$BM$5:$BM$44) -> 0 | AV19: =SUMIF('Entradas e Saídas'!$BL$5:$BL$44,Controle!$C19,'Entradas e Saídas'!$BN$5:$BN$44) -> 0 | AW19: =AU19-AV19 -> 0 | AX19: =AW19*Inventário!$G15 -> 0 | AY19: =SUMIF('Entradas e Saídas'!$BR$5:$BR$44,Controle!$C19,'Entradas e Saídas'!$BS$5:$BS$44) -> 0 | AZ19: =SUMIF('Entradas e Saídas'!$BR$5:$BR$44,Controle!$C19,'Entradas e Saídas'!$BT$5:$BT$44) -> 0 | BA19: =AY19-AZ19 -> 0 | BB19: =BA19*Inventário!$G15 -> 0 | BE19: SETEMBRO | BF19: =AP59 -> 0
B20: =IF(Inventário!C16="","",Inventário!C16) | C20: =IF(B20="","",VLOOKUP(B20,Inventário!$C$4:$D$53,2,FALSE)) | D20: =IF(B20="","",I20+M20+Q20+U20+Y20+AC20+AG20+AK20+AO20+AS20+AW20+BA20+Inventário!H16) | E20: =IF(B20="","",IF(D20<0,"-",(D20*Inventário!G16))) | F20: =IF(B20="","",IF(D20>Inventário!I16,"NÃO",CONCATENATE("SIM:"," ",Inventário!J16," ","unid"))) | G20: =SUMIF('Entradas e Saídas'!$D$5:$D$44,Controle!$C20,'Entradas e Saídas'!$E$5:$E$44) -> 0 | H20: =SUMIF('Entradas e Saídas'!$D$5:$D$44,Controle!$C20,'Entradas e Saídas'!$F$5:$F$44) -> 0 | I20: =G20-H20 -> 0 | J20: =I20*Inventário!G16 -> 0 | K20: =SUMIF('Entradas e Saídas'!$J$5:$J$44,Controle!$C20,'Entradas e Saídas'!$K$5:$K$44) -> 0 | L20: =SUMIF('Entradas e Saídas'!$J$5:$J$44,Controle!$C20,'Entradas e Saídas'!$L$5:$L$44) -> 0 | M20: =K20-L20 -> 0 | N20: =M20*Inventário!$G16 -> 0 | O20: =SUMIF('Entradas e Saídas'!$P$5:$P$44,Controle!$C20,'Entradas e Saídas'!$Q$5:$Q$44) -> 0 | P20: =SUMIF('Entradas e Saídas'!$P$5:$P$44,Controle!$C20,'Entradas e Saídas'!$R$5:$R$44) -> 0 | Q20: =O20-P20 -> 0 | R20: =Q20*Inventário!$G16 -> 0 | S20: =SUMIF('Entradas e Saídas'!$V$5:$V$44,Controle!$C20,'Entradas e Saídas'!$W$5:$W$44) -> 0 | T20: =SUMIF('Entradas e Saídas'!$V$5:$V$44,Controle!$C20,'Entradas e Saídas'!$X$5:$X$44) -> 0 | U20: =S20-T20 -> 0 | V20: =U20*Inventário!$G16 -> 0 | W20: =SUMIF('Entradas e Saídas'!$AB$5:$AB$44,Controle!$C20,'Entradas e Saídas'!$AC$5:$AC$44) -> 0 | X20: =SUMIF('Entradas e Saídas'!$AB$5:$AB$44,Controle!$C20,'Entradas e Saídas'!$AD$5:$AD$44) -> 0 | Y20: =W20-X20 -> 0 | Z20: =Y20*Inventário!$G16 -> 0 | AA20: =SUMIF('Entradas e Saídas'!$AH$5:$AH$44,Controle!$C20,'Entradas e Saídas'!$AI$5:$AI$44) -> 0 | AB20: =SUMIF('Entradas e Saídas'!$AH$5:$AH$44,Controle!$C20,'Entradas e Saídas'!$AJ$5:$AJ$44) -> 0 | AC20: =AA20-AB20 -> 0 | AD20: =AC20*Inventário!$G16 -> 0 | AE20: =SUMIF('Entradas e Saídas'!$AN$5:$AN$44,Controle!$C20,'Entradas e Saídas'!$AO$5:$AO$44) -> 0 | AF20: =SUMIF('Entradas e Saídas'!$AH$5:$AH$44,Controle!$C20,'Entradas e Saídas'!$AP$5:$AP$44) -> 0 | AG20: =AE20-AF20 -> 0 | AH20: =AG20*Inventário!$G16 -> 0 | AI20: =SUMIF('Entradas e Saídas'!$AT$5:$AT$44,Controle!$C20,'Entradas e Saídas'!$AU$5:$AU$44) -> 0 | AJ20: =SUMIF('Entradas e Saídas'!$AT$5:$AT$44,Controle!$C20,'Entradas e Saídas'!$AV$5:$AV$44) -> 0 | AK20: =AI20-AJ20 -> 0 | AL20: =AK20*Inventário!$G16 -> 0 | AM20: =SUMIF('Entradas e Saídas'!$AZ$5:$AZ$44,Controle!$C20,'Entradas e Saídas'!$BA$5:$BA$44) -> 0 | AN20: =SUMIF('Entradas e Saídas'!$AZ$5:$AZ$44,Controle!$C20,'Entradas e Saídas'!$BB$5:$BB$44) -> 0 | AO20: =AM20-AN20 -> 0 | AP20: =AO20*Inventário!$G16 -> 0 | AQ20: =SUMIF('Entradas e Saídas'!$BF$5:$BF$44,Controle!$C20,'Entradas e Saídas'!$BG$5:$BG$44) -> 0 | AR20: =SUMIF('Entradas e Saídas'!$BF$5:$BF$44,Controle!$C20,'Entradas e Saídas'!$BH$5:$BH$44) -> 0 | AS20: =AQ20-AR20 -> 0 | AT20: =AS20*Inventário!$G16 -> 0 | AU20: =SUMIF('Entradas e Saídas'!$BL$5:$BL$44,Controle!$C20,'Entradas e Saídas'!$BM$5:$BM$44) -> 0 | AV20: =SUMIF('Entradas e Saídas'!$BL$5:$BL$44,Controle!$C20,'Entradas e Saídas'!$BN$5:$BN$44) -> 0 | AW20: =AU20-AV20 -> 0 | AX20: =AW20*Inventário!$G16 -> 0 | AY20: =SUMIF('Entradas e Saídas'!$BR$5:$BR$44,Controle!$C20,'Entradas e Saídas'!$BS$5:$BS$44) -> 0 | AZ20: =SUMIF('Entradas e Saídas'!$BR$5:$BR$44,Controle!$C20,'Entradas e Saídas'!$BT$5:$BT$44) -> 0 | BA20: =AY20-AZ20 -> 0 | BB20: =BA20*Inventário!$G16 -> 0 | BE20: OUTUBRO | BF20: =AT59 -> 0
B21: =IF(Inventário!C17="","",Inventário!C17) | C21: =IF(B21="","",VLOOKUP(B21,Inventário!$C$4:$D$53,2,FALSE)) | D21: =IF(B21="","",I21+M21+Q21+U21+Y21+AC21+AG21+AK21+AO21+AS21+AW21+BA21+Inventário!H17) | E21: =IF(B21="","",IF(D21<0,"-",(D21*Inventário!G17))) | F21: =IF(B21="","",IF(D21>Inventário!I17,"NÃO",CONCATENATE("SIM:"," ",Inventário!J17," ","unid"))) | G21: =SUMIF('Entradas e Saídas'!$D$5:$D$44,Controle!$C21,'Entradas e Saídas'!$E$5:$E$44) -> 0 | H21: =SUMIF('Entradas e Saídas'!$D$5:$D$44,Controle!$C21,'Entradas e Saídas'!$F$5:$F$44) -> 0 | I21: =G21-H21 -> 0 | J21: =I21*Inventário!G17 -> 0 | K21: =SUMIF('Entradas e Saídas'!$J$5:$J$44,Controle!$C21,'Entradas e Saídas'!$K$5:$K$44) -> 0 | L21: =SUMIF('Entradas e Saídas'!$J$5:$J$44,Controle!$C21,'Entradas e Saídas'!$L$5:$L$44) -> 0 | M21: =K21-L21 -> 0 | N21: =M21*Inventário!$G17 -> 0 | O21: =SUMIF('Entradas e Saídas'!$P$5:$P$44,Controle!$C21,'Entradas e Saídas'!$Q$5:$Q$44) -> 0 | P21: =SUMIF('Entradas e Saídas'!$P$5:$P$44,Controle!$C21,'Entradas e Saídas'!$R$5:$R$44) -> 0 | Q21: =O21-P21 -> 0 | R21: =Q21*Inventário!$G17 -> 0 | S21: =SUMIF('Entradas e Saídas'!$V$5:$V$44,Controle!$C21,'Entradas e Saídas'!$W$5:$W$44) -> 0 | T21: =SUMIF('Entradas e Saídas'!$V$5:$V$44,Controle!$C21,'Entradas e Saídas'!$X$5:$X$44) -> 0 | U21: =S21-T21 -> 0 | V21: =U21*Inventário!$G17 -> 0 | W21: =SUMIF('Entradas e Saídas'!$AB$5:$AB$44,Controle!$C21,'Entradas e Saídas'!$AC$5:$AC$44) -> 0 | X21: =SUMIF('Entradas e Saídas'!$AB$5:$AB$44,Controle!$C21,'Entradas e Saídas'!$AD$5:$AD$44) -> 0 | Y21: =W21-X21 -> 0 | Z21: =Y21*Inventário!$G17 -> 0 | AA21: =SUMIF('Entradas e Saídas'!$AH$5:$AH$44,Controle!$C21,'Entradas e Saídas'!$AI$5:$AI$44) -> 0 | AB21: =SUMIF('Entradas e Saídas'!$AH$5:$AH$44,Controle!$C21,'Entradas e Saídas'!$AJ$5:$AJ$44) -> 0 | AC21: =AA21-AB21 -> 0 | AD21: =AC21*Inventário!$G17 -> 0 | AE21: =SUMIF('Entradas e Saídas'!$AN$5:$AN$44,Controle!$C21,'Entradas e Saídas'!$AO$5:$AO$44) -> 0 | AF21: =SUMIF('Entradas e Saídas'!$AH$5:$AH$44,Controle!$C21,'Entradas e Saídas'!$AP$5:$AP$44) -> 0 | AG21: =AE21-AF21 -> 0 | AH21: =AG21*Inventário!$G17 -> 0 | AI21: =SUMIF('Entradas e Saídas'!$AT$5:$AT$44,Controle!$C21,'Entradas e Saídas'!$AU$5:$AU$44) -> 0 | AJ21: =SUMIF('Entradas e Saídas'!$AT$5:$AT$44,Controle!$C21,'Entradas e Saídas'!$AV$5:$AV$44) -> 0 | AK21: =AI21-AJ21 -> 0 | AL21: =AK21*Inventário!$G17 -> 0 | AM21: =SUMIF('Entradas e Saídas'!$AZ$5:$AZ$44,Controle!$C21,'Entradas e Saídas'!$BA$5:$BA$44) -> 0 | AN21: =SUMIF('Entradas e Saídas'!$AZ$5:$AZ$44,Controle!$C21,'Entradas e Saídas'!$BB$5:$BB$44) -> 0 | AO21: =AM21-AN21 -> 0 | AP21: =AO21*Inventário!$G17 -> 0 | AQ21: =SUMIF('Entradas e Saídas'!$BF$5:$BF$44,Controle!$C21,'Entradas e Saídas'!$BG$5:$BG$44) -> 0 | AR21: =SUMIF('Entradas e Saídas'!$BF$5:$BF$44,Controle!$C21,'Entradas e Saídas'!$BH$5:$BH$44) -> 0 | AS21: =AQ21-AR21 -> 0 | AT21: =AS21*Inventário!$G17 -> 0 | AU21: =SUMIF('Entradas e Saídas'!$BL$5:$BL$44,Controle!$C21,'Entradas e Saídas'!$BM$5:$BM$44) -> 0 | AV21: =SUMIF('Entradas e Saídas'!$BL$5:$BL$44,Controle!$C21,'Entradas e Saídas'!$BN$5:$BN$44) -> 0 | AW21: =AU21-AV21 -> 0 | AX21: =AW21*Inventário!$G17 -> 0 | AY21: =SUMIF('Entradas e Saídas'!$BR$5:$BR$44,Controle!$C21,'Entradas e Saídas'!$BS$5:$BS$44) -> 0 | AZ21: =SUMIF('Entradas e Saídas'!$BR$5:$BR$44,Controle!$C21,'Entradas e Saídas'!$BT$5:$BT$44) -> 0 | BA21: =AY21-AZ21 -> 0 | BB21: =BA21*Inventário!$G17 -> 0 | BE21: NOVEMBRO | BF21: =AX59 -> 0
B22: =IF(Inventário!C18="","",Inventário!C18) | C22: =IF(B22="","",VLOOKUP(B22,Inventário!$C$4:$D$53,2,FALSE)) | D22: =IF(B22="","",I22+M22+Q22+U22+Y22+AC22+AG22+AK22+AO22+AS22+AW22+BA22+Inventário!H18) | E22: =IF(B22="","",IF(D22<0,"-",(D22*Inventário!G18))) | F22: =IF(B22="","",IF(D22>Inventário!I18,"NÃO",CONCATENATE("SIM:"," ",Inventário!J18," ","unid"))) | G22: =SUMIF('Entradas e Saídas'!$D$5:$D$44,Controle!$C22,'Entradas e Saídas'!$E$5:$E$44) -> 0 | H22: =SUMIF('Entradas e Saídas'!$D$5:$D$44,Controle!$C22,'Entradas e Saídas'!$F$5:$F$44) -> 0 | I22: =G22-H22 -> 0 | J22: =I22*Inventário!G18 -> 0 | K22: =SUMIF('Entradas e Saídas'!$J$5:$J$44,Controle!$C22,'Entradas e Saídas'!$K$5:$K$44) -> 0 | L22: =SUMIF('Entradas e Saídas'!$J$5:$J$44,Controle!$C22,'Entradas e Saídas'!$L$5:$L$44) -> 0 | M22: =K22-L22 -> 0 | N22: =M22*Inventário!$G18 -> 0 | O22: =SUMIF('Entradas e Saídas'!$P$5:$P$44,Controle!$C22,'Entradas e Saídas'!$Q$5:$Q$44) -> 0 | P22: =SUMIF('Entradas e Saídas'!$P$5:$P$44,Controle!$C22,'Entradas e Saídas'!$R$5:$R$44) -> 0 | Q22: =O22-P22 -> 0 | R22: =Q22*Inventário!$G18 -> 0 | S22: =SUMIF('Entradas e Saídas'!$V$5:$V$44,Controle!$C22,'Entradas e Saídas'!$W$5:$W$44) -> 0 | T22: =SUMIF('Entradas e Saídas'!$V$5:$V$44,Controle!$C22,'Entradas e Saídas'!$X$5:$X$44) -> 0 | U22: =S22-T22 -> 0 | V22: =U22*Inventário!$G18 -> 0 | W22: =SUMIF('Entradas e Saídas'!$AB$5:$AB$44,Controle!$C22,'Entradas e Saídas'!$AC$5:$AC$44) -> 0 | X22: =SUMIF('Entradas e Saídas'!$AB$5:$AB$44,Controle!$C22,'Entradas e Saídas'!$AD$5:$AD$44) -> 0 | Y22: =W22-X22 -> 0 | Z22: =Y22*Inventário!$G18 -> 0 | AA22: =SUMIF('Entradas e Saídas'!$AH$5:$AH$44,Controle!$C22,'Entradas e Saídas'!$AI$5:$AI$44) -> 0 | AB22: =SUMIF('Entradas e Saídas'!$AH$5:$AH$44,Controle!$C22,'Entradas e Saídas'!$AJ$5:$AJ$44) -> 0 | AC22: =AA22-AB22 -> 0 | AD22: =AC22*Inventário!$G18 -> 0 | AE22: =SUMIF('Entradas e Saídas'!$AN$5:$AN$44,Controle!$C22,'Entradas e Saídas'!$AO$5:$AO$44) -> 0 | AF22: =SUMIF('Entradas e Saídas'!$AH$5:$AH$44,Controle!$C22,'Entradas e Saídas'!$AP$5:$AP$44) -> 0 | AG22: =AE22-AF22 -> 0 | AH22: =AG22*Inventário!$G18 -> 0 | AI22: =SUMIF('Entradas e Saídas'!$AT$5:$AT$44,Controle!$C22,'Entradas e Saídas'!$AU$5:$AU$44) -> 0 | AJ22: =SUMIF('Entradas e Saídas'!$AT$5:$AT$44,Controle!$C22,'Entradas e Saídas'!$AV$5:$AV$44) -> 0 | AK22: =AI22-AJ22 -> 0 | AL22: =AK22*Inventário!$G18 -> 0 | AM22: =SUMIF('Entradas e Saídas'!$AZ$5:$AZ$44,Controle!$C22,'Entradas e Saídas'!$BA$5:$BA$44) -> 0 | AN22: =SUMIF('Entradas e Saídas'!$AZ$5:$AZ$44,Controle!$C22,'Entradas e Saídas'!$BB$5:$BB$44) -> 0 | AO22: =AM22-AN22 -> 0 | AP22: =AO22*Inventário!$G18 -> 0 | AQ22: =SUMIF('Entradas e Saídas'!$BF$5:$BF$44,Controle!$C22,'Entradas e Saídas'!$BG$5:$BG$44) -> 0 | AR22: =SUMIF('Entradas e Saídas'!$BF$5:$BF$44,Controle!$C22,'Entradas e Saídas'!$BH$5:$BH$44) -> 0 | AS22: =AQ22-AR22 -> 0 | AT22: =AS22*Inventário!$G18 -> 0 | AU22: =SUMIF('Entradas e Saídas'!$BL$5:$BL$44,Controle!$C22,'Entradas e Saídas'!$BM$5:$BM$44) -> 0 | AV22: =SUMIF('Entradas e Saídas'!$BL$5:$BL$44,Controle!$C22,'Entradas e Saídas'!$BN$5:$BN$44) -> 0 | AW22: =AU22-AV22 -> 0 | AX22: =AW22*Inventário!$G18 -> 0 | AY22: =SUMIF('Entradas e Saídas'!$BR$5:$BR$44,Controle!$C22,'Entradas e Saídas'!$BS$5:$BS$44) -> 0 | AZ22: =SUMIF('Entradas e Saídas'!$BR$5:$BR$44,Controle!$C22,'Entradas e Saídas'!$BT$5:$BT$44) -> 0 | BA22: =AY22-AZ22 -> 0 | BB22: =BA22*Inventário!$G18 -> 0 | BE22: DEZEMBRO | BF22: =BB59 -> 0
B23: =IF(Inventário!C19="","",Inventário!C19) | C23: =IF(B23="","",VLOOKUP(B23,Inventário!$C$4:$D$53,2,FALSE)) | D23: =IF(B23="","",I23+M23+Q23+U23+Y23+AC23+AG23+AK23+AO23+AS23+AW23+BA23+Inventário!H19) | E23: =IF(B23="","",IF(D23<0,"-",(D23*Inventário!G19))) | F23: =IF(B23="","",IF(D23>Inventário!I19,"NÃO",CONCATENATE("SIM:"," ",Inventário!J19," ","unid"))) | G23: =SUMIF('Entradas e Saídas'!$D$5:$D$44,Controle!$C23,'Entradas e Saídas'!$E$5:$E$44) -> 0 | H23: =SUMIF('Entradas e Saídas'!$D$5:$D$44,Controle!$C23,'Entradas e Saídas'!$F$5:$F$44) -> 0 | I23: =G23-H23 -> 0 | J23: =I23*Inventário!G19 -> 0 | K23: =SUMIF('Entradas e Saídas'!$J$5:$J$44,Controle!$C23,'Entradas e Saídas'!$K$5:$K$44) -> 0 | L23: =SUMIF('Entradas e Saídas'!$J$5:$J$44,Controle!$C23,'Entradas e Saídas'!$L$5:$L$44) -> 0 | M23: =K23-L23 -> 0 | N23: =M23*Inventário!$G19 -> 0 | O23: =SUMIF('Entradas e Saídas'!$P$5:$P$44,Controle!$C23,'Entradas e Saídas'!$Q$5:$Q$44) -> 0 | P23: =SUMIF('Entradas e Saídas'!$P$5:$P$44,Controle!$C23,'Entradas e Saídas'!$R$5:$R$44) -> 0 | Q23: =O23-P23 -> 0 | R23: =Q23*Inventário!$G19 -> 0 | S23: =SUMIF('Entradas e Saídas'!$V$5:$V$44,Controle!$C23,'Entradas e Saídas'!$W$5:$W$44) -> 0 | T23: =SUMIF('Entradas e Saídas'!$V$5:$V$44,Controle!$C23,'Entradas e Saídas'!$X$5:$X$44) -> 0 | U23: =S23-T23 -> 0 | V23: =U23*Inventário!$G19 -> 0 | W23: =SUMIF('Entradas e Saídas'!$AB$5:$AB$44,Controle!$C23,'Entradas e Saídas'!$AC$5:$AC$44) -> 0 | X23: =SUMIF('Entradas e Saídas'!$AB$5:$AB$44,Controle!$C23,'Entradas e Saídas'!$AD$5:$AD$44) -> 0 | Y23: =W23-X23 -> 0 | Z23: =Y23*Inventário!$G19 -> 0 | AA23: =SUMIF('Entradas e Saídas'!$AH$5:$AH$44,Controle!$C23,'Entradas e Saídas'!$AI$5:$AI$44) -> 0 | AB23: =SUMIF('Entradas e Saídas'!$AH$5:$AH$44,Controle!$C23,'Entradas e Saídas'!$AJ$5:$AJ$44) -> 0 | AC23: =AA23-AB23 -> 0 | AD23: =AC23*Inventário!$G19 -> 0 | AE23: =SUMIF('Entradas e Saídas'!$AN$5:$AN$44,Controle!$C23,'Entradas e Saídas'!$AO$5:$AO$44) -> 0 | AF23: =SUMIF('Entradas e Saídas'!$AH$5:$AH$44,Controle!$C23,'Entradas e Saídas'!$AP$5:$AP$44) -> 0 | AG23: =AE23-AF23 -> 0 | AH23: =AG23*Inventário!$G19 -> 0 | AI23: =SUMIF('Entradas e Saídas'!$AT$5:$AT$44,Controle!$C23,'Entradas e Saídas'!$AU$5:$AU$44) -> 0 | AJ23: =SUMIF('Entradas e Saídas'!$AT$5:$AT$44,Controle!$C23,'Entradas e Saídas'!$AV$5:$AV$44) -> 0 | AK23: =AI23-AJ23 -> 0 | AL23: =AK23*Inventário!$G19 -> 0 | AM23: =SUMIF('Entradas e Saídas'!$AZ$5:$AZ$44,Controle!$C23,'Entradas e Saídas'!$BA$5:$BA$44) -> 0 | AN23: =SUMIF('Entradas e Saídas'!$AZ$5:$AZ$44,Controle!$C23,'Entradas e Saídas'!$BB$5:$BB$44) -> 0 | AO23: =AM23-AN23 -> 0 | AP23: =AO23*Inventário!$G19 -> 0 | AQ23: =SUMIF('Entradas e Saídas'!$BF$5:$BF$44,Controle!$C23,'Entradas e Saídas'!$BG$5:$BG$44) -> 0 | AR23: =SUMIF('Entradas e Saídas'!$BF$5:$BF$44,Controle!$C23,'Entradas e Saídas'!$BH$5:$BH$44) -> 0 | AS23: =AQ23-AR23 -> 0 | AT23: =AS23*Inventário!$G19 -> 0 | AU23: =SUMIF('Entradas e Saídas'!$BL$5:$BL$44,Controle!$C23,'Entradas e Saídas'!$BM$5:$BM$44) -> 0 | AV23: =SUMIF('Entradas e Saídas'!$BL$5:$BL$44,Controle!$C23,'Entradas e Saídas'!$BN$5:$BN$44) -> 0 | AW23: =AU23-AV23 -> 0 | AX23: =AW23*Inventário!$G19 -> 0 | AY23: =SUMIF('Entradas e Saídas'!$BR$5:$BR$44,Controle!$C23,'Entradas e Saídas'!$BS$5:$BS$44) -> 0 | AZ23: =SUMIF('Entradas e Saídas'!$BR$5:$BR$44,Controle!$C23,'Entradas e Saídas'!$BT$5:$BT$44) -> 0 | BA23: =AY23-AZ23 -> 0 | BB23: =BA23*Inventário!$G19 -> 0
B24: =IF(Inventário!C20="","",Inventário!C20) | C24: =IF(B24="","",VLOOKUP(B24,Inventário!$C$4:$D$53,2,FALSE)) | D24: =IF(B24="","",I24+M24+Q24+U24+Y24+AC24+AG24+AK24+AO24+AS24+AW24+BA24+Inventário!H20) | E24: =IF(B24="","",IF(D24<0,"-",(D24*Inventário!G20))) | F24: =IF(B24="","",IF(D24>Inventário!I20,"NÃO",CONCATENATE("SIM:"," ",Inventário!J20," ","unid"))) | G24: =SUMIF('Entradas e Saídas'!$D$5:$D$44,Controle!$C24,'Entradas e Saídas'!$E$5:$E$44) -> 0 | H24: =SUMIF('Entradas e Saídas'!$D$5:$D$44,Controle!$C24,'Entradas e Saídas'!$F$5:$F$44) -> 0 | I24: =G24-H24 -> 0 | J24: =I24*Inventário!G20 -> 0 | K24: =SUMIF('Entradas e Saídas'!$J$5:$J$44,Controle!$C24,'Entradas e Saídas'!$K$5:$K$44) -> 0 | L24: =SUMIF('Entradas e Saídas'!$J$5:$J$44,Controle!$C24,'Entradas e Saídas'!$L$5:$L$44) -> 0 | M24: =K24-L24 -> 0 | N24: =M24*Inventário!$G20 -> 0 | O24: =SUMIF('Entradas e Saídas'!$P$5:$P$44,Controle!$C24,'Entradas e Saídas'!$Q$5:$Q$44) -> 0 | P24: =SUMIF('Entradas e Saídas'!$P$5:$P$44,Controle!$C24,'Entradas e Saídas'!$R$5:$R$44) -> 0 | Q24: =O24-P24 -> 0 | R24: =Q24*Inventário!$G20 -> 0 | S24: =SUMIF('Entradas e Saídas'!$V$5:$V$44,Controle!$C24,'Entradas e Saídas'!$W$5:$W$44) -> 0 | T24: =SUMIF('Entradas e Saídas'!$V$5:$V$44,Controle!$C24,'Entradas e Saídas'!$X$5:$X$44) -> 0 | U24: =S24-T24 -> 0 | V24: =U24*Inventário!$G20 -> 0 | W24: =SUMIF('Entradas e Saídas'!$AB$5:$AB$44,Controle!$C24,'Entradas e Saídas'!$AC$5:$AC$44) -> 0 | X24: =SUMIF('Entradas e Saídas'!$AB$5:$AB$44,Controle!$C24,'Entradas e Saídas'!$AD$5:$AD$44) -> 0 | Y24: =W24-X24 -> 0 | Z24: =Y24*Inventário!$G20 -> 0 | AA24: =SUMIF('Entradas e Saídas'!$AH$5:$AH$44,Controle!$C24,'Entradas e Saídas'!$AI$5:$AI$44) -> 0 | AB24: =SUMIF('Entradas e Saídas'!$AH$5:$AH$44,Controle!$C24,'Entradas e Saídas'!$AJ$5:$AJ$44) -> 0 | AC24: =AA24-AB24 -> 0 | AD24: =AC24*Inventário!$G20 -> 0 | AE24: =SUMIF('Entradas e Saídas'!$AN$5:$AN$44,Controle!$C24,'Entradas e Saídas'!$AO$5:$AO$44) -> 0 | AF24: =SUMIF('Entradas e Saídas'!$AH$5:$AH$44,Controle!$C24,'Entradas e Saídas'!$AP$5:$AP$44) -> 0 | AG24: =AE24-AF24 -> 0 | AH24: =AG24*Inventário!$G20 -> 0 | AI24: =SUMIF('Entradas e Saídas'!$AT$5:$AT$44,Controle!$C24,'Entradas e Saídas'!$AU$5:$AU$44) -> 0 | AJ24: =SUMIF('Entradas e Saídas'!$AT$5:$AT$44,Controle!$C24,'Entradas e Saídas'!$AV$5:$AV$44) -> 0 | AK24: =AI24-AJ24 -> 0 | AL24: =AK24*Inventário!$G20 -> 0 | AM24: =SUMIF('Entradas e Saídas'!$AZ$5:$AZ$44,Controle!$C24,'Entradas e Saídas'!$BA$5:$BA$44) -> 0 | AN24: =SUMIF('Entradas e Saídas'!$AZ$5:$AZ$44,Controle!$C24,'Entradas e Saídas'!$BB$5:$BB$44) -> 0 | AO24: =AM24-AN24 -> 0 | AP24: =AO24*Inventário!$G20 -> 0 | AQ24: =SUMIF('Entradas e Saídas'!$BF$5:$BF$44,Controle!$C24,'Entradas e Saídas'!$BG$5:$BG$44) -> 0 | AR24: =SUMIF('Entradas e Saídas'!$BF$5:$BF$44,Controle!$C24,'Entradas e Saídas'!$BH$5:$BH$44) -> 0 | AS24: =AQ24-AR24 -> 0 | AT24: =AS24*Inventário!$G20 -> 0 | AU24: =SUMIF('Entradas e Saídas'!$BL$5:$BL$44,Controle!$C24,'Entradas e Saídas'!$BM$5:$BM$44) -> 0 | AV24: =SUMIF('Entradas e Saídas'!$BL$5:$BL$44,Controle!$C24,'Entradas e Saídas'!$BN$5:$BN$44) -> 0 | AW24: =AU24-AV24 -> 0 | AX24: =AW24*Inventário!$G20 -> 0 | AY24: =SUMIF('Entradas e Saídas'!$BR$5:$BR$44,Controle!$C24,'Entradas e Saídas'!$BS$5:$BS$44) -> 0 | AZ24: =SUMIF('Entradas e Saídas'!$BR$5:$BR$44,Controle!$C24,'Entradas e Saídas'!$BT$5:$BT$44) -> 0 | BA24: =AY24-AZ24 -> 0 | BB24: =BA24*Inventário!$G20 -> 0
B25: =IF(Inventário!C21="","",Inventário!C21) | C25: =IF(B25="","",VLOOKUP(B25,Inventário!$C$4:$D$53,2,FALSE)) | D25: =IF(B25="","",I25+M25+Q25+U25+Y25+AC25+AG25+AK25+AO25+AS25+AW25+BA25+Inventário!H21) | E25: =IF(B25="","",IF(D25<0,"-",(D25*Inventário!G21))) | F25: =IF(B25="","",IF(D25>Inventário!I21,"NÃO",CONCATENATE("SIM:"," ",Inventário!J21," ","unid"))) | G25: =SUMIF('Entradas e Saídas'!$D$5:$D$44,Controle!$C25,'Entradas e Saídas'!$E$5:$E$44) -> 0 | H25: =SUMIF('Entradas e Saídas'!$D$5:$D$44,Controle!$C25,'Entradas e Saídas'!$F$5:$F$44) -> 0 | I25: =G25-H25 -> 0 | J25: =I25*Inventário!G21 -> 0 | K25: =SUMIF('Entradas e Saídas'!$J$5:$J$44,Controle!$C25,'Entradas e Saídas'!$K$5:$K$44) -> 0 | L25: =SUMIF('Entradas e Saídas'!$J$5:$J$44,Controle!$C25,'Entradas e Saídas'!$L$5:$L$44) -> 0 | M25: =K25-L25 -> 0 | N25: =M25*Inventário!$G21 -> 0 | O25: =SUMIF('Entradas e Saídas'!$P$5:$P$44,Controle!$C25,'Entradas e Saídas'!$Q$5:$Q$44) -> 0 | P25: =SUMIF('Entradas e Saídas'!$P$5:$P$44,Controle!$C25,'Entradas e Saídas'!$R$5:$R$44) -> 0 | Q25: =O25-P25 -> 0 | R25: =Q25*Inventário!$G21 -> 0 | S25: =SUMIF('Entradas e Saídas'!$V$5:$V$44,Controle!$C25,'Entradas e Saídas'!$W$5:$W$44) -> 0 | T25: =SUMIF('Entradas e Saídas'!$V$5:$V$44,Controle!$C25,'Entradas e Saídas'!$X$5:$X$44) -> 0 | U25: =S25-T25 -> 0 | V25: =U25*Inventário!$G21 -> 0 | W25: =SUMIF('Entradas e Saídas'!$AB$5:$AB$44,Controle!$C25,'Entradas e Saídas'!$AC$5:$AC$44) -> 0 | X25: =SUMIF('Entradas e Saídas'!$AB$5:$AB$44,Controle!$C25,'Entradas e Saídas'!$AD$5:$AD$44) -> 0 | Y25: =W25-X25 -> 0 | Z25: =Y25*Inventário!$G21 -> 0 | AA25: =SUMIF('Entradas e Saídas'!$AH$5:$AH$44,Controle!$C25,'Entradas e Saídas'!$AI$5:$AI$44) -> 0 | AB25: =SUMIF('Entradas e Saídas'!$AH$5:$AH$44,Controle!$C25,'Entradas e Saídas'!$AJ$5:$AJ$44) -> 0 | AC25: =AA25-AB25 -> 0 | AD25: =AC25*Inventário!$G21 -> 0 | AE25: =SUMIF('Entradas e Saídas'!$AN$5:$AN$44,Controle!$C25,'Entradas e Saídas'!$AO$5:$AO$44) -> 0 | AF25: =SUMIF('Entradas e Saídas'!$AH$5:$AH$44,Controle!$C25,'Entradas e Saídas'!$AP$5:$AP$44) -> 0 | AG25: =AE25-AF25 -> 0 | AH25: =AG25*Inventário!$G21 -> 0 | AI25: =SUMIF('Entradas e Saídas'!$AT$5:$AT$44,Controle!$C25,'Entradas e Saídas'!$AU$5:$AU$44) -> 0 | AJ25: =SUMIF('Entradas e Saídas'!$AT$5:$AT$44,Controle!$C25,'Entradas e Saídas'!$AV$5:$AV$44) -> 0 | AK25: =AI25-AJ25 -> 0 | AL25: =AK25*Inventário!$G21 -> 0 | AM25: =SUMIF('Entradas e Saídas'!$AZ$5:$AZ$44,Controle!$C25,'Entradas e Saídas'!$BA$5:$BA$44) -> 0 | AN25: =SUMIF('Entradas e Saídas'!$AZ$5:$AZ$44,Controle!$C25,'Entradas e Saídas'!$BB$5:$BB$44) -> 0 | AO25: =AM25-AN25 -> 0 | AP25: =AO25*Inventário!$G21 -> 0 | AQ25: =SUMIF('Entradas e Saídas'!$BF$5:$BF$44,Controle!$C25,'Entradas e Saídas'!$BG$5:$BG$44) -> 0 | AR25: =SUMIF('Entradas e Saídas'!$BF$5:$BF$44,Controle!$C25,'Entradas e Saídas'!$BH$5:$BH$44) -> 0 | AS25: =AQ25-AR25 -> 0 | AT25: =AS25*Inventário!$G21 -> 0 | AU25: =SUMIF('Entradas e Saídas'!$BL$5:$BL$44,Controle!$C25,'Entradas e Saídas'!$BM$5:$BM$44) -> 0 | AV25: =SUMIF('Entradas e Saídas'!$BL$5:$BL$44,Controle!$C25,'Entradas e Saídas'!$BN$5:$BN$44) -> 0 | AW25: =AU25-AV25 -> 0 | AX25: =AW25*Inventário!$G21 -> 0 | AY25: =SUMIF('Entradas e Saídas'!$BR$5:$BR$44,Controle!$C25,'Entradas e Saídas'!$BS$5:$BS$44) -> 0 | AZ25: =SUMIF('Entradas e Saídas'!$BR$5:$BR$44,Controle!$C25,'Entradas e Saídas'!$BT$5:$BT$44) -> 0 | BA25: =AY25-AZ25 -> 0 | BB25: =BA25*Inventário!$G21 -> 0
B26: =IF(Inventário!C22="","",Inventário!C22) | C26: =IF(B26="","",VLOOKUP(B26,Inventário!$C$4:$D$53,2,FALSE)) | D26: =IF(B26="","",I26+M26+Q26+U26+Y26+AC26+AG26+AK26+AO26+AS26+AW26+BA26+Inventário!H22) | E26: =IF(B26="","",IF(D26<0,"-",(D26*Inventário!G22))) | F26: =IF(B26="","",IF(D26>Inventário!I22,"NÃO",CONCATENATE("SIM:"," ",Inventário!J22," ","unid"))) | G26: =SUMIF('Entradas e Saídas'!$D$5:$D$44,Controle!$C26,'Entradas e Saídas'!$E$5:$E$44) -> 0 | H26: =SUMIF('Entradas e Saídas'!$D$5:$D$44,Controle!$C26,'Entradas e Saídas'!$F$5:$F$44) -> 0 | I26: =G26-H26 -> 0 | J26: =I26*Inventário!G22 -> 0 | K26: =SUMIF('Entradas e Saídas'!$J$5:$J$44,Controle!$C26,'Entradas e Saídas'!$K$5:$K$44) -> 0 | L26: =SUMIF('Entradas e Saídas'!$J$5:$J$44,Controle!$C26,'Entradas e Saídas'!$L$5:$L$44) -> 0 | M26: =K26-L26 -> 0 | N26: =M26*Inventário!$G22 -> 0 | O26: =SUMIF('Entradas e Saídas'!$P$5:$P$44,Controle!$C26,'Entradas e Saídas'!$Q$5:$Q$44) -> 0 | P26: =SUMIF('Entradas e Saídas'!$P$5:$P$44,Controle!$C26,'Entradas e Saídas'!$R$5:$R$44) -> 0 | Q26: =O26-P26 -> 0 | R26: =Q26*Inventário!$G22 -> 0 | S26: =SUMIF('Entradas e Saídas'!$V$5:$V$44,Controle!$C26,'Entradas e Saídas'!$W$5:$W$44) -> 0 | T26: =SUMIF('Entradas e Saídas'!$V$5:$V$44,Controle!$C26,'Entradas e Saídas'!$X$5:$X$44) -> 0 | U26: =S26-T26 -> 0 | V26: =U26*Inventário!$G22 -> 0 | W26: =SUMIF('Entradas e Saídas'!$AB$5:$AB$44,Controle!$C26,'Entradas e Saídas'!$AC$5:$AC$44) -> 0 | X26: =SUMIF('Entradas e Saídas'!$AB$5:$AB$44,Controle!$C26,'Entradas e Saídas'!$AD$5:$AD$44) -> 0 | Y26: =W26-X26 -> 0 | Z26: =Y26*Inventário!$G22 -> 0 | AA26: =SUMIF('Entradas e Saídas'!$AH$5:$AH$44,Controle!$C26,'Entradas e Saídas'!$AI$5:$AI$44) -> 0 | AB26: =SUMIF('Entradas e Saídas'!$AH$5:$AH$44,Controle!$C26,'Entradas e Saídas'!$AJ$5:$AJ$44) -> 0 | AC26: =AA26-AB26 -> 0 | AD26: =AC26*Inventário!$G22 -> 0 | AE26: =SUMIF('Entradas e Saídas'!$AN$5:$AN$44,Controle!$C26,'Entradas e Saídas'!$AO$5:$AO$44) -> 0 | AF26: =SUMIF('Entradas e Saídas'!$AH$5:$AH$44,Controle!$C26,'Entradas e Saídas'!$AP$5:$AP$44) -> 0 | AG26: =AE26-AF26 -> 0 | AH26: =AG26*Inventário!$G22 -> 0 | AI26: =SUMIF('Entradas e Saídas'!$AT$5:$AT$44,Controle!$C26,'Entradas e Saídas'!$AU$5:$AU$44) -> 0 | AJ26: =SUMIF('Entradas e Saídas'!$AT$5:$AT$44,Controle!$C26,'Entradas e Saídas'!$AV$5:$AV$44) -> 0 | AK26: =AI26-AJ26 -> 0 | AL26: =AK26*Inventário!$G22 -> 0 | AM26: =SUMIF('Entradas e Saídas'!$AZ$5:$AZ$44,Controle!$C26,'Entradas e Saídas'!$BA$5:$BA$44) -> 0 | AN26: =SUMIF('Entradas e Saídas'!$AZ$5:$AZ$44,Controle!$C26,'Entradas e Saídas'!$BB$5:$BB$44) -> 0 | AO26: =AM26-AN26 -> 0 | AP26: =AO26*Inventário!$G22 -> 0 | AQ26: =SUMIF('Entradas e Saídas'!$BF$5:$BF$44,Controle!$C26,'Entradas e Saídas'!$BG$5:$BG$44) -> 0 | AR26: =SUMIF('Entradas e Saídas'!$BF$5:$BF$44,Controle!$C26,'Entradas e Saídas'!$BH$5:$BH$44) -> 0 | AS26: =AQ26-AR26 -> 0 | AT26: =AS26*Inventário!$G22 -> 0 | AU26: =SUMIF('Entradas e Saídas'!$BL$5:$BL$44,Controle!$C26,'Entradas e Saídas'!$BM$5:$BM$44) -> 0 | AV26: =SUMIF('Entradas e Saídas'!$BL$5:$BL$44,Controle!$C26,'Entradas e Saídas'!$BN$5:$BN$44) -> 0 | AW26: =AU26-AV26 -> 0 | AX26: =AW26*Inventário!$G22 -> 0 | AY26: =SUMIF('Entradas e Saídas'!$BR$5:$BR$44,Controle!$C26,'Entradas e Saídas'!$BS$5:$BS$44) -> 0 | AZ26: =SUMIF('Entradas e Saídas'!$BR$5:$BR$44,Controle!$C26,'Entradas e Saídas'!$BT$5:$BT$44) -> 0 | BA26: =AY26-AZ26 -> 0 | BB26: =BA26*Inventário!$G22 -> 0
B27: =IF(Inventário!C23="","",Inventário!C23) | C27: =IF(B27="","",VLOOKUP(B27,Inventário!$C$4:$D$53,2,FALSE)) | D27: =IF(B27="","",I27+M27+Q27+U27+Y27+AC27+AG27+AK27+AO27+AS27+AW27+BA27+Inventário!H23) | E27: =IF(B27="","",IF(D27<0,"-",(D27*Inventário!G23))) | F27: =IF(B27="","",IF(D27>Inventário!I23,"NÃO",CONCATENATE("SIM:"," ",Inventário!J23," ","unid"))) | G27: =SUMIF('Entradas e Saídas'!$D$5:$D$44,Controle!$C27,'Entradas e Saídas'!$E$5:$E$44) -> 0 | H27: =SUMIF('Entradas e Saídas'!$D$5:$D$44,Controle!$C27,'Entradas e Saídas'!$F$5:$F$44) -> 0 | I27: =G27-H27 -> 0 | J27: =I27*Inventário!G23 -> 0 | K27: =SUMIF('Entradas e Saídas'!$J$5:$J$44,Controle!$C27,'Entradas e Saídas'!$K$5:$K$44) -> 0 | L27: =SUMIF('Entradas e Saídas'!$J$5:$J$44,Controle!$C27,'Entradas e Saídas'!$L$5:$L$44) -> 0 | M27: =K27-L27 -> 0 | N27: =M27*Inventário!$G23 -> 0 | O27: =SUMIF('Entradas e Saídas'!$P$5:$P$44,Controle!$C27,'Entradas e Saídas'!$Q$5:$Q$44) -> 0 | P27: =SUMIF('Entradas e Saídas'!$P$5:$P$44,Controle!$C27,'Entradas e Saídas'!$R$5:$R$44) -> 0 | Q27: =O27-P27 -> 0 | R27: =Q27*Inventário!$G23 -> 0 | S27: =SUMIF('Entradas e Saídas'!$V$5:$V$44,Controle!$C27,'Entradas e Saídas'!$W$5:$W$44) -> 0 | T27: =SUMIF('Entradas e Saídas'!$V$5:$V$44,Controle!$C27,'Entradas e Saídas'!$X$5:$X$44) -> 0 | U27: =S27-T27 -> 0 | V27: =U27*Inventário!$G23 -> 0 | W27: =SUMIF('Entradas e Saídas'!$AB$5:$AB$44,Controle!$C27,'Entradas e Saídas'!$AC$5:$AC$44) -> 0 | X27: =SUMIF('Entradas e Saídas'!$AB$5:$AB$44,Controle!$C27,'Entradas e Saídas'!$AD$5:$AD$44) -> 0 | Y27: =W27-X27 -> 0 | Z27: =Y27*Inventário!$G23 -> 0 | AA27: =SUMIF('Entradas e Saídas'!$AH$5:$AH$44,Controle!$C27,'Entradas e Saídas'!$AI$5:$AI$44) -> 0 | AB27: =SUMIF('Entradas e Saídas'!$AH$5:$AH$44,Controle!$C27,'Entradas e Saídas'!$AJ$5:$AJ$44) -> 0 | AC27: =AA27-AB27 -> 0 | AD27: =AC27*Inventário!$G23 -> 0 | AE27: =SUMIF('Entradas e Saídas'!$AN$5:$AN$44,Controle!$C27,'Entradas e Saídas'!$AO$5:$AO$44) -> 0 | AF27: =SUMIF('Entradas e Saídas'!$AH$5:$AH$44,Controle!$C27,'Entradas e Saídas'!$AP$5:$AP$44) -> 0 | AG27: =AE27-AF27 -> 0 | AH27: =AG27*Inventário!$G23 -> 0 | AI27: =SUMIF('Entradas e Saídas'!$AT$5:$AT$44,Controle!$C27,'Entradas e Saídas'!$AU$5:$AU$44) -> 0 | AJ27: =SUMIF('Entradas e Saídas'!$AT$5:$AT$44,Controle!$C27,'Entradas e Saídas'!$AV$5:$AV$44) -> 0 | AK27: =AI27-AJ27 -> 0 | AL27: =AK27*Inventário!$G23 -> 0 | AM27: =SUMIF('Entradas e Saídas'!$AZ$5:$AZ$44,Controle!$C27,'Entradas e Saídas'!$BA$5:$BA$44) -> 0 | AN27: =SUMIF('Entradas e Saídas'!$AZ$5:$AZ$44,Controle!$C27,'Entradas e Saídas'!$BB$5:$BB$44) -> 0 | AO27: =AM27-AN27 -> 0 | AP27: =AO27*Inventário!$G23 -> 0 | AQ27: =SUMIF('Entradas e Saídas'!$BF$5:$BF$44,Controle!$C27,'Entradas e Saídas'!$BG$5:$BG$44) -> 0 | AR27: =SUMIF('Entradas e Saídas'!$BF$5:$BF$44,Controle!$C27,'Entradas e Saídas'!$BH$5:$BH$44) -> 0 | AS27: =AQ27-AR27 -> 0 | AT27: =AS27*Inventário!$G23 -> 0 | AU27: =SUMIF('Entradas e Saídas'!$BL$5:$BL$44,Controle!$C27,'Entradas e Saídas'!$BM$5:$BM$44) -> 0 | AV27: =SUMIF('Entradas e Saídas'!$BL$5:$BL$44,Controle!$C27,'Entradas e Saídas'!$BN$5:$BN$44) -> 0 | AW27: =AU27-AV27 -> 0 | AX27: =AW27*Inventário!$G23 -> 0 | AY27: =SUMIF('Entradas e Saídas'!$BR$5:$BR$44,Controle!$C27,'Entradas e Saídas'!$BS$5:$BS$44) -> 0 | AZ27: =SUMIF('Entradas e Saídas'!$BR$5:$BR$44,Controle!$C27,'Entradas e Saídas'!$BT$5:$BT$44) -> 0 | BA27: =AY27-AZ27 -> 0 | BB27: =BA27*Inventário!$G23 -> 0
B28: =IF(Inventário!C24="","",Inventário!C24) | C28: =IF(B28="","",VLOOKUP(B28,Inventário!$C$4:$D$53,2,FALSE)) | D28: =IF(B28="","",I28+M28+Q28+U28+Y28+AC28+AG28+AK28+AO28+AS28+AW28+BA28+Inventário!H24) | E28: =IF(B28="","",IF(D28<0,"-",(D28*Inventário!G24))) | F28: =IF(B28="","",IF(D28>Inventário!I24,"NÃO",CONCATENATE("SIM:"," ",Inventário!J24," ","unid"))) | G28: =SUMIF('Entradas e Saídas'!$D$5:$D$44,Controle!$C28,'Entradas e Saídas'!$E$5:$E$44) -> 0 | H28: =SUMIF('Entradas e Saídas'!$D$5:$D$44,Controle!$C28,'Entradas e Saídas'!$F$5:$F$44) -> 0 | I28: =G28-H28 -> 0 | J28: =I28*Inventário!G24 -> 0 | K28: =SUMIF('Entradas e Saídas'!$J$5:$J$44,Controle!$C28,'Entradas e Saídas'!$K$5:$K$44) -> 0 | L28: =SUMIF('Entradas e Saídas'!$J$5:$J$44,Controle!$C28,'Entradas e Saídas'!$L$5:$L$44) -> 0 | M28: =K28-L28 -> 0 | N28: =M28*Inventário!$G24 -> 0 | O28: =SUMIF('Entradas e Saídas'!$P$5:$P$44,Controle!$C28,'Entradas e Saídas'!$Q$5:$Q$44) -> 0 | P28: =SUMIF('Entradas e Saídas'!$P$5:$P$44,Controle!$C28,'Entradas e Saídas'!$R$5:$R$44) -> 0 | Q28: =O28-P28 -> 0 | R28: =Q28*Inventário!$G24 -> 0 | S28: =SUMIF('Entradas e Saídas'!$V$5:$V$44,Controle!$C28,'Entradas e Saídas'!$W$5:$W$44) -> 0 | T28: =SUMIF('Entradas e Saídas'!$V$5:$V$44,Controle!$C28,'Entradas e Saídas'!$X$5:$X$44) -> 0 | U28: =S28-T28 -> 0 | V28: =U28*Inventário!$G24 -> 0 | W28: =SUMIF('Entradas e Saídas'!$AB$5:$AB$44,Controle!$C28,'Entradas e Saídas'!$AC$5:$AC$44) -> 0 | X28: =SUMIF('Entradas e Saídas'!$AB$5:$AB$44,Controle!$C28,'Entradas e Saídas'!$AD$5:$AD$44) -> 0 | Y28: =W28-X28 -> 0 | Z28: =Y28*Inventário!$G24 -> 0 | AA28: =SUMIF('Entradas e Saídas'!$AH$5:$AH$44,Controle!$C28,'Entradas e Saídas'!$AI$5:$AI$44) -> 0 | AB28: =SUMIF('Entradas e Saídas'!$AH$5:$AH$44,Controle!$C28,'Entradas e Saídas'!$AJ$5:$AJ$44) -> 0 | AC28: =AA28-AB28 -> 0 | AD28: =AC28*Inventário!$G24 -> 0 | AE28: =SUMIF('Entradas e Saídas'!$AN$5:$AN$44,Controle!$C28,'Entradas e Saídas'!$AO$5:$AO$44) -> 0 | AF28: =SUMIF('Entradas e Saídas'!$AH$5:$AH$44,Controle!$C28,'Entradas e Saídas'!$AP$5:$AP$44) -> 0 | AG28: =AE28-AF28 -> 0 | AH28: =AG28*Inventário!$G24 -> 0 | AI28: =SUMIF('Entradas e Saídas'!$AT$5:$AT$44,Controle!$C28,'Entradas e Saídas'!$AU$5:$AU$44) -> 0 | AJ28: =SUMIF('Entradas e Saídas'!$AT$5:$AT$44,Controle!$C28,'Entradas e Saídas'!$AV$5:$AV$44) -> 0 | AK28: =AI28-AJ28 -> 0 | AL28: =AK28*Inventário!$G24 -> 0 | AM28: =SUMIF('Entradas e Saídas'!$AZ$5:$AZ$44,Controle!$C28,'Entradas e Saídas'!$BA$5:$BA$44) -> 0 | AN28: =SUMIF('Entradas e Saídas'!$AZ$5:$AZ$44,Controle!$C28,'Entradas e Saídas'!$BB$5:$BB$44) -> 0 | AO28: =AM28-AN28 -> 0 | AP28: =AO28*Inventário!$G24 -> 0 | AQ28: =SUMIF('Entradas e Saídas'!$BF$5:$BF$44,Controle!$C28,'Entradas e Saídas'!$BG$5:$BG$44) -> 0 | AR28: =SUMIF('Entradas e Saídas'!$BF$5:$BF$44,Controle!$C28,'Entradas e Saídas'!$BH$5:$BH$44) -> 0 | AS28: =AQ28-AR28 -> 0 | AT28: =AS28*Inventário!$G24 -> 0 | AU28: =SUMIF('Entradas e Saídas'!$BL$5:$BL$44,Controle!$C28,'Entradas e Saídas'!$BM$5:$BM$44) -> 0 | AV28: =SUMIF('Entradas e Saídas'!$BL$5:$BL$44,Controle!$C28,'Entradas e Saídas'!$BN$5:$BN$44) -> 0 | AW28: =AU28-AV28 -> 0 | AX28: =AW28*Inventário!$G24 -> 0 | AY28: =SUMIF('Entradas e Saídas'!$BR$5:$BR$44,Controle!$C28,'Entradas e Saídas'!$BS$5:$BS$44) -> 0 | AZ28: =SUMIF('Entradas e Saídas'!$BR$5:$BR$44,Controle!$C28,'Entradas e Saídas'!$BT$5:$BT$44) -> 0 | BA28: =AY28-AZ28 -> 0 | BB28: =BA28*Inventário!$G24 -> 0
B29: =IF(Inventário!C25="","",Inventário!C25) | C29: =IF(B29="","",VLOOKUP(B29,Inventário!$C$4:$D$53,2,FALSE)) | D29: =IF(B29="","",I29+M29+Q29+U29+Y29+AC29+AG29+AK29+AO29+AS29+AW29+BA29+Inventário!H25) | E29: =IF(B29="","",IF(D29<0,"-",(D29*Inventário!G25))) | F29: =IF(B29="","",IF(D29>Inventário!I25,"NÃO",CONCATENATE("SIM:"," ",Inventário!J25," ","unid"))) | G29: =SUMIF('Entradas e Saídas'!$D$5:$D$44,Controle!$C29,'Entradas e Saídas'!$E$5:$E$44) -> 0 | H29: =SUMIF('Entradas e Saídas'!$D$5:$D$44,Controle!$C29,'Entradas e Saídas'!$F$5:$F$44) -> 0 | I29: =G29-H29 -> 0 | J29: =I29*Inventário!G25 -> 0 | K29: =SUMIF('Entradas e Saídas'!$J$5:$J$44,Controle!$C29,'Entradas e Saídas'!$K$5:$K$44) -> 0 | L29: =SUMIF('Entradas e Saídas'!$J$5:$J$44,Controle!$C29,'Entradas e Saídas'!$L$5:$L$44) -> 0 | M29: =K29-L29 -> 0 | N29: =M29*Inventário!$G25 -> 0 | O29: =SUMIF('Entradas e Saídas'!$P$5:$P$44,Controle!$C29,'Entradas e Saídas'!$Q$5:$Q$44) -> 0 | P29: =SUMIF('Entradas e Saídas'!$P$5:$P$44,Controle!$C29,'Entradas e Saídas'!$R$5:$R$44) -> 0 | Q29: =O29-P29 -> 0 | R29: =Q29*Inventário!$G25 -> 0 | S29: =SUMIF('Entradas e Saídas'!$V$5:$V$44,Controle!$C29,'Entradas e Saídas'!$W$5:$W$44) -> 0 | T29: =SUMIF('Entradas e Saídas'!$V$5:$V$44,Controle!$C29,'Entradas e Saídas'!$X$5:$X$44) -> 0 | U29: =S29-T29 -> 0 | V29: =U29*Inventário!$G25 -> 0 | W29: =SUMIF('Entradas e Saídas'!$AB$5:$AB$44,Controle!$C29,'Entradas e Saídas'!$AC$5:$AC$44) -> 0 | X29: =SUMIF('Entradas e Saídas'!$AB$5:$AB$44,Controle!$C29,'Entradas e Saídas'!$AD$5:$AD$44) -> 0 | Y29: =W29-X29 -> 0 | Z29: =Y29*Inventário!$G25 -> 0 | AA29: =SUMIF('Entradas e Saídas'!$AH$5:$AH$44,Controle!$C29,'Entradas e Saídas'!$AI$5:$AI$44) -> 0 | AB29: =SUMIF('Entradas e Saídas'!$AH$5:$AH$44,Controle!$C29,'Entradas e Saídas'!$AJ$5:$AJ$44) -> 0 | AC29: =AA29-AB29 -> 0 | AD29: =AC29*Inventário!$G25 -> 0 | AE29: =SUMIF('Entradas e Saídas'!$AN$5:$AN$44,Controle!$C29,'Entradas e Saídas'!$AO$5:$AO$44) -> 0 | AF29: =SUMIF('Entradas e Saídas'!$AH$5:$AH$44,Controle!$C29,'Entradas e Saídas'!$AP$5:$AP$44) -> 0 | AG29: =AE29-AF29 -> 0 | AH29: =AG29*Inventário!$G25 -> 0 | AI29: =SUMIF('Entradas e Saídas'!$AT$5:$AT$44,Controle!$C29,'Entradas e Saídas'!$AU$5:$AU$44) -> 0 | AJ29: =SUMIF('Entradas e Saídas'!$AT$5:$AT$44,Controle!$C29,'Entradas e Saídas'!$AV$5:$AV$44) -> 0 | AK29: =AI29-AJ29 -> 0 | AL29: =AK29*Inventário!$G25 -> 0 | AM29: =SUMIF('Entradas e Saídas'!$AZ$5:$AZ$44,Controle!$C29,'Entradas e Saídas'!$BA$5:$BA$44) -> 0 | AN29: =SUMIF('Entradas e Saídas'!$AZ$5:$AZ$44,Controle!$C29,'Entradas e Saídas'!$BB$5:$BB$44) -> 0 | AO29: =AM29-AN29 -> 0 | AP29: =AO29*Inventário!$G25 -> 0 | AQ29: =SUMIF('Entradas e Saídas'!$BF$5:$BF$44,Controle!$C29,'Entradas e Saídas'!$BG$5:$BG$44) -> 0 | AR29: =SUMIF('Entradas e Saídas'!$BF$5:$BF$44,Controle!$C29,'Entradas e Saídas'!$BH$5:$BH$44) -> 0 | AS29: =AQ29-AR29 -> 0 | AT29: =AS29*Inventário!$G25 -> 0 | AU29: =SUMIF('Entradas e Saídas'!$BL$5:$BL$44,Controle!$C29,'Entradas e Saídas'!$BM$5:$BM$44) -> 0 | AV29: =SUMIF('Entradas e Saídas'!$BL$5:$BL$44,Controle!$C29,'Entradas e Saídas'!$BN$5:$BN$44) -> 0 | AW29: =AU29-AV29 -> 0 | AX29: =AW29*Inventário!$G25 -> 0 | AY29: =SUMIF('Entradas e Saídas'!$BR$5:$BR$44,Controle!$C29,'Entradas e Saídas'!$BS$5:$BS$44) -> 0 | AZ29: =SUMIF('Entradas e Saídas'!$BR$5:$BR$44,Controle!$C29,'Entradas e Saídas'!$BT$5:$BT$44) -> 0 | BA29: =AY29-AZ29 -> 0 | BB29: =BA29*Inventário!$G25 -> 0
B30: =IF(Inventário!C26="","",Inventário!C26) | C30: =IF(B30="","",VLOOKUP(B30,Inventário!$C$4:$D$53,2,FALSE)) | D30: =IF(B30="","",I30+M30+Q30+U30+Y30+AC30+AG30+AK30+AO30+AS30+AW30+BA30+Inventário!H26) | E30: =IF(B30="","",IF(D30<0,"-",(D30*Inventário!G26))) | F30: =IF(B30="","",IF(D30>Inventário!I26,"NÃO",CONCATENATE("SIM:"," ",Inventário!J26," ","unid"))) | G30: =SUMIF('Entradas e Saídas'!$D$5:$D$44,Controle!$C30,'Entradas e Saídas'!$E$5:$E$44) -> 0 | H30: =SUMIF('Entradas e Saídas'!$D$5:$D$44,Controle!$C30,'Entradas e Saídas'!$F$5:$F$44) -> 0 | I30: =G30-H30 -> 0 | J30: =I30*Inventário!G26 -> 0 | K30: =SUMIF('Entradas e Saídas'!$J$5:$J$44,Controle!$C30,'Entradas e Saídas'!$K$5:$K$44) -> 0 | L30: =SUMIF('Entradas e Saídas'!$J$5:$J$44,Controle!$C30,'Entradas e Saídas'!$L$5:$L$44) -> 0 | M30: =K30-L30 -> 0 | N30: =M30*Inventário!$G26 -> 0 | O30: =SUMIF('Entradas e Saídas'!$P$5:$P$44,Controle!$C30,'Entradas e Saídas'!$Q$5:$Q$44) -> 0 | P30: =SUMIF('Entradas e Saídas'!$P$5:$P$44,Controle!$C30,'Entradas e Saídas'!$R$5:$R$44) -> 0 | Q30: =O30-P30 -> 0 | R30: =Q30*Inventário!$G26 -> 0 | S30: =SUMIF('Entradas e Saídas'!$V$5:$V$44,Controle!$C30,'Entradas e Saídas'!$W$5:$W$44) -> 0 | T30: =SUMIF('Entradas e Saídas'!$V$5:$V$44,Controle!$C30,'Entradas e Saídas'!$X$5:$X$44) -> 0 | U30: =S30-T30 -> 0 | V30: =U30*Inventário!$G26 -> 0 | W30: =SUMIF('Entradas e Saídas'!$AB$5:$AB$44,Controle!$C30,'Entradas e Saídas'!$AC$5:$AC$44) -> 0 | X30: =SUMIF('Entradas e Saídas'!$AB$5:$AB$44,Controle!$C30,'Entradas e Saídas'!$AD$5:$AD$44) -> 0 | Y30: =W30-X30 -> 0 | Z30: =Y30*Inventário!$G26 -> 0 | AA30: =SUMIF('Entradas e Saídas'!$AH$5:$AH$44,Controle!$C30,'Entradas e Saídas'!$AI$5:$AI$44) -> 0 | AB30: =SUMIF('Entradas e Saídas'!$AH$5:$AH$44,Controle!$C30,'Entradas e Saídas'!$AJ$5:$AJ$44) -> 0 | AC30: =AA30-AB30 -> 0 | AD30: =AC30*Inventário!$G26 -> 0 | AE30: =SUMIF('Entradas e Saídas'!$AN$5:$AN$44,Controle!$C30,'Entradas e Saídas'!$AO$5:$AO$44) -> 0 | AF30: =SUMIF('Entradas e Saídas'!$AH$5:$AH$44,Controle!$C30,'Entradas e Saídas'!$AP$5:$AP$44) -> 0 | AG30: =AE30-AF30 -> 0 | AH30: =AG30*Inventário!$G26 -> 0 | AI30: =SUMIF('Entradas e Saídas'!$AT$5:$AT$44,Controle!$C30,'Entradas e Saídas'!$AU$5:$AU$44) -> 0 | AJ30: =SUMIF('Entradas e Saídas'!$AT$5:$AT$44,Controle!$C30,'Entradas e Saídas'!$AV$5:$AV$44) -> 0 | AK30: =AI30-AJ30 -> 0 | AL30: =AK30*Inventário!$G26 -> 0 | AM30: =SUMIF('Entradas e Saídas'!$AZ$5:$AZ$44,Controle!$C30,'Entradas e Saídas'!$BA$5:$BA$44) -> 0 | AN30: =SUMIF('Entradas e Saídas'!$AZ$5:$AZ$44,Controle!$C30,'Entradas e Saídas'!$BB$5:$BB$44) -> 0 | AO30: =AM30-AN30 -> 0 | AP30: =AO30*Inventário!$G26 -> 0 | AQ30: =SUMIF('Entradas e Saídas'!$BF$5:$BF$44,Controle!$C30,'Entradas e Saídas'!$BG$5:$BG$44) -> 0 | AR30: =SUMIF('Entradas e Saídas'!$BF$5:$BF$44,Controle!$C30,'Entradas e Saídas'!$BH$5:$BH$44) -> 0 | AS30: =AQ30-AR30 -> 0 | AT30: =AS30*Inventário!$G26 -> 0 | AU30: =SUMIF('Entradas e Saídas'!$BL$5:$BL$44,Controle!$C30,'Entradas e Saídas'!$BM$5:$BM$44) -> 0 | AV30: =SUMIF('Entradas e Saídas'!$BL$5:$BL$44,Controle!$C30,'Entradas e Saídas'!$BN$5:$BN$44) -> 0 | AW30: =AU30-AV30 -> 0 | AX30: =AW30*Inventário!$G26 -> 0 | AY30: =SUMIF('Entradas e Saídas'!$BR$5:$BR$44,Controle!$C30,'Entradas e Saídas'!$BS$5:$BS$44) -> 0 | AZ30: =SUMIF('Entradas e Saídas'!$BR$5:$BR$44,Controle!$C30,'Entradas e Saídas'!$BT$5:$BT$44) -> 0 | BA30: =AY30-AZ30 -> 0 | BB30: =BA30*Inventário!$G26 -> 0
B31: =IF(Inventário!C27="","",Inventário!C27) | C31: =IF(B31="","",VLOOKUP(B31,Inventário!$C$4:$D$53,2,FALSE)) | D31: =IF(B31="","",I31+M31+Q31+U31+Y31+AC31+AG31+AK31+AO31+AS31+AW31+BA31+Inventário!H27) | E31: =IF(B31="","",IF(D31<0,"-",(D31*Inventário!G27))) | F31: =IF(B31="","",IF(D31>Inventário!I27,"NÃO",CONCATENATE("SIM:"," ",Inventário!J27," ","unid"))) | G31: =SUMIF('Entradas e Saídas'!$D$5:$D$44,Controle!$C31,'Entradas e Saídas'!$E$5:$E$44) -> 0 | H31: =SUMIF('Entradas e Saídas'!$D$5:$D$44,Controle!$C31,'Entradas e Saídas'!$F$5:$F$44) -> 0 | I31: =G31-H31 -> 0 | J31: =I31*Inventário!G27 -> 0 | K31: =SUMIF('Entradas e Saídas'!$J$5:$J$44,Controle!$C31,'Entradas e Saídas'!$K$5:$K$44) -> 0 | L31: =SUMIF('Entradas e Saídas'!$J$5:$J$44,Controle!$C31,'Entradas e Saídas'!$L$5:$L$44) -> 0 | M31: =K31-L31 -> 0 | N31: =M31*Inventário!$G27 -> 0 | O31: =SUMIF('Entradas e Saídas'!$P$5:$P$44,Controle!$C31,'Entradas e Saídas'!$Q$5:$Q$44) -> 0 | P31: =SUMIF('Entradas e Saídas'!$P$5:$P$44,Controle!$C31,'Entradas e Saídas'!$R$5:$R$44) -> 0 | Q31: =O31-P31 -> 0 | R31: =Q31*Inventário!$G27 -> 0 | S31: =SUMIF('Entradas e Saídas'!$V$5:$V$44,Controle!$C31,'Entradas e Saídas'!$W$5:$W$44) -> 0 | T31: =SUMIF('Entradas e Saídas'!$V$5:$V$44,Controle!$C31,'Entradas e Saídas'!$X$5:$X$44) -> 0 | U31: =S31-T31 -> 0 | V31: =U31*Inventário!$G27 -> 0 | W31: =SUMIF('Entradas e Saídas'!$AB$5:$AB$44,Controle!$C31,'Entradas e Saídas'!$AC$5:$AC$44) -> 0 | X31: =SUMIF('Entradas e Saídas'!$AB$5:$AB$44,Controle!$C31,'Entradas e Saídas'!$AD$5:$AD$44) -> 0 | Y31: =W31-X31 -> 0 | Z31: =Y31*Inventário!$G27 -> 0 | AA31: =SUMIF('Entradas e Saídas'!$AH$5:$AH$44,Controle!$C31,'Entradas e Saídas'!$AI$5:$AI$44) -> 0 | AB31: =SUMIF('Entradas e Saídas'!$AH$5:$AH$44,Controle!$C31,'Entradas e Saídas'!$AJ$5:$AJ$44) -> 0 | AC31: =AA31-AB31 -> 0 | AD31: =AC31*Inventário!$G27 -> 0 | AE31: =SUMIF('Entradas e Saídas'!$AN$5:$AN$44,Controle!$C31,'Entradas e Saídas'!$AO$5:$AO$44) -> 0 | AF31: =SUMIF('Entradas e Saídas'!$AH$5:$AH$44,Controle!$C31,'Entradas e Saídas'!$AP$5:$AP$44) -> 0 | AG31: =AE31-AF31 -> 0 | AH31: =AG31*Inventário!$G27 -> 0 | AI31: =SUMIF('Entradas e Saídas'!$AT$5:$AT$44,Controle!$C31,'Entradas e Saídas'!$AU$5:$AU$44) -> 0 | AJ31: =SUMIF('Entradas e Saídas'!$AT$5:$AT$44,Controle!$C31,'Entradas e Saídas'!$AV$5:$AV$44) -> 0 | AK31: =AI31-AJ31 -> 0 | AL31: =AK31*Inventário!$G27 -> 0 | AM31: =SUMIF('Entradas e Saídas'!$AZ$5:$AZ$44,Controle!$C31,'Entradas e Saídas'!$BA$5:$BA$44) -> 0 | AN31: =SUMIF('Entradas e Saídas'!$AZ$5:$AZ$44,Controle!$C31,'Entradas e Saídas'!$BB$5:$BB$44) -> 0 | AO31: =AM31-AN31 -> 0 | AP31: =AO31*Inventário!$G27 -> 0 | AQ31: =SUMIF('Entradas e Saídas'!$BF$5:$BF$44,Controle!$C31,'Entradas e Saídas'!$BG$5:$BG$44) -> 0 | AR31: =SUMIF('Entradas e Saídas'!$BF$5:$BF$44,Controle!$C31,'Entradas e Saídas'!$BH$5:$BH$44) -> 0 | AS31: =AQ31-AR31 -> 0 | AT31: =AS31*Inventário!$G27 -> 0 | AU31: =SUMIF('Entradas e Saídas'!$BL$5:$BL$44,Controle!$C31,'Entradas e Saídas'!$BM$5:$BM$44) -> 0 | AV31: =SUMIF('Entradas e Saídas'!$BL$5:$BL$44,Controle!$C31,'Entradas e Saídas'!$BN$5:$BN$44) -> 0 | AW31: =AU31-AV31 -> 0 | AX31: =AW31*Inventário!$G27 -> 0 | AY31: =SUMIF('Entradas e Saídas'!$BR$5:$BR$44,Controle!$C31,'Entradas e Saídas'!$BS$5:$BS$44) -> 0 | AZ31: =SUMIF('Entradas e Saídas'!$BR$5:$BR$44,Controle!$C31,'Entradas e Saídas'!$BT$5:$BT$44) -> 0 | BA31: =AY31-AZ31 -> 0 | BB31: =BA31*Inventário!$G27 -> 0
B32: =IF(Inventário!C28="","",Inventário!C28) | C32: =IF(B32="","",VLOOKUP(B32,Inventário!$C$4:$D$53,2,FALSE)) | D32: =IF(B32="","",I32+M32+Q32+U32+Y32+AC32+AG32+AK32+AO32+AS32+AW32+BA32+Inventário!H28) | E32: =IF(B32="","",IF(D32<0,"-",(D32*Inventário!G28))) | F32: =IF(B32="","",IF(D32>Inventário!I28,"NÃO",CONCATENATE("SIM:"," ",Inventário!J28," ","unid"))) | G32: =SUMIF('Entradas e Saídas'!$D$5:$D$44,Controle!$C32,'Entradas e Saídas'!$E$5:$E$44) -> 0 | H32: =SUMIF('Entradas e Saídas'!$D$5:$D$44,Controle!$C32,'Entradas e Saídas'!$F$5:$F$44) -> 0 | I32: =G32-H32 -> 0 | J32: =I32*Inventário!G28 -> 0 | K32: =SUMIF('Entradas e Saídas'!$J$5:$J$44,Controle!$C32,'Entradas e Saídas'!$K$5:$K$44) -> 0 | L32: =SUMIF('Entradas e Saídas'!$J$5:$J$44,Controle!$C32,'Entradas e Saídas'!$L$5:$L$44) -> 0 | M32: =K32-L32 -> 0 | N32: =M32*Inventário!$G28 -> 0 | O32: =SUMIF('Entradas e Saídas'!$P$5:$P$44,Controle!$C32,'Entradas e Saídas'!$Q$5:$Q$44) -> 0 | P32: =SUMIF('Entradas e Saídas'!$P$5:$P$44,Controle!$C32,'Entradas e Saídas'!$R$5:$R$44) -> 0 | Q32: =O32-P32 -> 0 | R32: =Q32*Inventário!$G28 -> 0 | S32: =SUMIF('Entradas e Saídas'!$V$5:$V$44,Controle!$C32,'Entradas e Saídas'!$W$5:$W$44) -> 0 | T32: =SUMIF('Entradas e Saídas'!$V$5:$V$44,Controle!$C32,'Entradas e Saídas'!$X$5:$X$44) -> 0 | U32: =S32-T32 -> 0 | V32: =U32*Inventário!$G28 -> 0 | W32: =SUMIF('Entradas e Saídas'!$AB$5:$AB$44,Controle!$C32,'Entradas e Saídas'!$AC$5:$AC$44) -> 0 | X32: =SUMIF('Entradas e Saídas'!$AB$5:$AB$44,Controle!$C32,'Entradas e Saídas'!$AD$5:$AD$44) -> 0 | Y32: =W32-X32 -> 0 | Z32: =Y32*Inventário!$G28 -> 0 | AA32: =SUMIF('Entradas e Saídas'!$AH$5:$AH$44,Controle!$C32,'Entradas e Saídas'!$AI$5:$AI$44) -> 0 | AB32: =SUMIF('Entradas e Saídas'!$AH$5:$AH$44,Controle!$C32,'Entradas e Saídas'!$AJ$5:$AJ$44) -> 0 | AC32: =AA32-AB32 -> 0 | AD32: =AC32*Inventário!$G28 -> 0 | AE32: =SUMIF('Entradas e Saídas'!$AN$5:$AN$44,Controle!$C32,'Entradas e Saídas'!$AO$5:$AO$44) -> 0 | AF32: =SUMIF('Entradas e Saídas'!$AH$5:$AH$44,Controle!$C32,'Entradas e Saídas'!$AP$5:$AP$44) -> 0 | AG32: =AE32-AF32 -> 0 | AH32: =AG32*Inventário!$G28 -> 0 | AI32: =SUMIF('Entradas e Saídas'!$AT$5:$AT$44,Controle!$C32,'Entradas e Saídas'!$AU$5:$AU$44) -> 0 | AJ32: =SUMIF('Entradas e Saídas'!$AT$5:$AT$44,Controle!$C32,'Entradas e Saídas'!$AV$5:$AV$44) -> 0 | AK32: =AI32-AJ32 -> 0 | AL32: =AK32*Inventário!$G28 -> 0 | AM32: =SUMIF('Entradas e Saídas'!$AZ$5:$AZ$44,Controle!$C32,'Entradas e Saídas'!$BA$5:$BA$44) -> 0 | AN32: =SUMIF('Entradas e Saídas'!$AZ$5:$AZ$44,Controle!$C32,'Entradas e Saídas'!$BB$5:$BB$44) -> 0 | AO32: =AM32-AN32 -> 0 | AP32: =AO32*Inventário!$G28 -> 0 | AQ32: =SUMIF('Entradas e Saídas'!$BF$5:$BF$44,Controle!$C32,'Entradas e Saídas'!$BG$5:$BG$44) -> 0 | AR32: =SUMIF('Entradas e Saídas'!$BF$5:$BF$44,Controle!$C32,'Entradas e Saídas'!$BH$5:$BH$44) -> 0 | AS32: =AQ32-AR32 -> 0 | AT32: =AS32*Inventário!$G28 -> 0 | AU32: =SUMIF('Entradas e Saídas'!$BL$5:$BL$44,Controle!$C32,'Entradas e Saídas'!$BM$5:$BM$44) -> 0 | AV32: =SUMIF('Entradas e Saídas'!$BL$5:$BL$44,Controle!$C32,'Entradas e Saídas'!$BN$5:$BN$44) -> 0 | AW32: =AU32-AV32 -> 0 | AX32: =AW32*Inventário!$G28 -> 0 | AY32: =SUMIF('Entradas e Saídas'!$BR$5:$BR$44,Controle!$C32,'Entradas e Saídas'!$BS$5:$BS$44) -> 0 | AZ32: =SUMIF('Entradas e Saídas'!$BR$5:$BR$44,Controle!$C32,'Entradas e Saídas'!$BT$5:$BT$44) -> 0 | BA32: =AY32-AZ32 -> 0 | BB32: =BA32*Inventário!$G28 -> 0
B33: =IF(Inventário!C29="","",Inventário!C29) | C33: =IF(B33="","",VLOOKUP(B33,Inventário!$C$4:$D$53,2,FALSE)) | D33: =IF(B33="","",I33+M33+Q33+U33+Y33+AC33+AG33+AK33+AO33+AS33+AW33+BA33+Inventário!H29) | E33: =IF(B33="","",IF(D33<0,"-",(D33*Inventário!G29))) | F33: =IF(B33="","",IF(D33>Inventário!I29,"NÃO",CONCATENATE("SIM:"," ",Inventário!J29," ","unid"))) | G33: =SUMIF('Entradas e Saídas'!$D$5:$D$44,Controle!$C33,'Entradas e Saídas'!$E$5:$E$44) -> 0 | H33: =SUMIF('Entradas e Saídas'!$D$5:$D$44,Controle!$C33,'Entradas e Saídas'!$F$5:$F$44) -> 0 | I33: =G33-H33 -> 0 | J33: =I33*Inventário!G29 -> 0 | K33: =SUMIF('Entradas e Saídas'!$J$5:$J$44,Controle!$C33,'Entradas e Saídas'!$K$5:$K$44) -> 0 | L33: =SUMIF('Entradas e Saídas'!$J$5:$J$44,Controle!$C33,'Entradas e Saídas'!$L$5:$L$44) -> 0 | M33: =K33-L33 -> 0 | N33: =M33*Inventário!$G29 -> 0 | O33: =SUMIF('Entradas e Saídas'!$P$5:$P$44,Controle!$C33,'Entradas e Saídas'!$Q$5:$Q$44) -> 0 | P33: =SUMIF('Entradas e Saídas'!$P$5:$P$44,Controle!$C33,'Entradas e Saídas'!$R$5:$R$44) -> 0 | Q33: =O33-P33 -> 0 | R33: =Q33*Inventário!$G29 -> 0 | S33: =SUMIF('Entradas e Saídas'!$V$5:$V$44,Controle!$C33,'Entradas e Saídas'!$W$5:$W$44) -> 0 | T33: =SUMIF('Entradas e Saídas'!$V$5:$V$44,Controle!$C33,'Entradas e Saídas'!$X$5:$X$44) -> 0 | U33: =S33-T33 -> 0 | V33: =U33*Inventário!$G29 -> 0 | W33: =SUMIF('Entradas e Saídas'!$AB$5:$AB$44,Controle!$C33,'Entradas e Saídas'!$AC$5:$AC$44) -> 0 | X33: =SUMIF('Entradas e Saídas'!$AB$5:$AB$44,Controle!$C33,'Entradas e Saídas'!$AD$5:$AD$44) -> 0 | Y33: =W33-X33 -> 0 | Z33: =Y33*Inventário!$G29 -> 0 | AA33: =SUMIF('Entradas e Saídas'!$AH$5:$AH$44,Controle!$C33,'Entradas e Saídas'!$AI$5:$AI$44) -> 0 | AB33: =SUMIF('Entradas e Saídas'!$AH$5:$AH$44,Controle!$C33,'Entradas e Saídas'!$AJ$5:$AJ$44) -> 0 | AC33: =AA33-AB33 -> 0 | AD33: =AC33*Inventário!$G29 -> 0 | AE33: =SUMIF('Entradas e Saídas'!$AN$5:$AN$44,Controle!$C33,'Entradas e Saídas'!$AO$5:$AO$44) -> 0 | AF33: =SUMIF('Entradas e Saídas'!$AH$5:$AH$44,Controle!$C33,'Entradas e Saídas'!$AP$5:$AP$44) -> 0 | AG33: =AE33-AF33 -> 0 | AH33: =AG33*Inventário!$G29 -> 0 | AI33: =SUMIF('Entradas e Saídas'!$AT$5:$AT$44,Controle!$C33,'Entradas e Saídas'!$AU$5:$AU$44) -> 0 | AJ33: =SUMIF('Entradas e Saídas'!$AT$5:$AT$44,Controle!$C33,'Entradas e Saídas'!$AV$5:$AV$44) -> 0 | AK33: =AI33-AJ33 -> 0 | AL33: =AK33*Inventário!$G29 -> 0 | AM33: =SUMIF('Entradas e Saídas'!$AZ$5:$AZ$44,Controle!$C33,'Entradas e Saídas'!$BA$5:$BA$44) -> 0 | AN33: =SUMIF('Entradas e Saídas'!$AZ$5:$AZ$44,Controle!$C33,'Entradas e Saídas'!$BB$5:$BB$44) -> 0 | AO33: =AM33-AN33 -> 0 | AP33: =AO33*Inventário!$G29 -> 0 | AQ33: =SUMIF('Entradas e Saídas'!$BF$5:$BF$44,Controle!$C33,'Entradas e Saídas'!$BG$5:$BG$44) -> 0 | AR33: =SUMIF('Entradas e Saídas'!$BF$5:$BF$44,Controle!$C33,'Entradas e Saídas'!$BH$5:$BH$44) -> 0 | AS33: =AQ33-AR33 -> 0 | AT33: =AS33*Inventário!$G29 -> 0 | AU33: =SUMIF('Entradas e Saídas'!$BL$5:$BL$44,Controle!$C33,'Entradas e Saídas'!$BM$5:$BM$44) -> 0 | AV33: =SUMIF('Entradas e Saídas'!$BL$5:$BL$44,Controle!$C33,'Entradas e Saídas'!$BN$5:$BN$44) -> 0 | AW33: =AU33-AV33 -> 0 | AX33: =AW33*Inventário!$G29 -> 0 | AY33: =SUMIF('Entradas e Saídas'!$BR$5:$BR$44,Controle!$C33,'Entradas e Saídas'!$BS$5:$BS$44) -> 0 | AZ33: =SUMIF('Entradas e Saídas'!$BR$5:$BR$44,Controle!$C33,'Entradas e Saídas'!$BT$5:$BT$44) -> 0 | BA33: =AY33-AZ33 -> 0 | BB33: =BA33*Inventário!$G29 -> 0
B34: =IF(Inventário!C30="","",Inventário!C30) | C34: =IF(B34="","",VLOOKUP(B34,Inventário!$C$4:$D$53,2,FALSE)) | D34: =IF(B34="","",I34+M34+Q34+U34+Y34+AC34+AG34+AK34+AO34+AS34+AW34+BA34+Inventário!H30) | E34: =IF(B34="","",IF(D34<0,"-",(D34*Inventário!G30))) | F34: =IF(B34="","",IF(D34>Inventário!I30,"NÃO",CONCATENATE("SIM:"," ",Inventário!J30," ","unid"))) | G34: =SUMIF('Entradas e Saídas'!$D$5:$D$44,Controle!$C34,'Entradas e Saídas'!$E$5:$E$44) -> 0 | H34: =SUMIF('Entradas e Saídas'!$D$5:$D$44,Controle!$C34,'Entradas e Saídas'!$F$5:$F$44) -> 0 | I34: =G34-H34 -> 0 | J34: =I34*Inventário!G30 -> 0 | K34: =SUMIF('Entradas e Saídas'!$J$5:$J$44,Controle!$C34,'Entradas e Saídas'!$K$5:$K$44) -> 0 | L34: =SUMIF('Entradas e Saídas'!$J$5:$J$44,Controle!$C34,'Entradas e Saídas'!$L$5:$L$44) -> 0 | M34: =K34-L34 -> 0 | N34: =M34*Inventário!$G30 -> 0 | O34: =SUMIF('Entradas e Saídas'!$P$5:$P$44,Controle!$C34,'Entradas e Saídas'!$Q$5:$Q$44) -> 0 | P34: =SUMIF('Entradas e Saídas'!$P$5:$P$44,Controle!$C34,'Entradas e Saídas'!$R$5:$R$44) -> 0 | Q34: =O34-P34 -> 0 | R34: =Q34*Inventário!$G30 -> 0 | S34: =SUMIF('Entradas e Saídas'!$V$5:$V$44,Controle!$C34,'Entradas e Saídas'!$W$5:$W$44) -> 0 | T34: =SUMIF('Entradas e Saídas'!$V$5:$V$44,Controle!$C34,'Entradas e Saídas'!$X$5:$X$44) -> 0 | U34: =S34-T34 -> 0 | V34: =U34*Inventário!$G30 -> 0 | W34: =SUMIF('Entradas e Saídas'!$AB$5:$AB$44,Controle!$C34,'Entradas e Saídas'!$AC$5:$AC$44) -> 0 | X34: =SUMIF('Entradas e Saídas'!$AB$5:$AB$44,Controle!$C34,'Entradas e Saídas'!$AD$5:$AD$44) -> 0 | Y34: =W34-X34 -> 0 | Z34: =Y34*Inventário!$G30 -> 0 | AA34: =SUMIF('Entradas e Saídas'!$AH$5:$AH$44,Controle!$C34,'Entradas e Saídas'!$AI$5:$AI$44) -> 0 | AB34: =SUMIF('Entradas e Saídas'!$AH$5:$AH$44,Controle!$C34,'Entradas e Saídas'!$AJ$5:$AJ$44) -> 0 | AC34: =AA34-AB34 -> 0 | AD34: =AC34*Inventário!$G30 -> 0 | AE34: =SUMIF('Entradas e Saídas'!$AN$5:$AN$44,Controle!$C34,'Entradas e Saídas'!$AO$5:$AO$44) -> 0 | AF34: =SUMIF('Entradas e Saídas'!$AH$5:$AH$44,Controle!$C34,'Entradas e Saídas'!$AP$5:$AP$44) -> 0 | AG34: =AE34-AF34 -> 0 | AH34: =AG34*Inventário!$G30 -> 0 | AI34: =SUMIF('Entradas e Saídas'!$AT$5:$AT$44,Controle!$C34,'Entradas e Saídas'!$AU$5:$AU$44) -> 0 | AJ34: =SUMIF('Entradas e Saídas'!$AT$5:$AT$44,Controle!$C34,'Entradas e Saídas'!$AV$5:$AV$44) -> 0 | AK34: =AI34-AJ34 -> 0 | AL34: =AK34*Inventário!$G30 -> 0 | AM34: =SUMIF('Entradas e Saídas'!$AZ$5:$AZ$44,Controle!$C34,'Entradas e Saídas'!$BA$5:$BA$44) -> 0 | AN34: =SUMIF('Entradas e Saídas'!$AZ$5:$AZ$44,Controle!$C34,'Entradas e Saídas'!$BB$5:$BB$44) -> 0 | AO34: =AM34-AN34 -> 0 | AP34: =AO34*Inventário!$G30 -> 0 | AQ34: =SUMIF('Entradas e Saídas'!$BF$5:$BF$44,Controle!$C34,'Entradas e Saídas'!$BG$5:$BG$44) -> 0 | AR34: =SUMIF('Entradas e Saídas'!$BF$5:$BF$44,Controle!$C34,'Entradas e Saídas'!$BH$5:$BH$44) -> 0 | AS34: =AQ34-AR34 -> 0 | AT34: =AS34*Inventário!$G30 -> 0 | AU34: =SUMIF('Entradas e Saídas'!$BL$5:$BL$44,Controle!$C34,'Entradas e Saídas'!$BM$5:$BM$44) -> 0 | AV34: =SUMIF('Entradas e Saídas'!$BL$5:$BL$44,Controle!$C34,'Entradas e Saídas'!$BN$5:$BN$44) -> 0 | AW34: =AU34-AV34 -> 0 | AX34: =AW34*Inventário!$G30 -> 0 | AY34: =SUMIF('Entradas e Saídas'!$BR$5:$BR$44,Controle!$C34,'Entradas e Saídas'!$BS$5:$BS$44) -> 0 | AZ34: =SUMIF('Entradas e Saídas'!$BR$5:$BR$44,Controle!$C34,'Entradas e Saídas'!$BT$5:$BT$44) -> 0 | BA34: =AY34-AZ34 -> 0 | BB34: =BA34*Inventário!$G30 -> 0
... B57: =IF(Inventário!C53="","",Inventário!C53) | C57: =IF(B57="","",VLOOKUP(B57,Inventário!$C$4:$D$53,2,FALSE)) | D57: =IF(B57="","",I57+M57+Q57+U57+Y57+AC57+AG57+AK57+AO57+AS57+AW57+BA57+Inventário!H53) | E57: =IF(B57="","",IF(D57<0,"-",(D57*Inventário!G53))) | F57: =IF(B57="","",IF(D57>Inventário!I53,"NÃO",CONCATENATE("SIM:"," ",Inventário!J53," ","unid"))) | G57: =SUMIF('Entradas e Saídas'!$D$5:$D$44,Controle!$C57,'Entradas e Saídas'!$E$5:$E$44) -> 0 | H57: =SUMIF('Entradas e Saídas'!$D$5:$D$44,Controle!$C57,'Entradas e Saídas'!$F$5:$F$44) -> 0 | I57: =G57-H57 -> 0 | J57: =I57*Inventário!G53 -> 0 | K57: =SUMIF('Entradas e Saídas'!$J$5:$J$44,Controle!$C57,'Entradas e Saídas'!$K$5:$K$44) -> 0 | L57: =SUMIF('Entradas e Saídas'!$J$5:$J$44,Controle!$C57,'Entradas e Saídas'!$L$5:$L$44) -> 0 | M57: =K57-L57 -> 0 | N57: =M57*Inventário!$G53 -> 0 | O57: =SUMIF('Entradas e Saídas'!$P$5:$P$44,Controle!$C57,'Entradas e Saídas'!$Q$5:$Q$44) -> 0 | P57: =SUMIF('Entradas e Saídas'!$P$5:$P$44,Controle!$C57,'Entradas e Saídas'!$R$5:$R$44) -> 0 | Q57: =O57-P57 -> 0 | R57: =Q57*Inventário!$G53 -> 0 | S57: =SUMIF('Entradas e Saídas'!$V$5:$V$44,Controle!$C57,'Entradas e Saídas'!$W$5:$W$44) -> 0 | T57: =SUMIF('Entradas e Saídas'!$V$5:$V$44,Controle!$C57,'Entradas e Saídas'!$X$5:$X$44) -> 0 | U57: =S57-T57 -> 0 | V57: =U57*Inventário!$G53 -> 0 | W57: =SUMIF('Entradas e Saídas'!$AB$5:$AB$44,Controle!$C57,'Entradas e Saídas'!$AC$5:$AC$44) -> 0 | X57: =SUMIF('Entradas e Saídas'!$AB$5:$AB$44,Controle!$C57,'Entradas e Saídas'!$AD$5:$AD$44) -> 0 | Y57: =W57-X57 -> 0 | Z57: =Y57*Inventário!$G53 -> 0 | AA57: =SUMIF('Entradas e Saídas'!$AH$5:$AH$44,Controle!$C57,'Entradas e Saídas'!$AI$5:$AI$44) -> 0 | AB57: =SUMIF('Entradas e Saídas'!$AH$5:$AH$44,Controle!$C57,'Entradas e Saídas'!$AJ$5:$AJ$44) -> 0 | AC57: =AA57-AB57 -> 0 | AD57: =AC57*Inventário!$G53 -> 0 | AE57: =SUMIF('Entradas e Saídas'!$AN$5:$AN$44,Controle!$C57,'Entradas e Saídas'!$AO$5:$AO$44) -> 0 | AF57: =SUMIF('Entradas e Saídas'!$AH$5:$AH$44,Controle!$C57,'Entradas e Saídas'!$AP$5:$AP$44) -> 0 | AG57: =AE57-AF57 -> 0 | AH57: =AG57*Inventário!$G53 -> 0 | AI57: =SUMIF('Entradas e Saídas'!$AT$5:$AT$44,Controle!$C57,'Entradas e Saídas'!$AU$5:$AU$44) -> 0 | AJ57: =SUMIF('Entradas e Saídas'!$AT$5:$AT$44,Controle!$C57,'Entradas e Saídas'!$AV$5:$AV$44) -> 0 | AK57: =AI57-AJ57 -> 0 | AL57: =AK57*Inventário!$G53 -> 0 | AM57: =SUMIF('Entradas e Saídas'!$AZ$5:$AZ$44,Controle!$C57,'Entradas e Saídas'!$BA$5:$BA$44) -> 0 | AN57: =SUMIF('Entradas e Saídas'!$AZ$5:$AZ$44,Controle!$C57,'Entradas e Saídas'!$BB$5:$BB$44) -> 0 | AO57: =AM57-AN57 -> 0 | AP57: =AO57*Inventário!$G53 -> 0 | AQ57: =SUMIF('Entradas e Saídas'!$BF$5:$BF$44,Controle!$C57,'Entradas e Saídas'!$BG$5:$BG$44) -> 0 | AR57: =SUMIF('Entradas e Saídas'!$BF$5:$BF$44,Controle!$C57,'Entradas e Saídas'!$BH$5:$BH$44) -> 0 | AS57: =AQ57-AR57 -> 0 | AT57: =AS57*Inventário!$G53 -> 0 | AU57: =SUMIF('Entradas e Saídas'!$BL$5:$BL$44,Controle!$C57,'Entradas e Saídas'!$BM$5:$BM$44) -> 0 | AV57: =SUMIF('Entradas e Saídas'!$BL$5:$BL$44,Controle!$C57,'Entradas e Saídas'!$BN$5:$BN$44) -> 0 | AW57: =AU57-AV57 -> 0 | AX57: =AW57*Inventário!$G53 -> 0 | AY57: =SUMIF('Entradas e Saídas'!$BR$5:$BR$44,Controle!$C57,'Entradas e Saídas'!$BS$5:$BS$44) -> 0 | AZ57: =SUMIF('Entradas e Saídas'!$BR$5:$BR$44,Controle!$C57,'Entradas e Saídas'!$BT$5:$BT$44) -> 0 | BA57: =AY57-AZ57 -> 0 | BB57: =BA57*Inventário!$G53 -> 0
G59: VALOR MENSAL EM ESTOQUE: | J59: =SUM(J8:J57) -> 0 | K59: VALOR MENSAL EM ESTOQUE: | N59: =SUM(N8:N57) -> 0 | O59: VALOR MENSAL EM ESTOQUE: | R59: =SUM(R8:R57) -> 0 | S59: VALOR MENSAL EM ESTOQUE: | V59: =SUM(V8:V57) -> 0 | W59: VALOR MENSAL EM ESTOQUE: | Z59: =SUM(Z8:Z57) -> 0 | AA59: VALOR MENSAL EM ESTOQUE: | AD59: =SUM(AD8:AD57) -> 0 | AE59: VALOR MENSAL EM ESTOQUE: | AH59: =SUM(AH8:AH57) -> 0 | AI59: VALOR MENSAL EM ESTOQUE: | AL59: =SUM(AL8:AL57) -> 0 | AM59: VALOR MENSAL EM ESTOQUE: | AP59: =SUM(AP8:AP57) -> 0 | AQ59: VALOR MENSAL EM ESTOQUE: | AT59: =SUM(AT8:AT57) -> 0 | AU59: VALOR MENSAL EM ESTOQUE: | AX59: =SUM(AX8:AX57) -> 0 | AY59: VALOR MENSAL EM ESTOQUE: | BB59: =SUM(BB8:BB57) -> 0

Sheet Panorama
A1: CONTROLE DE ESTOQUES- PANORAMA
