Workbook

Sheet             CONSOLIDADO        
A1: MESES | B1: SALDO | C1: DEPÓSITOS | D1: SAQUES
A2: JANEIRO | B2: =' JANEIRO '!D23 -> 70 | C2: =' JANEIRO '!B25 -> 2500 | D2: =' JANEIRO '!C25 -> 2430
A3: FEVEREIRO | B3: =B2+C3-D3 -> 938 | C3: =' FEVEREIRO '!B25 -> 2700 | D3: =' FEVEREIRO '!C25 -> 1832
A4: MARÇO | B4: =B3+C4-D4 -> 31 | C4: =' MARÇO '!B25 -> 2700 | D4: =' MARÇO '!C25 -> 3607

Sheet          JANEIRO               
A1: DATA | B1: DEPÓSITO | C1: SAQUE | D1: SALDO
A2: 40910 | B2: 2000 | D2: =B2-C2 -> 2000
A3: 40911 | C3: 400 | D3: =D2+B3-C3 -> 1600
A4: 40912 | C4: 130 | D4: =D3+B4-C4 -> 1470
A5: 40913 | C5: 10 | D5: =D4+B5-C5 -> 1460
A6: 40914 | C6: 60 | D6: =D5+B6-C6 -> 1400
A7: 40917 | C7: 50 | D7: =D6+B7-C7 -> 1350
A8: 40918 | C8: 10 | D8: =D7+B8-C8 -> 1340
A9: 40919 | C9: 30 | D9: =D8+B9-C9 -> 1310
A10: 40920 | C10: 120 | D10: =D9+B10-C10 -> 1190
A11: 40921 | D11: =D10+B11-C11 -> 1190
A12: 40924 | C12: 180 | D12: =D11+B12-C12 -> 1010
A13: 40925 | C13: 80 | D13: =D12+B13-C13 -> 930
A14: 40926 | D14: =D13+B14-C14 -> 930
A15: 40927 | B15: 500 | C15: 290 | D15: =D14+B15-C15 -> 1140
A16: 40928 | C16: 30 | D16: =D15+B16-C16 -> 1110
A17: 40931 | C17: 430 | D17: =D16+B17-C17 -> 680
A18: 40932 | D18: =D17+B18-C18 -> 680
A19: 40933 | C19: 20 | D19: =D18+B19-C19 -> 660
A20: 40934 | C20: 580 | D20: =D19+B20-C20 -> 80
A21: 40935 | D21: =D20+B21-C21 -> 80
A22: 40938 | C22: 10 | D22: =D21+B22-C22 -> 70
A23: 40939 | D23: =D22+B23-C23 -> 70
A25: Totais: | B25: =SUM(B2:B23) -> 2500 | C25: =SUM(C2:C23) -> 2430

Sheet          FEVEREIRO             
A1: DATA | B1: DEPÓSITO | C1: SAQUE | D1: SALDO
A2: 40940 | B2: 2200 | D2: =' JANEIRO '!D23+' FEVEREIRO '!B2-C2 -> 2270
A3: 40941 | C3: 420 | D3: =D2+B3-C3 -> 1850
A4: 40942 | D4: =D3+B4-C4 -> 1850
A5: 40945 | D5: =D4+B5-C5 -> 1850
A6: 40946 | D6: =D5+B6-C6 -> 1850
A7: 40947 | D7: =D6+B7-C7 -> 1850
A8: 40948 | D8: =D7+B8-C8 -> 1850
A9: 40949 | C9: 1200 | D9: =D8+B9-C9 -> 650
A10: 40952 | D10: =D9+B10-C10 -> 650
A11: 40953 | D11: =D10+B11-C11 -> 650
A12: 40954 | D12: =D11+B12-C12 -> 650
A13: 40955 | D13: =D12+B13-C13 -> 650
A14: 40956 | D14: =D13+B14-C14 -> 650
A15: 40959 | C15: 212 | D15: =D14+B15-C15 -> 438
A16: 40960 | D16: =D15+B16-C16 -> 438
A17: 40961 | B17: 500 | D17: =D16+B17-C17 -> 938
A18: 40962 | D18: =D17+B18-C18 -> 938
A19: 40963 | D19: =D18+B19-C19 -> 938
A20: 40966 | D20: =D19+B20-C20 -> 938
A21: 40967 | D21: =D20+B21-C21 -> 938
A22: 40968 | D22: =D21+B22-C22 -> 938
A25: Totais: | B25: =SUM(B2:B22) -> 2700 | C25: =SUM(C2:C22) -> 1832

Sheet               MARÇO            
A1: DATA | B1: DEPÓSITO | C1: SAQUE | D1: SALDO
A2: 40969 | B2: 2200 | D2: =' FEVEREIRO '!D22+' FEVEREIRO '!B2-' FEVEREIRO '!C2 -> 3138
A3: 40970 | C3: 970 | D3: =D2+B3-C3 -> 2168
A4: 40973 | D4: =D3+B4-C4 -> 2168
A5: 40974 | C5: 300 | D5: =D4+B5-C5 -> 1868
A6: 40975 | C6: 10 | D6: =D5+B6-C6 -> 1858
A7: 40976 | C7: 20 | D7: =D6+B7-C7 -> 1838
A8: 40977 | C8: 10 | D8: =D7+B8-C8 -> 1828
A9: 40980 | C9: 10 | D9: =D8+B9-C9 -> 1818
A10: 40981 | C10: 420 | D10: =D9+B10-C10 -> 1398
A11: 40982 | D11: =D10+B11-C11 -> 1398
A12: 40983 | C12: 15 | D12: =D11+B12-C12 -> 1383
A13: 40984 | D13: =D12+B13-C13 -> 1383
A14: 40987 | C14: 50 | D14: =D13+B14-C14 -> 1333
A15: 40988 | D15: =D14+B15-C15 -> 1333
A16: 40989 | C16: 212 | D16: =D15+B16-C16 -> 1121
A17: 40990 | B17: 500 | D17: =D16+B17-C17 -> 1621
A18: 40991 | C18: 30 | D18: =D17+B18-C18 -> 1591
A19: 40994 | C19: 200 | D19: =D18+B19-C19 -> 1391
A20: 40995 | C20: 100 | D20: =D19+B20-C20 -> 1291
A21: 40996 | C21: 280 | D21: =D20+B21-C21 -> 1011
A22: 40997 | D22: =D21+B22-C22 -> 1011
A23: 40998 | C23: 980 | D23: =D22+B23-C23 -> 31
A25: Totais: | B25: =SUM(B2:B23) -> 2700 | C25: =SUM(C2:C23) -> 3607
