Workbook

Sheet Início
A1: ANÁLISE DOS MODOS E EFEITOS DE FALHA (FMEA) - INÍCIO

Sheet FMEA
A1: ANÁLISE DOS MODOS E EFEITOS DE FALHA (FMEA) - FMEA
C5: ANÁLISE DOS MODOS E EFEITOS DE FALHA DO PROCESSO (FMEA DE PROCESSO) | I5: Número: | L5: Revisão: | N5: Descrição do processo:
N6: Lingotamento do aço que segue para o apontamento da agulha. Em seguida há o envazamento com a junção das peças
C8: Itens aplicáveis: | F8: Área: | I8: Líder: | L8: Equipe de trabalho: | R8: Datas:
C9: Agulhas e Embalagens | F9: Cânulas e Envazamento | I9: Afonso Pena | L9: Coordenação de Cânulas e Coordenação de Envazamento. | R9: Início: | S9: Revisão:
C12: Etapa do processo | D12: Função e requisitos do processo | E12: Modos de falha potencial | F12: Efeitos potenciais da falha | G12: IS | H12: Classif. | I12: Causas e mecanismos potenciais de falha | J12: IO | K12: Controles atuais do processo de prevenção | L12: Controles atuais do processo detecção | M12: ID | N12: NPR | O12: Ações a serem tomadas para redução do NPR | P12: Prazo | Q12: Responsável | R12: Resultados das ações tomadas
R13: Ações tomadas | S13: IS | T13: IO | U13: ID | V13: NPR
C14: Lingotamento de Aço | D14: Separação da vara de aço em agulhas | E14: Rachaduras na vara de aço | F14: Agulhas defeituosas | G14: 9 | I14: Problemas nas roldanas que puxam o aço | J14: 3 | K14: Uso de aparelho de visão microscópica | L14: Uso de aparelho de visão microscópica | M14: 1 | N14: =G14*J14*M14 -> 27 | O14: Nenhuma | V14: =S14*T14*U14 -> 0
C15: Apontamento das agulhas | D15: Apontamento das agulhas | E15: Angulação fora da especificação | F15: Agulhas podem estourar veias | G15: 10 | I15: Posicionamento errado do material | J15: 2 | K15: Uso de aparelho de visão microscópica | L15: Uso de aparelho de visão microscópica | M15: 1 | N15: =G15*J15*M15 -> 20 | O15: Nenhuma | V15: =Q15*S15*U15 -> 0
C16: Envazamento | D16: Junção das peças em um saco plástico | E16: Danificação das peças | F16: Material inapto a uso dada a falha em um dos componentes | G16: 8 | I16: Má calibração pneumática | J16: 4 | K16: Controle de Qualidade | L16: Controle de Qualidade | M16: 1 | N16: =G16*J16*M16 -> 32 | O16: Treinar operários | V16: =Q16*S16*U16 -> 0
N17: =G17*J17*M17 -> 0 | V17: =Q17*S17*U17 -> 0
N18: =G18*J18*M18 -> 0 | V18: =Q18*S18*U18 -> 0
N19: =G19*J19*M19 -> 0 | V19: =Q19*S19*U19 -> 0
N20: =G20*J20*M20 -> 0 | V20: =Q20*S20*U20 -> 0
N21: =G21*J21*M21 -> 0 | V21: =Q21*S21*U21 -> 0
N22: =G22*J22*M22 -> 0 | V22: =Q22*S22*U22 -> 0
N23: =G23*J23*M23 -> 0 | V23: =Q23*S23*U23 -> 0
N24: =G24*J24*M24 -> 0 | V24: =Q24*S24*U24 -> 0
N25: =G25*J25*M25 -> 0 | V25: =Q25*S25*U25 -> 0
N26: =G26*J26*M26 -> 0 | V26: =Q26*S26*U26 -> 0
N27: =G27*J27*M27 -> 0 | V27: =Q27*S27*U27 -> 0
N28: =G28*J28*M28 -> 0 | V28: =Q28*S28*U28 -> 0
... N44: =G44*J44*M44 -> 0 | V44: =Q44*S44*U44 -> 0

Sheet Resultado
A1: ANÁLISE DOS MODOS E EFEITOS DE FALHA (FMEA) - RESULTADO
D5: IS | E5: Codigo | F5: Item | G5: Contagem | H5: IO | I5: Codigo | J5: Item | K5: Contagem | L5: ID | M5: Codigo | N5: Item | O5: Contagem
D6: =FMEA!G14 -> 9 | E6: 1 | F6: Pouco Perceptível | G6: =COUNTIF($D$6:$D$36,E6) -> 0 | H6: =FMEA!J14 -> 3 | I6: 1 | J6: Remota | K6: =COUNTIF($H$6:$H$36,I6) -> 0 | L6: =FMEA!M14 -> 1 | M6: 1 | N6: Muito Alta | O6: =COUNTIF($L$6:$L$35,M6) -> 3
D7: =FMEA!G15 -> 10 | E7: 2 | F7: Pouco Importante | G7: =COUNTIF($D$6:$D$36,E7) -> 0 | H7: =FMEA!J15 -> 2 | I7: 2 | J7: Muito Pequena | K7: =COUNTIF($H$6:$H$36,I7) -> 1 | L7: =FMEA!M15 -> 1 | M7: 2 | N7: Alta | O7: =COUNTIF($L$6:$L$35,M7) -> 0
D8: =FMEA!G16 -> 8 | E8: 3 | F8: =F7 -> Pouco Importante | G8: =COUNTIF($D$6:$D$36,E8) -> 0 | H8: =FMEA!J16 -> 4 | I8: 3 | J8: Pequena | K8: =COUNTIF($H$6:$H$36,I8) -> 1 | L8: =FMEA!M16 -> 1 | M8: 3 | N8: =N7 -> Alta | O8: =COUNTIF($L$6:$L$35,M8) -> 0
D9: =FMEA!G17 -> 0 | E9: 4 | F9: Moderado | G9: =COUNTIF($D$6:$D$36,E9) -> 0 | H9: =FMEA!J17 -> 0 | I9: 4 | J9: Moderada | K9: =COUNTIF($H$6:$H$36,I9) -> 1 | L9: =FMEA!M17 -> 0 | M9: 4 | N9: Moderada | O9: =COUNTIF($L$6:$L$35,M9) -> 0
D10: =FMEA!G18 -> 0 | E10: 5 | F10: Moderado | G10: =COUNTIF($D$6:$D$36,E10) -> 0 | H10: =FMEA!J18 -> 0 | I10: 5 | J10: =J9 -> Moderada | K10: =COUNTIF($H$6:$H$36,I10) -> 0 | L10: =FMEA!M18 -> 0 | M10: 5 | N10: =N9 -> Moderada | O10: =COUNTIF($L$6:$L$35,M10) -> 0
D11: =FMEA!G19 -> 0 | E11: 6 | F11: Moderado | G11: =COUNTIF($D$6:$D$36,E11) -> 0 | H11: =FMEA!J19 -> 0 | I11: 6 | J11: =J10 -> Moderada | K11: =COUNTIF($H$6:$H$36,I11) -> 0 | L11: =FMEA!M19 -> 0 | M11: 6 | N11: =N10 -> Moderada | O11: =COUNTIF($L$6:$L$35,M11) -> 0
D12: =FMEA!G20 -> 0 | E12: 7 | F12: Grave | G12: =COUNTIF($D$6:$D$36,E12) -> 0 | H12: =FMEA!J20 -> 0 | I12: 7 | J12: Alta | K12: =COUNTIF($H$6:$H$36,I12) -> 0 | L12: =FMEA!M20 -> 0 | M12: 7 | N12: Pequena | O12: =COUNTIF($L$6:$L$35,M12) -> 0
D13: =FMEA!G21 -> 0 | E13: 8 | F13: Grave | G13: =COUNTIF($D$6:$D$36,E13) -> 1 | H13: =FMEA!J21 -> 0 | I13: 8 | J13: =J12 -> Alta | K13: =COUNTIF($H$6:$H$36,I13) -> 0 | L13: =FMEA!M21 -> 0 | M13: 8 | N13: =N12 -> Pequena | O13: =COUNTIF($L$6:$L$35,M13) -> 0
D14: =FMEA!G22 -> 0 | E14: 9 | F14: Extremamente Grave | G14: =COUNTIF($D$6:$D$36,E14) -> 1 | H14: =FMEA!J22 -> 0 | I14: 9 | J14: Muito Alta | K14: =COUNTIF($H$6:$H$36,I14) -> 0 | L14: =FMEA!M22 -> 0 | M14: 9 | N14: Muito Pequena | O14: =COUNTIF($L$6:$L$35,M14) -> 0
D15: =FMEA!G23 -> 0 | E15: 10 | F15: =F14 -> Extremamente Grave | G15: =COUNTIF($D$6:$D$36,E15) -> 1 | H15: =FMEA!J23 -> 0 | I15: 10 | J15: =J14 -> Muito Alta | K15: =COUNTIF($H$6:$H$36,I15) -> 0 | L15: =FMEA!M23 -> 0 | M15: 10 | N15: Remota | O15: =COUNTIF($L$6:$L$35,M15) -> 0
D16: =FMEA!G24 -> 0 | H16: =FMEA!J24 -> 0 | L16: =FMEA!M24 -> 0
D17: =FMEA!G25 -> 0 | H17: =FMEA!J25 -> 0 | L17: =FMEA!M25 -> 0
D18: =FMEA!G26 -> 0 | H18: =FMEA!J26 -> 0 | L18: =FMEA!M26 -> 0
D19: =FMEA!G27 -> 0 | H19: =FMEA!J27 -> 0 | L19: =FMEA!M27 -> 0
D20: =FMEA!G28 -> 0 | H20: =FMEA!J28 -> 0 | L20: =FMEA!M28 -> 0
D21: =FMEA!G29 -> 0 | H21: =FMEA!J29 -> 0 | L21: =FMEA!M29 -> 0
D22: =FMEA!G30 -> 0 | H22: =FMEA!J30 -> 0 | L22: =FMEA!M30 -> 0
D23: =FMEA!G31 -> 0 | H23: =FMEA!J31 -> 0 | L23: =FMEA!M31 -> 0
D24: =FMEA!G32 -> 0 | H24: =FMEA!J32 -> 0 | L24: =FMEA!M32 -> 0
D25: =FMEA!G33 -> 0 | H25: =FMEA!J33 -> 0 | L25: =FMEA!M33 -> 0
D26: =FMEA!G34 -> 0 | H26: =FMEA!J34 -> 0 | L26: =FMEA!M34 -> 0
D27: =FMEA!G35 -> 0 | H27: =FMEA!J35 -> 0 | L27: =FMEA!M35 -> 0
... D36: =FMEA!G44 -> 0 | H36: =FMEA!J44 -> 0 | L36: =FMEA!M44 -> 0
