Workbook

Sheet Planilha1
B2: ANOS | C2: MESES | D2: INICIO | E2: TERMINO
B3: 1 | C3: =IF(ISERROR(VLOOKUP(B3,'ANOS-MESES'!$B$3:$C$27,2,0)),"",(VLOOKUP(B3,'ANOS-MESES'!$B$3:$C$27,2,0))) -> 12 | D3: =IF(E3="","",EDATE(E3,-C3)) -> 43440 | E3: 43805
B4: 2 | C4: =IF(ISERROR(VLOOKUP(B4,'ANOS-MESES'!$B$3:$C$27,2,0)),"",(VLOOKUP(B4,'ANOS-MESES'!$B$3:$C$27,2,0))) -> 24 | D4: =IF(E4="","",EDATE(E4,-C4)) -> 43075 | E4: 43805
B5: 3 | C5: =IF(ISERROR(VLOOKUP(B5,'ANOS-MESES'!$B$3:$C$27,2,0)),"",(VLOOKUP(B5,'ANOS-MESES'!$B$3:$C$27,2,0))) -> 36 | D5: =IF(E5="","",EDATE(E5,-C5)) -> 42710 | E5: 43805
B6: 4 | C6: =IF(ISERROR(VLOOKUP(B6,'ANOS-MESES'!$B$3:$C$27,2,0)),"",(VLOOKUP(B6,'ANOS-MESES'!$B$3:$C$27,2,0))) -> 48 | D6: =IF(E6="","",EDATE(E6,-C6)) -> 42344 | E6: 43805
B7: 5 | C7: =IF(ISERROR(VLOOKUP(B7,'ANOS-MESES'!$B$3:$C$27,2,0)),"",(VLOOKUP(B7,'ANOS-MESES'!$B$3:$C$27,2,0))) -> 60 | D7: =IF(E7="","",EDATE(E7,-C7)) -> 41979 | E7: 43805
C8: =IF(ISERROR(VLOOKUP(B8,'ANOS-MESES'!$B$3:$C$27,2,0)),"",(VLOOKUP(B8,'ANOS-MESES'!$B$3:$C$27,2,0))) | D8: =IF(E8="","",EDATE(E8,-C8))
C9: =IF(ISERROR(VLOOKUP(B9,'ANOS-MESES'!$B$3:$C$27,2,0)),"",(VLOOKUP(B9,'ANOS-MESES'!$B$3:$C$27,2,0))) | D9: =IF(E9="","",EDATE(E9,-C9))
C10: =IF(ISERROR(VLOOKUP(B10,'ANOS-MESES'!$B$3:$C$27,2,0)),"",(VLOOKUP(B10,'ANOS-MESES'!$B$3:$C$27,2,0))) | D10: =IF(E10="","",EDATE(E10,-C10))

Sheet ANOS-MESES
B2: ANOS | C2: MESES
B3: 1 | C3: 12
B4: 2 | C4: =(C3+$C$3) -> 24
B5: 3 | C5: =(C4+$C$3) -> 36
B6: 4 | C6: =(C5+$C$3) -> 48
B7: 5 | C7: =(C6+$C$3) -> 60
B8: 6 | C8: =(C7+$C$3) -> 72
B9: 7 | C9: =(C8+$C$3) -> 84
B10: 8 | C10: =(C9+$C$3) -> 96
B11: 9 | C11: =(C10+$C$3) -> 108
B12: 10 | C12: =(C11+$C$3) -> 120
B13: 11 | C13: =(C12+$C$3) -> 132
B14: 12 | C14: =(C13+$C$3) -> 144
B15: 13 | C15: =(C14+$C$3) -> 156
... B27: 25 | C27: =(C26+$C$3) -> 300
