Workbook

Sheet Painel

Sheet Cadastro
B3: SIM | C3: NÃO
B4: PERGUNTAS | C4: RESPOSTA 1 | D4: RESPOSTA 2 | E4: RESPOSTA 3 | F4: RESPOSTA 4 | G4: RESPOSTA 5 | H4: RESPOSTA 6 | I4: RESPOSTA 7 | J4: RESPOSTA 8

Sheet Dados
B4: CLIENTE | C4: =Cadastro!B5 -> 0 | D4: =Cadastro!B6 -> 0 | E4: =Cadastro!B7 -> 0 | F4: =Cadastro!B8 -> 0 | G4: =Cadastro!B9 -> 0 | H4: =Cadastro!B10 -> 0 | I4: =Cadastro!B11 -> 0 | J4: =Cadastro!B12 -> 0 | K4: =Cadastro!B13 -> 0 | L4: =Cadastro!B14 -> 0 | M4: =Cadastro!B15 -> 0 | N4: =Cadastro!B16 -> 0 | O4: =Cadastro!B17 -> 0 | P4: =Cadastro!B18 -> 0 | Q4: =Cadastro!B19 -> 0 | R4: =Cadastro!B20 -> 0 | S4: =Cadastro!B21 -> 0 | T4: =Cadastro!B22 -> 0 | U4: =Cadastro!B23 -> 0 | V4: =Cadastro!B24 -> 0
C35: C | E35: D | G35: E | I35: F | K35: G | M35: H | O35: I | S35: K | U35: L | W35: M | Y35: N | AA35: O | AC35: P | AE35: Q | AG35: R | AI35: S | AK35: T | AM35: U | AO35: V
C36: =Cadastro!C$5 -> 0 | D36: =COUNTIF($C$5:$C$34,C36) -> 0 | E36: =Cadastro!C$6 -> 0 | F36: =COUNTIF($D$5:$D$34,E36) -> 0 | G36: =Cadastro!C$7 -> 0 | H36: =COUNTIF($E$5:$E$34,G36) -> 0 | I36: =Cadastro!C$8 -> 0 | J36: =COUNTIF($F$5:$F$34,I36) -> 0 | K36: =Cadastro!C$9 -> 0 | L36: =COUNTIF($G$5:$G$34,K36) -> 0 | M36: =Cadastro!C$10 -> 0 | N36: =COUNTIF($H$5:$H$34,M36) -> 0 | O36: =Cadastro!$C11 -> 0 | P36: =COUNTIF($I$5:$I$34,O36) -> 0 | S36: =Cadastro!$C13 -> 0 | T36: =COUNTIF($K$5:$K$34,S36) -> 0 | U36: =Cadastro!$C14 -> 0 | V36: =COUNTIF($L$5:$L$34,U36) -> 0 | W36: =Cadastro!$C15 -> 0 | X36: =COUNTIF($M$5:$M$34,W36) -> 0 | Y36: =Cadastro!$C16 -> 0 | Z36: =COUNTIF($N$5:$N$34,Y36) -> 0 | AA36: =Cadastro!$C17 -> 0 | AB36: =COUNTIF($O$5:$O$34,AA36) -> 0 | AC36: =Cadastro!$C18 -> 0 | AD36: =COUNTIF($P$5:$P$34,AC36) -> 0 | AE36: =Cadastro!$C19 -> 0 | AF36: =COUNTIF($Q$5:$Q$34,AE36) -> 0 | AG36: =Cadastro!$C20 -> 0 | AH36: =COUNTIF($R$5:$R$34,AG36) -> 0 | AI36: =Cadastro!$C21 -> 0 | AJ36: =COUNTIF($S$5:$S$34,AI36) -> 0 | AK36: =Cadastro!$C22 -> 0 | AL36: =COUNTIF($T$5:$T$34,AK36) -> 0 | AM36: =Cadastro!$C23 -> 0 | AN36: =COUNTIF($U$5:$U$34,AM36) -> 0 | AO36: =Cadastro!$C24 -> 0 | AP36: =COUNTIF($V$5:$V$34,AO36) -> 0
C37: =Cadastro!D$5 -> 0 | D37: =COUNTIF($C$5:$C$34,C37) -> 0 | E37: =Cadastro!D$6 -> 0 | F37: =COUNTIF($D$5:$D$34,E37) -> 0 | G37: =Cadastro!D$7 -> 0 | H37: =COUNTIF($E$5:$E$34,G37) -> 0 | I37: =Cadastro!D$8 -> 0 | J37: =COUNTIF($F$5:$F$34,I37) -> 0 | K37: =Cadastro!D$9 -> 0 | L37: =COUNTIF($G$5:$G$34,K37) -> 0 | M37: =Cadastro!D$10 -> 0 | N37: =COUNTIF($H$5:$H$34,M37) -> 0 | O37: =Cadastro!$D11 -> 0 | P37: =COUNTIF($I$5:$I$34,O37) -> 0 | S37: =Cadastro!$D13 -> 0 | T37: =COUNTIF($K$5:$K$34,S37) -> 0 | U37: =Cadastro!$D14 -> 0 | V37: =COUNTIF($L$5:$L$34,U37) -> 0 | W37: =Cadastro!$D15 -> 0 | X37: =COUNTIF($M$5:$M$34,W37) -> 0 | Y37: =Cadastro!$D16 -> 0 | Z37: =COUNTIF($N$5:$N$34,Y37) -> 0 | AA37: =Cadastro!$D17 -> 0 | AB37: =COUNTIF($O$5:$O$34,AA37) -> 0 | AC37: =Cadastro!$D18 -> 0 | AD37: =COUNTIF($P$5:$P$34,AC37) -> 0 | AE37: =Cadastro!$D19 -> 0 | AF37: =COUNTIF($Q$5:$Q$34,AE37) -> 0 | AG37: =Cadastro!$D20 -> 0 | AH37: =COUNTIF($R$5:$R$34,AG37) -> 0 | AI37: =Cadastro!$D21 -> 0 | AJ37: =COUNTIF($S$5:$S$34,AI37) -> 0 | AK37: =Cadastro!$D22 -> 0 | AL37: =COUNTIF($T$5:$T$34,AK37) -> 0 | AM37: =Cadastro!$D23 -> 0 | AN37: =COUNTIF($U$5:$U$34,AM37) -> 0 | AO37: =Cadastro!$D24 -> 0 | AP37: =COUNTIF($V$5:$V$34,AO37) -> 0
C38: =Cadastro!E$5 -> 0 | D38: =COUNTIF($C$5:$C$34,C38) -> 0 | E38: =Cadastro!E$6 -> 0 | F38: =COUNTIF($D$5:$D$34,E38) -> 0 | G38: =Cadastro!E$7 -> 0 | H38: =COUNTIF($E$5:$E$34,G38) -> 0 | I38: =Cadastro!E$8 -> 0 | J38: =COUNTIF($F$5:$F$34,I38) -> 0 | K38: =Cadastro!E$9 -> 0 | L38: =COUNTIF($G$5:$G$34,K38) -> 0 | M38: =Cadastro!E$10 -> 0 | N38: =COUNTIF($H$5:$H$34,M38) -> 0 | O38: =Cadastro!$E11 -> 0 | P38: =COUNTIF($I$5:$I$34,O38) -> 0 | S38: =Cadastro!$E13 -> 0 | T38: =COUNTIF($K$5:$K$34,S38) -> 0 | U38: =Cadastro!$E14 -> 0 | V38: =COUNTIF($L$5:$L$34,U38) -> 0 | W38: =Cadastro!$E15 -> 0 | X38: =COUNTIF($M$5:$M$34,W38) -> 0 | Y38: =Cadastro!$E16 -> 0 | Z38: =COUNTIF($N$5:$N$34,Y38) -> 0 | AA38: =Cadastro!$E17 -> 0 | AB38: =COUNTIF($O$5:$O$34,AA38) -> 0 | AC38: =Cadastro!$E18 -> 0 | AD38: =COUNTIF($P$5:$P$34,AC38) -> 0 | AE38: =Cadastro!$E19 -> 0 | AF38: =COUNTIF($Q$5:$Q$34,AE38) -> 0 | AG38: =Cadastro!$E20 -> 0 | AH38: =COUNTIF($R$5:$R$34,AG38) -> 0 | AI38: =Cadastro!$E21 -> 0 | AJ38: =COUNTIF($S$5:$S$34,AI38) -> 0 | AK38: =Cadastro!$E22 -> 0 | AL38: =COUNTIF($T$5:$T$34,AK38) -> 0 | AM38: =Cadastro!$E23 -> 0 | AN38: =COUNTIF($U$5:$U$34,AM38) -> 0 | AO38: =Cadastro!$E24 -> 0 | AP38: =COUNTIF($V$5:$V$34,AO38) -> 0
C39: =Cadastro!F$5 -> 0 | D39: =COUNTIF($C$5:$C$34,C39) -> 0 | E39: =Cadastro!F$6 -> 0 | F39: =COUNTIF($D$5:$D$34,E39) -> 0 | G39: =Cadastro!F$7 -> 0 | H39: =COUNTIF($E$5:$E$34,G39) -> 0 | I39: =Cadastro!F$8 -> 0 | J39: =COUNTIF($F$5:$F$34,I39) -> 0 | K39: =Cadastro!F$9 -> 0 | L39: =COUNTIF($G$5:$G$34,K39) -> 0 | M39: =Cadastro!F$10 -> 0 | N39: =COUNTIF($H$5:$H$34,M39) -> 0 | O39: =Cadastro!$F11 -> 0 | P39: =COUNTIF($I$5:$I$34,O39) -> 0 | S39: =Cadastro!$F13 -> 0 | T39: =COUNTIF($K$5:$K$34,S39) -> 0 | U39: =Cadastro!$F14 -> 0 | V39: =COUNTIF($L$5:$L$34,U39) -> 0 | W39: =Cadastro!$F15 -> 0 | X39: =COUNTIF($M$5:$M$34,W39) -> 0 | Y39: =Cadastro!$F16 -> 0 | Z39: =COUNTIF($N$5:$N$34,Y39) -> 0 | AA39: =Cadastro!$F17 -> 0 | AB39: =COUNTIF($O$5:$O$34,AA39) -> 0 | AC39: =Cadastro!$F18 -> 0 | AD39: =COUNTIF($P$5:$P$34,AC39) -> 0 | AE39: =Cadastro!$F19 -> 0 | AF39: =COUNTIF($Q$5:$Q$34,AE39) -> 0 | AG39: =Cadastro!$F20 -> 0 | AH39: =COUNTIF($R$5:$R$34,AG39) -> 0 | AI39: =Cadastro!$F21 -> 0 | AJ39: =COUNTIF($S$5:$S$34,AI39) -> 0 | AK39: =Cadastro!$F22 -> 0 | AL39: =COUNTIF($T$5:$T$34,AK39) -> 0 | AM39: =Cadastro!$F23 -> 0 | AN39: =COUNTIF($U$5:$U$34,AM39) -> 0 | AO39: =Cadastro!$F24 -> 0 | AP39: =COUNTIF($V$5:$V$34,AO39) -> 0
C40: =Cadastro!G$5 -> 0 | D40: =COUNTIF($C$5:$C$34,C40) -> 0 | E40: =Cadastro!G$6 -> 0 | F40: =COUNTIF($D$5:$D$34,E40) -> 0 | G40: =Cadastro!G$7 -> 0 | H40: =COUNTIF($E$5:$E$34,G40) -> 0 | I40: =Cadastro!G$8 -> 0 | J40: =COUNTIF($F$5:$F$34,I40) -> 0 | K40: =Cadastro!G$9 -> 0 | L40: =COUNTIF($G$5:$G$34,K40) -> 0 | M40: =Cadastro!G$10 -> 0 | N40: =COUNTIF($H$5:$H$34,M40) -> 0 | O40: =Cadastro!$G11 -> 0 | P40: =COUNTIF($I$5:$I$34,O40) -> 0 | S40: =Cadastro!$G13 -> 0 | T40: =COUNTIF($K$5:$K$34,S40) -> 0 | U40: =Cadastro!$G14 -> 0 | V40: =COUNTIF($L$5:$L$34,U40) -> 0 | W40: =Cadastro!$G15 -> 0 | X40: =COUNTIF($M$5:$M$34,W40) -> 0 | Y40: =Cadastro!$G16 -> 0 | Z40: =COUNTIF($N$5:$N$34,Y40) -> 0 | AA40: =Cadastro!$G17 -> 0 | AB40: =COUNTIF($O$5:$O$34,AA40) -> 0 | AC40: =Cadastro!$G18 -> 0 | AD40: =COUNTIF($P$5:$P$34,AC40) -> 0 | AE40: =Cadastro!$G19 -> 0 | AF40: =COUNTIF($Q$5:$Q$34,AE40) -> 0 | AG40: =Cadastro!$G20 -> 0 | AH40: =COUNTIF($R$5:$R$34,AG40) -> 0 | AI40: =Cadastro!$G21 -> 0 | AJ40: =COUNTIF($S$5:$S$34,AI40) -> 0 | AK40: =Cadastro!$G22 -> 0 | AL40: =COUNTIF($T$5:$T$34,AK40) -> 0 | AM40: =Cadastro!$G23 -> 0 | AN40: =COUNTIF($U$5:$U$34,AM40) -> 0 | AO40: =Cadastro!$G24 -> 0 | AP40: =COUNTIF($V$5:$V$34,AO40) -> 0
C41: =Cadastro!H$5 -> 0 | D41: =COUNTIF($C$5:$C$34,C41) -> 0 | E41: =Cadastro!H$6 -> 0 | F41: =COUNTIF($D$5:$D$34,E41) -> 0 | G41: =Cadastro!H$7 -> 0 | H41: =COUNTIF($E$5:$E$34,G41) -> 0 | I41: =Cadastro!H$8 -> 0 | J41: =COUNTIF($F$5:$F$34,I41) -> 0 | K41: =Cadastro!H$9 -> 0 | L41: =COUNTIF($G$5:$G$34,K41) -> 0 | M41: =Cadastro!H$10 -> 0 | N41: =COUNTIF($H$5:$H$34,M41) -> 0 | O41: =Cadastro!$H11 -> 0 | P41: =COUNTIF($I$5:$I$34,O41) -> 0 | S41: =Cadastro!$H13 -> 0 | T41: =COUNTIF($K$5:$K$34,S41) -> 0 | U41: =Cadastro!$H14 -> 0 | V41: =COUNTIF($L$5:$L$34,U41) -> 0 | W41: =Cadastro!$H15 -> 0 | X41: =COUNTIF($M$5:$M$34,W41) -> 0 | Y41: =Cadastro!$H16 -> 0 | Z41: =COUNTIF($N$5:$N$34,Y41) -> 0 | AA41: =Cadastro!$H17 -> 0 | AB41: =COUNTIF($O$5:$O$34,AA41) -> 0 | AC41: =Cadastro!$H18 -> 0 | AD41: =COUNTIF($P$5:$P$34,AC41) -> 0 | AE41: =Cadastro!$H19 -> 0 | AF41: =COUNTIF($Q$5:$Q$34,AE41) -> 0 | AG41: =Cadastro!$H20 -> 0 | AH41: =COUNTIF($R$5:$R$34,AG41) -> 0 | AI41: =Cadastro!$H21 -> 0 | AJ41: =COUNTIF($S$5:$S$34,AI41) -> 0 | AK41: =Cadastro!$H22 -> 0 | AL41: =COUNTIF($T$5:$T$34,AK41) -> 0 | AM41: =Cadastro!$H23 -> 0 | AN41: =COUNTIF($U$5:$U$34,AM41) -> 0 | AO41: =Cadastro!$H24 -> 0 | AP41: =COUNTIF($V$5:$V$34,AO41) -> 0
C42: =Cadastro!I$5 -> 0 | D42: =COUNTIF($C$5:$C$34,C42) -> 0 | E42: =Cadastro!I$6 -> 0 | F42: =COUNTIF($D$5:$D$34,E42) -> 0 | G42: =Cadastro!I$7 -> 0 | H42: =COUNTIF($E$5:$E$34,G42) -> 0 | I42: =Cadastro!I$8 -> 0 | J42: =COUNTIF($F$5:$F$34,I42) -> 0 | K42: =Cadastro!I$9 -> 0 | L42: =COUNTIF($G$5:$G$34,K42) -> 0 | M42: =Cadastro!I$10 -> 0 | N42: =COUNTIF($H$5:$H$34,M42) -> 0 | O42: =Cadastro!$I11 -> 0 | P42: =COUNTIF($I$5:$I$34,O42) -> 0 | S42: =Cadastro!$I13 -> 0 | T42: =COUNTIF($K$5:$K$34,S42) -> 0 | U42: =Cadastro!$I14 -> 0 | V42: =COUNTIF($L$5:$L$34,U42) -> 0 | W42: =Cadastro!$I15 -> 0 | X42: =COUNTIF($M$5:$M$34,W42) -> 0 | Y42: =Cadastro!$I16 -> 0 | Z42: =COUNTIF($N$5:$N$34,Y42) -> 0 | AA42: =Cadastro!$I17 -> 0 | AB42: =COUNTIF($O$5:$O$34,AA42) -> 0 | AC42: =Cadastro!$I18 -> 0 | AD42: =COUNTIF($P$5:$P$34,AC42) -> 0 | AE42: =Cadastro!$I19 -> 0 | AF42: =COUNTIF($Q$5:$Q$34,AE42) -> 0 | AG42: =Cadastro!$I20 -> 0 | AH42: =COUNTIF($R$5:$R$34,AG42) -> 0 | AI42: =Cadastro!$I21 -> 0 | AJ42: =COUNTIF($S$5:$S$34,AI42) -> 0 | AK42: =Cadastro!$I22 -> 0 | AL42: =COUNTIF($T$5:$T$34,AK42) -> 0 | AM42: =Cadastro!$I23 -> 0 | AN42: =COUNTIF($U$5:$U$34,AM42) -> 0 | AO42: =Cadastro!$I24 -> 0 | AP42: =COUNTIF($V$5:$V$34,AO42) -> 0
C43: =Cadastro!J$5 -> 0 | D43: =COUNTIF($C$5:$C$34,C43) -> 0 | E43: =Cadastro!J$6 -> 0 | F43: =COUNTIF($D$5:$D$34,E43) -> 0 | G43: =Cadastro!J$7 -> 0 | H43: =COUNTIF($E$5:$E$34,G43) -> 0 | I43: =Cadastro!J$8 -> 0 | J43: =COUNTIF($F$5:$F$34,I43) -> 0 | K43: =Cadastro!J$9 -> 0 | L43: =COUNTIF($G$5:$G$34,K43) -> 0 | M43: =Cadastro!J$10 -> 0 | N43: =COUNTIF($H$5:$H$34,M43) -> 0 | O43: =Cadastro!$J11 -> 0 | P43: =COUNTIF($I$5:$I$34,O43) -> 0 | S43: =Cadastro!$J13 -> 0 | T43: =COUNTIF($K$5:$K$34,S43) -> 0 | U43: =Cadastro!$J14 -> 0 | V43: =COUNTIF($L$5:$L$34,U43) -> 0 | W43: =Cadastro!$J15 -> 0 | X43: =COUNTIF($M$5:$M$34,W43) -> 0 | Y43: =Cadastro!$J16 -> 0 | Z43: =COUNTIF($N$5:$N$34,Y43) -> 0 | AA43: =Cadastro!$J17 -> 0 | AB43: =COUNTIF($O$5:$O$34,AA43) -> 0 | AC43: =Cadastro!$J18 -> 0 | AD43: =COUNTIF($P$5:$P$34,AC43) -> 0 | AE43: =Cadastro!$J19 -> 0 | AF43: =COUNTIF($Q$5:$Q$34,AE43) -> 0 | AG43: =Cadastro!$J20 -> 0 | AH43: =COUNTIF($R$5:$R$34,AG43) -> 0 | AI43: =Cadastro!$J21 -> 0 | AJ43: =COUNTIF($S$5:$S$34,AI43) -> 0 | AK43: =Cadastro!$J22 -> 0 | AL43: =COUNTIF($T$5:$T$34,AK43) -> 0 | AM43: =Cadastro!$J23 -> 0 | AN43: =COUNTIF($U$5:$U$34,AM43) -> 0 | AO43: =Cadastro!$J24 -> 0 | AP43: =COUNTIF($V$5:$V$34,AO43) -> 0

Sheet Relatório
V4: Nº DE CLIENTES | AB4: =COUNTA(Dados!B5:B34) -> 0
