Workbook

Sheet Lucros Cessantes Mar00 Nov00
A1: LUCROS CESSANTES
F2: Anexo 01
A3: Processo: nº
A4: Autor:
A5: Réu:
A7: Período: Fevereiro/2000 a Novembro/2000
A9: Competências | B9: Faturamento | C9: Lucros Cessantes 25% sobre o Faturamento | D9: Valor Corrigido pelo índice INPC | E9: Juros de Mora 0,5% até a vigência do Código Civil (11/01/2003) e 1% a partir desta data | F9: Valor Atualizado até 31/12/2015
A10: 36585 | B10: 848.71 | C10: =B10*25% -> 212.1775 | D10: 561.08 | E10: 907.92 | F10: =D10+E10 -> 1469
A11: 36586 | B11: 607.5 | C11: =B11*25% -> 151.875 | D11: 401.17 | E11: 647.15 | F11: =D11+E11 -> 1048.32
A12: 36617 | B12: 567.03 | C12: =B12*25% -> 141.7575 | D12: 374.07 | E12: 601.57 | F12: =D12+E12 -> 975.64
A13: 36647 | B13: 720.82 | C13: =B13*25% -> 180.205 | D13: 475.63 | E13: 762.51 | F13: =D13+E13 -> 1238.14
A14: 36678 | B14: 779.29 | C14: =B14*25% -> 194.8225 | D14: 512.79 | E14: 819.52 | F14: =D14+E14 -> 1332.31
A15: 36708 | B15: 437.2 | C15: =B15*25% -> 109.3 | D15: 283.69 | E15: 451.97 | F15: =D15+E15 -> 735.66
A16: 36739 | B16: 604.68 | C16: =B16*25% -> 151.17 | D16: 387.63 | E16: 615.62 | F16: =D16+E16 -> 1003.25
A17: 36770 | B17: 644.25 | C17: =B17*25% -> 161.0625 | D17: 411.33 | E17: 651.2 | F17: =D17+E17 -> 1062.53
A18: 36800 | B18: 334.02 | C18: =B18*25% -> 83.505 | D18: 212.97 | E18: 336.1 | F18: =D18+E18 -> 549.07
A19: 36831 | B19: 238 | C19: =B19*25% -> 59.5 | D19: 151.32 | E19: 238.05 | F19: =D19+E19 -> 389.37
A20: Total | B20: =SUM(B10:B19) -> 5781.5 | C20: =SUM(C10:C19) -> 1445.375 | D20: =SUM(D10:D19) -> 3771.68 | E20: =SUM(E10:E19) -> 6031.61 | F20: =SUM(F10:F19) -> 9803.29
A22: Média do Faturamento | B22: =B20/10 -> 578.15

Sheet Lucros Cessantes Dez00 Jul01
A1: ='Lucros Cessantes Mar00 Nov00'!A1:B1 -> LUCROS CESSANTES
F2: Anexo 02
A3: Processo: nº 0003227-56.2001.8.24.0054/04
A4: Autor: Churrascaria Meu Cantinho
A5: Réu: Emerson Rivelino Tomio e Outros
A7: Período: Dezembro/2000 a Julho/2001
A9: Média do Faturamento no Ano 2000 | C9: 578.15
A11: Competências | B11: Faturamento | C11: Lucros Cessantes 25% sobre o Faturamento | D11: Valor Corrigido pelo índice INPC | E11: Juros de Mora 0,5% até a vigência do Código Civil (11/01/2003) e 1% a partir desta data | F11: Valor Atualizado até 31/12/2015
A12: 36891 | B12: 578.15 | C12: =B12*25% -> 144.5375 | D12: 365.49 | E12: 573.15 | F12: =D12+E12 -> 938.64
A13: 36922 | B13: 578.15 | C13: =B13*25% -> 144.5375 | D13: 362.78 | E13: 567.09 | F13: =D13+E13 -> 929.87
A14: 36950 | B14: 578.15 | C14: =B14*25% -> 144.5375 | D14: 360.86 | E14: 562.28 | F14: =D14+E14 -> 923.14
A15: 36981 | B15: 578.15 | C15: =B15*25% -> 144.5375 | D15: 359.2 | E15: 557.9 | F15: =D15+E15 -> 917.1
A16: 37011 | B16: 578.15 | C16: =B16*25% -> 144.5375 | D16: 356.13 | E16: 551.35 | F16: =D16+E16 -> 907.48
A17: 37042 | B17: 578.15 | C17: =B17*25% -> 144.5375 | D17: 354.17 | E17: 546.54 | F17: =D17+E17 -> 900.71
A18: 37072 | B18: 578.15 | C18: =B18*25% -> 144.5375 | D18: 352.05 | E18: 541.51 | F18: =D18+E18 -> 893.56
A19: 37103 | B19: 578.15 | C19: =B19*25% -> 144.5375 | D19: 348.26 | E19: 533.94 | F19: =D19+E19 -> 882.2
A20: TOTAL | B20: =SUM(B12:B19) -> 4625.2 | C20: =SUM(C12:C19) -> 1156.3 | D20: =SUM(D12:D19) -> 2858.94 | E20: =SUM(E12:E19) -> 4433.76 | F20: =SUM(F12:F19) -> 7292.7

Sheet Danos Emergentes
A1: DANOS EMERGENTES
D2: Anexo 03
A3: ='Lucros Cessantes Mar00 Nov00'!A3 -> Processo: nº
A4: ='Lucros Cessantes Mar00 Nov00'!A4 -> Autor:
A5: ='Lucros Cessantes Mar00 Nov00'!A5 -> Réu:
A7: Valor em 20.11.2000 (data do desmoronamento) | B7: Valor Corrigido pelo índice INPC | C7: Juros de Mora 0,5% até a vigência do Código Civil (11/03/2003) e 1% a partir desta data | D7: Valor Atualizado até 31/01/2015
A8: 1630 | B8: 4148.45 | C8: 6534.5 | D8: =B8+C8 -> 10682.95

Sheet Danos Morais
A1: DANOS MORAIS
D2: Anexo 04
A3: ='Lucros Cessantes Mar00 Nov00'!A3 -> Processo: nº
A4: ='Lucros Cessantes Mar00 Nov00'!A4 -> Autor:
A5: ='Lucros Cessantes Mar00 Nov00'!A5 -> Réu:
A7: Valor em 17/03/2011 (Data da decisão em Acórdão - fl. 374) | B7: Valor Corrigido pelo índice INPC | C7: Juros de Mora 0,5% até a vigência do Código Civil (11/03/2003) e 1% a partir desta data | D7: Valor Atualizado até 31/01/2015
A8: 20000 | B8: 25178.81 | C8: 11699.75 | D8: =B8+C8 -> 36878.56

Sheet Resumo de Valores
A1: RESUMO DOS VALORES
A3: ='Lucros Cessantes Mar00 Nov00'!A3 -> Processo: nº
A4: ='Lucros Cessantes Mar00 Nov00'!A4 -> Autor:
A5: ='Lucros Cessantes Mar00 Nov00'!A5 -> Réu:
A7: Descrição | B7: Valores em 31/12/2015
A8: 1. Lucros Cessantes do Período de Fev/2000 a Nov/2000 | B8: 9803.29
A9: 2. Lucros Cessantes do Período de Dez/2000 a Jul/2001 | B9: 7292.7
A10: Total Devido ao Autor | B10: =SUM(B8:B9) -> 17095.99
