Workbook

Sheet FATOR R
A1: COD | B1: CNPJ | C1: RAZAO SOCIAL
D2: 43101 | E2: 43132 | F2: 43160 | G2: 43191 | H2: 43221 | I2: 43252 | J2: 43282 | K2: 43313 | L2: 43344 | M2: 43374 | N2: 43405 | O2: 43435 | P2: 43466 | Q2: 43497 | R2: 43525 | S2: 43556 | T2: 43586 | U2: 43617 | V2: 43647 | W2: 43678 | X2: 43709 | Y2: 43739 | Z2: 43770 | AA2: 43800 | AB2: 43831 | AC2: 43862 | AD2: 43891 | AE2: 43922 | AF2: 43952 | AG2: 43983 | AH2: 44013 | AI2: 44044 | AJ2: 44075 | AK2: 44105 | AL2: 44136 | AM2: 44166
D3: =((SUM(FOLHA!D3:O3)/SUM(FATURAMENTO!D3:O3))) -> #DIV/0! | E3: =((SUM(FOLHA!E3:P3)/SUM(FATURAMENTO!E3:P3))) -> #DIV/0! | F3: =((SUM(FOLHA!F3:Q3)/SUM(FATURAMENTO!F3:Q3))) -> #DIV/0! | G3: =((SUM(FOLHA!G3:R3)/SUM(FATURAMENTO!G3:R3))) -> #DIV/0! | H3: =((SUM(FOLHA!H3:S3)/SUM(FATURAMENTO!H3:S3))) -> #DIV/0! | I3: =((SUM(FOLHA!I3:T3)/SUM(FATURAMENTO!I3:T3))) -> #DIV/0! | J3: =((SUM(FOLHA!J3:U3)/SUM(FATURAMENTO!J3:U3))) -> #DIV/0! | K3: =((SUM(FOLHA!K3:V3)/SUM(FATURAMENTO!K3:V3))) -> #DIV/0! | ... AM3: =((SUM(FOLHA!AM3:AX3)/SUM(FATURAMENTO!AM3:AX3))) -> #DIV/0!
D4: =((SUM(FOLHA!D4:O4)/SUM(FATURAMENTO!D4:O4))) -> #DIV/0! | E4: =((SUM(FOLHA!E4:P4)/SUM(FATURAMENTO!E4:P4))) -> #DIV/0! | F4: =((SUM(FOLHA!F4:Q4)/SUM(FATURAMENTO!F4:Q4))) -> #DIV/0! | G4: =((SUM(FOLHA!G4:R4)/SUM(FATURAMENTO!G4:R4))) -> #DIV/0! | H4: =((SUM(FOLHA!H4:S4)/SUM(FATURAMENTO!H4:S4))) -> #DIV/0! | I4: =((SUM(FOLHA!I4:T4)/SUM(FATURAMENTO!I4:T4))) -> #DIV/0! | J4: =((SUM(FOLHA!J4:U4)/SUM(FATURAMENTO!J4:U4))) -> #DIV/0! | K4: =((SUM(FOLHA!K4:V4)/SUM(FATURAMENTO!K4:V4))) -> #DIV/0! | ... AM4: =((SUM(FOLHA!AM4:AX4)/SUM(FATURAMENTO!AM4:AX4))) -> #DIV/0!
D5: =((SUM(FOLHA!D5:O5)/SUM(FATURAMENTO!D5:O5))) -> #DIV/0! | E5: =((SUM(FOLHA!E5:P5)/SUM(FATURAMENTO!E5:P5))) -> #DIV/0! | F5: =((SUM(FOLHA!F5:Q5)/SUM(FATURAMENTO!F5:Q5))) -> #DIV/0! | G5: =((SUM(FOLHA!G5:R5)/SUM(FATURAMENTO!G5:R5))) -> #DIV/0! | H5: =((SUM(FOLHA!H5:S5)/SUM(FATURAMENTO!H5:S5))) -> #DIV/0! | I5: =((SUM(FOLHA!I5:T5)/SUM(FATURAMENTO!I5:T5))) -> #DIV/0! | J5: =((SUM(FOLHA!J5:U5)/SUM(FATURAMENTO!J5:U5))) -> #DIV/0! | K5: =((SUM(FOLHA!K5:V5)/SUM(FATURAMENTO!K5:V5))) -> #DIV/0! | ... AM5: =((SUM(FOLHA!AM5:AX5)/SUM(FATURAMENTO!AM5:AX5))) -> #DIV/0!
D6: =((SUM(FOLHA!D6:O6)/SUM(FATURAMENTO!D6:O6))) -> #DIV/0! | E6: =((SUM(FOLHA!E6:P6)/SUM(FATURAMENTO!E6:P6))) -> #DIV/0! | F6: =((SUM(FOLHA!F6:Q6)/SUM(FATURAMENTO!F6:Q6))) -> #DIV/0! | G6: =((SUM(FOLHA!G6:R6)/SUM(FATURAMENTO!G6:R6))) -> #DIV/0! | H6: =((SUM(FOLHA!H6:S6)/SUM(FATURAMENTO!H6:S6))) -> #DIV/0! | I6: =((SUM(FOLHA!I6:T6)/SUM(FATURAMENTO!I6:T6))) -> #DIV/0! | J6: =((SUM(FOLHA!J6:U6)/SUM(FATURAMENTO!J6:U6))) -> #DIV/0! | K6: =((SUM(FOLHA!K6:V6)/SUM(FATURAMENTO!K6:V6))) -> #DIV/0! | ... AM6: =((SUM(FOLHA!AM6:AX6)/SUM(FATURAMENTO!AM6:AX6))) -> #DIV/0!
D7: =((SUM(FOLHA!D7:O7)/SUM(FATURAMENTO!D7:O7))) -> #DIV/0! | E7: =((SUM(FOLHA!E7:P7)/SUM(FATURAMENTO!E7:P7))) -> #DIV/0! | F7: =((SUM(FOLHA!F7:Q7)/SUM(FATURAMENTO!F7:Q7))) -> #DIV/0! | G7: =((SUM(FOLHA!G7:R7)/SUM(FATURAMENTO!G7:R7))) -> #DIV/0! | H7: =((SUM(FOLHA!H7:S7)/SUM(FATURAMENTO!H7:S7))) -> #DIV/0! | I7: =((SUM(FOLHA!I7:T7)/SUM(FATURAMENTO!I7:T7))) -> #DIV/0! | J7: =((SUM(FOLHA!J7:U7)/SUM(FATURAMENTO!J7:U7))) -> #DIV/0! | K7: =((SUM(FOLHA!K7:V7)/SUM(FATURAMENTO!K7:V7))) -> #DIV/0! | ... AM7: =((SUM(FOLHA!AM7:AX7)/SUM(FATURAMENTO!AM7:AX7))) -> #DIV/0!
D8: =((SUM(FOLHA!D8:O8)/SUM(FATURAMENTO!D8:O8))) -> #DIV/0! | E8: =((SUM(FOLHA!E8:P8)/SUM(FATURAMENTO!E8:P8))) -> #DIV/0! | F8: =((SUM(FOLHA!F8:Q8)/SUM(FATURAMENTO!F8:Q8))) -> #DIV/0! | G8: =((SUM(FOLHA!G8:R8)/SUM(FATURAMENTO!G8:R8))) -> #DIV/0! | H8: =((SUM(FOLHA!H8:S8)/SUM(FATURAMENTO!H8:S8))) -> #DIV/0! | I8: =((SUM(FOLHA!I8:T8)/SUM(FATURAMENTO!I8:T8))) -> #DIV/0! | J8: =((SUM(FOLHA!J8:U8)/SUM(FATURAMENTO!J8:U8))) -> #DIV/0! | K8: =((SUM(FOLHA!K8:V8)/SUM(FATURAMENTO!K8:V8))) -> #DIV/0! | ... AM8: =((SUM(FOLHA!AM8:AX8)/SUM(FATURAMENTO!AM8:AX8))) -> #DIV/0!
D9: =((SUM(FOLHA!D9:O9)/SUM(FATURAMENTO!D9:O9))) -> #DIV/0! | E9: =((SUM(FOLHA!E9:P9)/SUM(FATURAMENTO!E9:P9))) -> #DIV/0! | F9: =((SUM(FOLHA!F9:Q9)/SUM(FATURAMENTO!F9:Q9))) -> #DIV/0! | G9: =((SUM(FOLHA!G9:R9)/SUM(FATURAMENTO!G9:R9))) -> #DIV/0! | H9: =((SUM(FOLHA!H9:S9)/SUM(FATURAMENTO!H9:S9))) -> #DIV/0! | I9: =((SUM(FOLHA!I9:T9)/SUM(FATURAMENTO!I9:T9))) -> #DIV/0! | J9: =((SUM(FOLHA!J9:U9)/SUM(FATURAMENTO!J9:U9))) -> #DIV/0! | K9: =((SUM(FOLHA!K9:V9)/SUM(FATURAMENTO!K9:V9))) -> #DIV/0! | ... AM9: =((SUM(FOLHA!AM9:AX9)/SUM(FATURAMENTO!AM9:AX9))) -> #DIV/0!
D10: =((SUM(FOLHA!D10:O10)/SUM(FATURAMENTO!D10:O10))) -> #DIV/0! | E10: =((SUM(FOLHA!E10:P10)/SUM(FATURAMENTO!E10:P10))) -> #DIV/0! | F10: =((SUM(FOLHA!F10:Q10)/SUM(FATURAMENTO!F10:Q10))) -> #DIV/0! | G10: =((SUM(FOLHA!G10:R10)/SUM(FATURAMENTO!G10:R10))) -> #DIV/0! | H10: =((SUM(FOLHA!H10:S10)/SUM(FATURAMENTO!H10:S10))) -> #DIV/0! | I10: =((SUM(FOLHA!I10:T10)/SUM(FATURAMENTO!I10:T10))) -> #DIV/0! | J10: =((SUM(FOLHA!J10:U10)/SUM(FATURAMENTO!J10:U10))) -> #DIV/0! | K10: =((SUM(FOLHA!K10:V10)/SUM(FATURAMENTO!K10:V10))) -> #DIV/0! | ... AM10: =((SUM(FOLHA!AM10:AX10)/SUM(FATURAMENTO!AM10:AX10))) -> #DIV/0!
D11: =((SUM(FOLHA!D11:O11)/SUM(FATURAMENTO!D11:O11))) -> #DIV/0! | E11: =((SUM(FOLHA!E11:P11)/SUM(FATURAMENTO!E11:P11))) -> #DIV/0! | F11: =((SUM(FOLHA!F11:Q11)/SUM(FATURAMENTO!F11:Q11))) -> #DIV/0! | G11: =((SUM(FOLHA!G11:R11)/SUM(FATURAMENTO!G11:R11))) -> #DIV/0! | H11: =((SUM(FOLHA!H11:S11)/SUM(FATURAMENTO!H11:S11))) -> #DIV/0! | I11: =((SUM(FOLHA!I11:T11)/SUM(FATURAMENTO!I11:T11))) -> #DIV/0! | J11: =((SUM(FOLHA!J11:U11)/SUM(FATURAMENTO!J11:U11))) -> #DIV/0! | K11: =((SUM(FOLHA!K11:V11)/SUM(FATURAMENTO!K11:V11))) -> #DIV/0! | ... AM11: =((SUM(FOLHA!AM11:AX11)/SUM(FATURAMENTO!AM11:AX11))) -> #DIV/0!
C13: FATOR R
A15: ANEXO | C15: ANEXO
A16: III | B16: MENOS 28% | C16: VAI PARA V
A17: III | B17: MAIS 28% | C17: FICA NO III
A18: V | B18: MENOS 28% | C18: FICA NO V
A19: V | B19: MAIS 28% | C19: VAI PRO III

Sheet FATURAMENTO
A1: COD | B1: CNPJ | C1: RAZAO SOCIAL
D2: 42736 | E2: 42767 | F2: 42795 | G2: 42826 | H2: 42856 | I2: 42887 | J2: 42917 | K2: 42948 | L2: 42979 | M2: 43009 | N2: 43040 | O2: 43070 | P2: 43101 | Q2: 43132 | R2: 43160 | S2: 43191 | T2: 43221 | U2: 43252 | V2: 43282 | W2: 43313 | X2: 43344 | Y2: 43374 | Z2: 43405 | AA2: 43435 | AB2: 43466 | AC2: 43497 | AD2: 43525 | AE2: 43556 | AF2: 43586 | AG2: 43617 | AH2: 43647 | AI2: 43678 | AJ2: 43709 | AK2: 43739 | AL2: 43770 | AM2: 43800 | AN2: 43831 | AO2: 43862 | AP2: 43891 | AQ2: 43922 | AR2: 43952 | AS2: 43983 | AT2: 44013 | AU2: 44044 | AV2: 44075 | AW2: 44105 | AX2: 44136 | AY2: 44166
C13: FATURAMENTO

Sheet FOLHA
A1: COD | B1: CNPJ | C1: RAZAO SOCIAL | D1: FOLHA
D2: 42736 | E2: 42767 | F2: 42795 | G2: 42826 | H2: 42856 | I2: 42887 | J2: 42917 | K2: 42948 | L2: 42979 | M2: 43009 | N2: 43040 | O2: 43070 | P2: 43101 | Q2: 43132 | R2: 43160 | S2: 43191 | T2: 43221 | U2: 43252 | V2: 43282 | W2: 43313 | X2: 43344 | Y2: 43374 | Z2: 43405 | AA2: 43435 | AB2: 43466 | AC2: 43497 | AD2: 43525 | AE2: 43556 | AF2: 43586 | AG2: 43617 | AH2: 43647 | AI2: 43678 | AJ2: 43709 | AK2: 43739 | AL2: 43770 | AM2: 43800 | AN2: 43831 | AO2: 43862 | AP2: 43891 | AQ2: 43922 | AR2: 43952 | AS2: 43983 | AT2: 44013 | AU2: 44044 | AV2: 44075 | AW2: 44105 | AX2: 44136 | AY2: 44166
C13: FOLHA
