Workbook

Sheet Objetivo

Sheet Base de Clientes Atual
A1: Data | B1: Titulos | C1: Numero do Cliente | D1: Valor | E1: Dia Anterior Procv | F1: Saldo dia anterior | G1: Lancamento Contabeis | H1: Movimento Contabil | I1: Analise do Saldo
A2: 43519 | B2: 15978583749 | C2: 58 | D2: 413.03 | E2: =IFERROR(VLOOKUP(B2,'Base de Clientes Dia Anterior'!$B:$B,1,0),"Nao Encontrado") -> 15978583749 | F2: =SUMIFS('Base de Clientes Dia Anterior'!$D$2:$D$21,'Base de Clientes Dia Anterior'!$B$2:$B$21,'Base de Clientes Atual'!B2) -> 373.28 | G2: =IFERROR(VLOOKUP(B2,'Lancamentos Contabeis'!$D$2:$D$13,1,0),"Sem Movimento") -> 15978583749 | H2: =SUMIFS('Lancamentos Contabeis'!$E$2:$E$13,'Lancamentos Contabeis'!$D$2:$D$13,'Base de Clientes Atual'!B2) -> 39.75 | I2: =D2-F2-H2 -> 0
A3: 43519 | B3: 78346320191 | C3: 60 | D3: 412.92 | E3: 78346320191 | F3: 372.95 | G3: 78346320191 | H3: =SUMIFS('Lancamentos Contabeis'!$E$2:$E$13,'Lancamentos Contabeis'!$D$2:$D$13,'Base de Clientes Atual'!B3) -> 39.97 | I3: =D3-F3-H3 -> 0
A4: 43519 | B4: 34300260168 | C4: 58 | D4: 412.3 | E4: 34300260168 | F4: 719.52 | G4: Sem Movimento | H4: =SUMIFS('Lancamentos Contabeis'!$E$2:$E$13,'Lancamentos Contabeis'!$D$2:$D$13,'Base de Clientes Atual'!B4) -> 0 | I4: =D4-F4-H4 -> -307.22
A5: 43519 | B5: 17941024187 | C5: 58 | D5: 405.91 | E5: 17941024187 | F5: 368.02 | G5: 17941024187 | H5: =SUMIFS('Lancamentos Contabeis'!$E$2:$E$13,'Lancamentos Contabeis'!$D$2:$D$13,'Base de Clientes Atual'!B5) -> 37.89 | I5: =D5-F5-H5 -> 0
A6: 43519 | B6: 9215890777 | C6: 60 | D6: 405.28 | E6: 9215890777 | F6: 365.91 | G6: 9215890777 | H6: =SUMIFS('Lancamentos Contabeis'!$E$2:$E$13,'Lancamentos Contabeis'!$D$2:$D$13,'Base de Clientes Atual'!B6) -> 39.37 | I6: =D6-F6-H6 -> 0
A7: 43519 | B7: 42583632272 | C7: 58 | D7: 404.65 | E7: 42583632272 | F7: 365.83 | G7: 42583632272 | H7: =SUMIFS('Lancamentos Contabeis'!$E$2:$E$13,'Lancamentos Contabeis'!$D$2:$D$13,'Base de Clientes Atual'!B7) -> 38.82 | I7: =D7-F7-H7 -> 0
A8: 43519 | B8: 15683109787 | C8: 60 | D8: 399.67 | E8: 15683109787 | F8: 364.82 | G8: 15683109787 | H8: =SUMIFS('Lancamentos Contabeis'!$E$2:$E$13,'Lancamentos Contabeis'!$D$2:$D$13,'Base de Clientes Atual'!B8) -> 34.85 | I8: =D8-F8-H8 -> 0
A9: 43519 | B9: 63562561172 | C9: 58 | D9: 399.14 | E9: 63562561172 | F9: 399.14 | G9: Sem Movimento | H9: =SUMIFS('Lancamentos Contabeis'!$E$2:$E$13,'Lancamentos Contabeis'!$D$2:$D$13,'Base de Clientes Atual'!B9) -> 0 | I9: =D9-F9-H9 -> 0
A10: 43519 | B10: 27382710149 | C10: 58 | D10: 398 | E10: 27382710149 | F10: 398 | G10: Sem Movimento | H10: =SUMIFS('Lancamentos Contabeis'!$E$2:$E$13,'Lancamentos Contabeis'!$D$2:$D$13,'Base de Clientes Atual'!B10) -> 0 | I10: =D10-F10-H10 -> 0
A11: 43519 | B11: 21925769860 | C11: 58 | D11: 395.07 | E11: 21925769860 | F11: 395.07 | G11: Sem Movimento | H11: =SUMIFS('Lancamentos Contabeis'!$E$2:$E$13,'Lancamentos Contabeis'!$D$2:$D$13,'Base de Clientes Atual'!B11) -> 0 | I11: =D11-F11-H11 -> 0
A12: 43519 | B12: 80438156153 | C12: 58 | D12: 393.24 | E12: 80438156153 | F12: 393.24 | G12: Sem Movimento | H12: =SUMIFS('Lancamentos Contabeis'!$E$2:$E$13,'Lancamentos Contabeis'!$D$2:$D$13,'Base de Clientes Atual'!B12) -> 0 | I12: =D12-F12-H12 -> 0
A13: 43519 | B13: 24497860159 | C13: 60 | D13: 391.76 | E13: 24497860159 | F13: 391.76 | G13: Sem Movimento | H13: =SUMIFS('Lancamentos Contabeis'!$E$2:$E$13,'Lancamentos Contabeis'!$D$2:$D$13,'Base de Clientes Atual'!B13) -> 0 | I13: =D13-F13-H13 -> 0
A14: 43519 | B14: 14386020144 | C14: 58 | D14: 390.34 | E14: 14386020144 | F14: 358.84 | G14: 14386020144 | H14: =SUMIFS('Lancamentos Contabeis'!$E$2:$E$13,'Lancamentos Contabeis'!$D$2:$D$13,'Base de Clientes Atual'!B14) -> 47.66 | I14: =D14-F14-H14 -> -16.16
A15: 43519 | B15: 47319305100 | C15: 60 | D15: 383.18 | E15: 47319305100 | F15: 383.18 | G15: Sem Movimento | H15: =SUMIFS('Lancamentos Contabeis'!$E$2:$E$13,'Lancamentos Contabeis'!$D$2:$D$13,'Base de Clientes Atual'!B15) -> 0 | I15: =D15-F15-H15 -> 0
A16: 43519 | B16: 18248977153 | C16: 58 | D16: 383.1 | E16: Nao Encontrado | F16: 0 | G16: Sem Movimento | H16: =SUMIFS('Lancamentos Contabeis'!$E$2:$E$13,'Lancamentos Contabeis'!$D$2:$D$13,'Base de Clientes Atual'!B16) -> 0 | I16: =D16-F16-H16 -> 383.1
A17: 43519 | B17: 15057887149 | C17: 60 | D17: 382.61 | E17: 15057887149 | F17: 356.08 | G17: Sem Movimento | H17: =SUMIFS('Lancamentos Contabeis'!$E$2:$E$13,'Lancamentos Contabeis'!$D$2:$D$13,'Base de Clientes Atual'!B17) -> 0 | I17: =D17-F17-H17 -> 26.53
A18: 43519 | B18: 83464794172 | C18: 58 | D18: 379.5 | E18: 83464794172 | F18: 355 | G18: 83464794172 | H18: =SUMIFS('Lancamentos Contabeis'!$E$2:$E$13,'Lancamentos Contabeis'!$D$2:$D$13,'Base de Clientes Atual'!B18) -> 24.5 | I18: =D18-F18-H18 -> 0
A19: 43519 | B19: 49468693104 | C19: 58 | D19: 378.54 | E19: 49468693104 | F19: 350 | G19: 49468693104 | H19: =SUMIFS('Lancamentos Contabeis'!$E$2:$E$13,'Lancamentos Contabeis'!$D$2:$D$13,'Base de Clientes Atual'!B19) -> 28.54 | I19: =D19-F19-H19 -> 0
A20: 43519 | B20: 60251107191 | C20: 58 | D20: 377.59 | E20: 60251107191 | F20: 349.75 | G20: 60251107191 | H20: =SUMIFS('Lancamentos Contabeis'!$E$2:$E$13,'Lancamentos Contabeis'!$D$2:$D$13,'Base de Clientes Atual'!B20) -> 27.84 | I20: =D20-F20-H20 -> 0
A21: 43519 | B21: 37689711120 | C21: 58 | D21: 375 | E21: 37689711120 | F21: 349 | G21: 37689711120 | H21: =SUMIFS('Lancamentos Contabeis'!$E$2:$E$13,'Lancamentos Contabeis'!$D$2:$D$13,'Base de Clientes Atual'!B21) -> 26 | I21: =D21-F21-H21 -> 0
A22: 43519 | B22: 14386020144 | C22: 58 | D22: 375 | E22: 14386020144 | F22: 358.84 | G22: 14386020144 | H22: =SUMIFS('Lancamentos Contabeis'!$E$2:$E$13,'Lancamentos Contabeis'!$D$2:$D$13,'Base de Clientes Atual'!B22) -> 47.66 | I22: =D22-F22-H22 -> -31.5

Sheet Base de Clientes Dia Anterior
A1: Data | B1: Titulos | C1: Numero do Cliente
A2: 43518 | B2: 15978583749 | C2: 58 | D2: 373.28
A3: 43518 | B3: 78346320191 | C3: 60 | D3: 372.95
A4: 43518 | B4: 34300260168 | C4: 58 | D4: 370.67
A5: 43518 | B5: 17941024187 | C5: 58 | D5: 368.02
A6: 43518 | B6: 9215890777 | C6: 60 | D6: 365.91
A7: 43518 | B7: 42583632272 | C7: 58 | D7: 365.83
A8: 43518 | B8: 15683109787 | C8: 60 | D8: 364.82
A9: 43518 | B9: 63562561172 | C9: 58 | D9: 399.14
A10: 43518 | B10: 27382710149 | C10: 58 | D10: 398
A11: 43518 | B11: 21925769860 | C11: 58 | D11: 395.07
A12: 43518 | B12: 80438156153 | C12: 58 | D12: 393.24
A13: 43518 | B13: 24497860159 | C13: 60 | D13: 391.76
... A21: 43518 | B21: 34300260168 | C21: 58 | D21: 348.85

Sheet Lancamentos Contabeis
A1: Data | B1: Conta Contabil | C1: Numero Cliente | D1: Titulos | E1: Valor
A2: 43519 | B2: 12310001 | C2: 58 | D2: 15978583749 | E2: 39.75
A3: 43519 | B3: 12310001 | C3: 60 | D3: 78346320191 | E3: 39.97
A4: 43519 | B4: 12310001 | C4: 58 | D4: 17941024187 | E4: 37.89
A5: 43519 | B5: 12310001 | C5: 60 | D5: 9215890777 | E5: 39.37
A6: 43519 | B6: 12310001 | C6: 58 | D6: 42583632272 | E6: 38.82
A7: 43519 | B7: 12310001 | C7: 60 | D7: 15683109787 | E7: 34.85
A8: 43519 | B8: 12310001 | C8: 58 | D8: 14386020144 | E8: 31.5
A9: 43519 | B9: 12310001 | C9: 58 | D9: 83464794172 | E9: 24.5
A10: 43519 | B10: 12310001 | C10: 58 | D10: 49468693104 | E10: 28.54
A11: 43519 | B11: 12310001 | C11: 58 | D11: 60251107191 | E11: 27.84
A12: 43519 | B12: 12310001 | C12: 58 | D12: 37689711120 | E12: 26
A13: 43519 | B13: 12310001 | C13: 58 | D13: 14386020144 | E13: 16.16
