Workbook

Sheet Orientações
C2: * ORIENTAÇÕES *
C4: Na guia/planilha "Controle Vencimento Experiência" digitar somente nos campos informados abaixo:
C5: Chapa: Digitar o número da chapa ou registro do funcionário.
C6: Nome : Informar o nome do funcionário.
C7: Data de admissão - Informar a data de admissão do funcionário. Este campo é MUITO IMPORTANTE, pois irá controlar os vencimentos
C8: Função : Informar a função do funcionário
C9: Setor - Informar o setor que o funcionário esta lotado.
C10: Total dias de experiência - Informar a qtde. total de dias de experiência. Lembrando que não pode ser maior que 90 dias. (artigo 445 da CLT)
C11: Dias da 1ª face - Informar a qtde. de dias da 1ª fase da experiência. Obs: Se for fase única (sem prorrogação) informar igual coluna anterior
C12: No total de dias da 2ª face, a fórmula já irá fazer a dedução dos dias da 1ª. Exemplo: Total de dias de experiência = 90, menos dias da 1ª fase = 45, então os dias
C13: da 2ª fase serão 45 (90 - 45 = 45)
C15: * ATENÇÃO * - CAMPOS ABAIXO MUITO IMPORTANTES - * ANALISAR SEMPRE *
... C20: Abaixo mensagens automáticas conforme a situação da experiência, tanto na 1ª como na 2ª fase :
C21: Menos de 0 dia | E21: A cor de preenchimento da célula ficará vermelha, a cor da fonte amarela, e aparecerá a mensagem "1ª fase venceu" ou "2ª fase venceu"
C22: Igual a 0 dia | E22: A cor de preenchimento da célula ficará amarela , a cor da fonte vermelha , e aparecerá a mensagem " Atenção, vence hoje"
C23: De 1 a 10 dias | E23: A cor de preenchimento da célula ficará azul, a cor da fonte amarela, e aparecerá a mensagem " Próximo do vencimento"
C24: Acima de 10 dias | E24: A cor de preenchimento da célula ficará verde a cor da fonte branca, e aparecerá a mensagem " No prazo"
C26: Obs: Resolvi deixar como parâmetro 10 dias, porque assim dará tempo de verfificar com a chefia do funcionário, o que ele prentende fazer.

Sheet Controle Vencimento Experiência
B2: * PLANILHA PARA CONTROLE VENCIMENTO DE EXPERIÊNCIA *
B4: Chapa | C4: Nome | D4: Data de | E4: Função | F4: Setor | G4: Total dias | H4: Dias da | I4: Dias da | J4: Vencimento | L4: Dias venc. | M4: Dias venc. | N4: Situação | O4: Situação
D5: Admissão | G5: Experiência | H5: 1ª fase | I5: 2ª fase | J5: 1ª fase | K5: 2ª fase | L5: 1ª fase | M5: 2ª fase | N5: 1ª fase | O5: 2ª fase
B6: 1 | C6: Beltrano de Tal Jr | D6: 43222 | E6: Analista | F6: R.Humanos | G6: 90 | H6: 36 | I6: =IF(ISBLANK(G6),"",IF(G6=H6,0,G6-H6)) -> 54 | J6: =IF(ISBLANK(D6),"",D6+H6-1) -> 43257 | K6: =IF(OR(ISBLANK(D6),ISBLANK(G6),I6=0),"",J6+I6) -> 43311 | L6: =IF(ISBLANK(D6),"",J6-Parâmetros!$B$4) -> -167 | M6: =IF(OR(ISBLANK(D6),ISBLANK(G6),I6=0),"",K6-Parâmetros!$B$4) -> -113 | N6: =IF(ISBLANK(D6),"",IF(L6=0,"Atenção, vence hoje",IF(L6<0,"1ª fase venceu",IF(L6>10,"No prazo",IF(AND(L6>=1,L6<=10),"Próximo do vencimento",))))) -> 1ª fase venceu | O6: =IF(OR(ISBLANK(D6),ISBLANK(I6),I6=0,G6=""),"",IF(M6=0,"Atenção, vence hoje",IF(M6<0,"2ª fase venceu",IF(M6>10,"No prazo",IF(AND(M6>=1,M6<=10),"Próximo do vencimento",))))) -> 2ª fase venceu
B7: 2 | C7: Fulano de Tal | D7: 43192 | E7: Assistente | F7: Financeiro | G7: 90 | H7: 45 | I7: =IF(ISBLANK(G7),"",IF(G7=H7,0,G7-H7)) -> 45 | J7: =IF(ISBLANK(D7),"",D7+H7-1) -> 43236 | K7: =IF(OR(ISBLANK(D7),ISBLANK(G7),I7=0),"",J7+I7) -> 43281 | L7: =IF(ISBLANK(D7),"",J7-Parâmetros!$B$4) -> -188 | M7: =IF(OR(ISBLANK(D7),ISBLANK(G7),I7=0),"",K7-Parâmetros!$B$4) -> -143 | N7: =IF(ISBLANK(D7),"",IF(L7=0,"Atenção, vence hoje",IF(L7<0,"1ª fase venceu",IF(L7>10,"No prazo",IF(AND(L7>=1,L7<=10),"Próximo do vencimento",))))) -> 1ª fase venceu | O7: =IF(OR(ISBLANK(D7),ISBLANK(I7),I7=0,G7=""),"",IF(M7=0,"Atenção, vence hoje",IF(M7<0,"2ª fase venceu",IF(M7>10,"No prazo",IF(AND(M7>=1,M7<=10),"Próximo do vencimento",))))) -> 2ª fase venceu
I8: =IF(ISBLANK(G8),"",IF(G8=H8,0,G8-H8)) | J8: =IF(ISBLANK(D8),"",D8+H8-1) | K8: =IF(OR(ISBLANK(D8),ISBLANK(G8),I8=0),"",J8+I8) | L8: =IF(ISBLANK(D8),"",J8-Parâmetros!$B$4) | M8: =IF(OR(ISBLANK(D8),ISBLANK(G8),I8=0),"",K8-Parâmetros!$B$4) | N8: =IF(ISBLANK(D8),"",IF(L8=0,"Atenção, vence hoje",IF(L8<0,"1ª fase venceu",IF(L8>10,"No prazo",IF(AND(L8>=1,L8<=10),"Próximo do vencimento",))))) | O8: =IF(OR(ISBLANK(D8),ISBLANK(I8),I8=0,G8=""),"",IF(M8=0,"Atenção, vence hoje",IF(M8<0,"2ª fase venceu",IF(M8>10,"No prazo",IF(AND(M8>=1,M8<=10),"Próximo do vencimento",)))))
I9: =IF(ISBLANK(G9),"",IF(G9=H9,0,G9-H9)) | J9: =IF(ISBLANK(D9),"",D9+H9-1) | K9: =IF(OR(ISBLANK(D9),ISBLANK(G9),I9=0),"",J9+I9) | L9: =IF(ISBLANK(D9),"",J9-Parâmetros!$B$4) | M9: =IF(OR(ISBLANK(D9),ISBLANK(G9),I9=0),"",K9-Parâmetros!$B$4) | N9: =IF(ISBLANK(D9),"",IF(L9=0,"Atenção, vence hoje",IF(L9<0,"1ª fase venceu",IF(L9>10,"No prazo",IF(AND(L9>=1,L9<=10),"Próximo do vencimento",))))) | O9: =IF(OR(ISBLANK(D9),ISBLANK(I9),I9=0,G9=""),"",IF(M9=0,"Atenção, vence hoje",IF(M9<0,"2ª fase venceu",IF(M9>10,"No prazo",IF(AND(M9>=1,M9<=10),"Próximo do vencimento",)))))
I10: =IF(ISBLANK(G10),"",IF(G10=H10,0,G10-H10)) | J10: =IF(ISBLANK(D10),"",D10+H10-1) | K10: =IF(OR(ISBLANK(D10),ISBLANK(G10),I10=0),"",J10+I10) | L10: =IF(ISBLANK(D10),"",J10-Parâmetros!$B$4) | M10: =IF(OR(ISBLANK(D10),ISBLANK(G10),I10=0),"",K10-Parâmetros!$B$4) | N10: =IF(ISBLANK(D10),"",IF(L10=0,"Atenção, vence hoje",IF(L10<0,"1ª fase venceu",IF(L10>10,"No prazo",IF(AND(L10>=1,L10<=10),"Próximo do vencimento",))))) | O10: =IF(OR(ISBLANK(D10),ISBLANK(I10),I10=0,G10=""),"",IF(M10=0,"Atenção, vence hoje",IF(M10<0,"2ª fase venceu",IF(M10>10,"No prazo",IF(AND(M10>=1,M10<=10),"Próximo do vencimento",)))))
I11: =IF(ISBLANK(G11),"",IF(G11=H11,0,G11-H11)) | J11: =IF(ISBLANK(D11),"",D11+H11-1) | K11: =IF(OR(ISBLANK(D11),ISBLANK(G11),I11=0),"",J11+I11) | L11: =IF(ISBLANK(D11),"",J11-Parâmetros!$B$4) | M11: =IF(OR(ISBLANK(D11),ISBLANK(G11),I11=0),"",K11-Parâmetros!$B$4) | N11: =IF(ISBLANK(D11),"",IF(L11=0,"Atenção, vence hoje",IF(L11<0,"1ª fase venceu",IF(L11>10,"No prazo",IF(AND(L11>=1,L11<=10),"Próximo do vencimento",))))) | O11: =IF(OR(ISBLANK(D11),ISBLANK(I11),I11=0,G11=""),"",IF(M11=0,"Atenção, vence hoje",IF(M11<0,"2ª fase venceu",IF(M11>10,"No prazo",IF(AND(M11>=1,M11<=10),"Próximo do vencimento",)))))
I12: =IF(ISBLANK(G12),"",IF(G12=H12,0,G12-H12)) | J12: =IF(ISBLANK(D12),"",D12+H12-1) | K12: =IF(OR(ISBLANK(D12),ISBLANK(G12),I12=0),"",J12+I12) | L12: =IF(ISBLANK(D12),"",J12-Parâmetros!$B$4) | M12: =IF(OR(ISBLANK(D12),ISBLANK(G12),I12=0),"",K12-Parâmetros!$B$4) | N12: =IF(ISBLANK(D12),"",IF(L12=0,"Atenção, vence hoje",IF(L12<0,"1ª fase venceu",IF(L12>10,"No prazo",IF(AND(L12>=1,L12<=10),"Próximo do vencimento",))))) | O12: =IF(OR(ISBLANK(D12),ISBLANK(I12),I12=0,G12=""),"",IF(M12=0,"Atenção, vence hoje",IF(M12<0,"2ª fase venceu",IF(M12>10,"No prazo",IF(AND(M12>=1,M12<=10),"Próximo do vencimento",)))))
I13: =IF(ISBLANK(G13),"",IF(G13=H13,0,G13-H13)) | J13: =IF(ISBLANK(D13),"",D13+H13-1) | K13: =IF(OR(ISBLANK(D13),ISBLANK(G13),I13=0),"",J13+I13) | L13: =IF(ISBLANK(D13),"",J13-Parâmetros!$B$4) | M13: =IF(OR(ISBLANK(D13),ISBLANK(G13),I13=0),"",K13-Parâmetros!$B$4) | N13: =IF(ISBLANK(D13),"",IF(L13=0,"Atenção, vence hoje",IF(L13<0,"1ª fase venceu",IF(L13>10,"No prazo",IF(AND(L13>=1,L13<=10),"Próximo do vencimento",))))) | O13: =IF(OR(ISBLANK(D13),ISBLANK(I13),I13=0,G13=""),"",IF(M13=0,"Atenção, vence hoje",IF(M13<0,"2ª fase venceu",IF(M13>10,"No prazo",IF(AND(M13>=1,M13<=10),"Próximo do vencimento",)))))
I14: =IF(ISBLANK(G14),"",IF(G14=H14,0,G14-H14)) | J14: =IF(ISBLANK(D14),"",D14+H14-1) | K14: =IF(OR(ISBLANK(D14),ISBLANK(G14),I14=0),"",J14+I14) | L14: =IF(ISBLANK(D14),"",J14-Parâmetros!$B$4) | M14: =IF(OR(ISBLANK(D14),ISBLANK(G14),I14=0),"",K14-Parâmetros!$B$4) | N14: =IF(ISBLANK(D14),"",IF(L14=0,"Atenção, vence hoje",IF(L14<0,"1ª fase venceu",IF(L14>10,"No prazo",IF(AND(L14>=1,L14<=10),"Próximo do vencimento",))))) | O14: =IF(OR(ISBLANK(D14),ISBLANK(I14),I14=0,G14=""),"",IF(M14=0,"Atenção, vence hoje",IF(M14<0,"2ª fase venceu",IF(M14>10,"No prazo",IF(AND(M14>=1,M14<=10),"Próximo do vencimento",)))))
I15: =IF(ISBLANK(G15),"",IF(G15=H15,0,G15-H15)) | J15: =IF(ISBLANK(D15),"",D15+H15-1) | K15: =IF(OR(ISBLANK(D15),ISBLANK(G15),I15=0),"",J15+I15) | L15: =IF(ISBLANK(D15),"",J15-Parâmetros!$B$4) | M15: =IF(OR(ISBLANK(D15),ISBLANK(G15),I15=0),"",K15-Parâmetros!$B$4) | N15: =IF(ISBLANK(D15),"",IF(L15=0,"Atenção, vence hoje",IF(L15<0,"1ª fase venceu",IF(L15>10,"No prazo",IF(AND(L15>=1,L15<=10),"Próximo do vencimento",))))) | O15: =IF(OR(ISBLANK(D15),ISBLANK(I15),I15=0,G15=""),"",IF(M15=0,"Atenção, vence hoje",IF(M15<0,"2ª fase venceu",IF(M15>10,"No prazo",IF(AND(M15>=1,M15<=10),"Próximo do vencimento",)))))
I16: =IF(ISBLANK(G16),"",IF(G16=H16,0,G16-H16)) | J16: =IF(ISBLANK(D16),"",D16+H16-1) | K16: =IF(OR(ISBLANK(D16),ISBLANK(G16),I16=0),"",J16+I16) | L16: =IF(ISBLANK(D16),"",J16-Parâmetros!$B$4) | M16: =IF(OR(ISBLANK(D16),ISBLANK(G16),I16=0),"",K16-Parâmetros!$B$4) | N16: =IF(ISBLANK(D16),"",IF(L16=0,"Atenção, vence hoje",IF(L16<0,"1ª fase venceu",IF(L16>10,"No prazo",IF(AND(L16>=1,L16<=10),"Próximo do vencimento",))))) | O16: =IF(OR(ISBLANK(D16),ISBLANK(I16),I16=0,G16=""),"",IF(M16=0,"Atenção, vence hoje",IF(M16<0,"2ª fase venceu",IF(M16>10,"No prazo",IF(AND(M16>=1,M16<=10),"Próximo do vencimento",)))))
I17: =IF(ISBLANK(G17),"",IF(G17=H17,0,G17-H17)) | J17: =IF(ISBLANK(D17),"",D17+H17-1) | K17: =IF(OR(ISBLANK(D17),ISBLANK(G17),I17=0),"",J17+I17) | L17: =IF(ISBLANK(D17),"",J17-Parâmetros!$B$4) | M17: =IF(OR(ISBLANK(D17),ISBLANK(G17),I17=0),"",K17-Parâmetros!$B$4) | N17: =IF(ISBLANK(D17),"",IF(L17=0,"Atenção, vence hoje",IF(L17<0,"1ª fase venceu",IF(L17>10,"No prazo",IF(AND(L17>=1,L17<=10),"Próximo do vencimento",))))) | O17: =IF(OR(ISBLANK(D17),ISBLANK(I17),I17=0,G17=""),"",IF(M17=0,"Atenção, vence hoje",IF(M17<0,"2ª fase venceu",IF(M17>10,"No prazo",IF(AND(M17>=1,M17<=10),"Próximo do vencimento",)))))
I18: =IF(ISBLANK(G18),"",IF(G18=H18,0,G18-H18)) | J18: =IF(ISBLANK(D18),"",D18+H18-1) | K18: =IF(OR(ISBLANK(D18),ISBLANK(G18),I18=0),"",J18+I18) | L18: =IF(ISBLANK(D18),"",J18-Parâmetros!$B$4) | M18: =IF(OR(ISBLANK(D18),ISBLANK(G18),I18=0),"",K18-Parâmetros!$B$4) | N18: =IF(ISBLANK(D18),"",IF(L18=0,"Atenção, vence hoje",IF(L18<0,"1ª fase venceu",IF(L18>10,"No prazo",IF(AND(L18>=1,L18<=10),"Próximo do vencimento",))))) | O18: =IF(OR(ISBLANK(D18),ISBLANK(I18),I18=0,G18=""),"",IF(M18=0,"Atenção, vence hoje",IF(M18<0,"2ª fase venceu",IF(M18>10,"No prazo",IF(AND(M18>=1,M18<=10),"Próximo do vencimento",)))))
I19: =IF(ISBLANK(G19),"",IF(G19=H19,0,G19-H19)) | J19: =IF(ISBLANK(D19),"",D19+H19-1) | K19: =IF(OR(ISBLANK(D19),ISBLANK(G19),I19=0),"",J19+I19) | L19: =IF(ISBLANK(D19),"",J19-Parâmetros!$B$4) | M19: =IF(OR(ISBLANK(D19),ISBLANK(G19),I19=0),"",K19-Parâmetros!$B$4) | N19: =IF(ISBLANK(D19),"",IF(L19=0,"Atenção, vence hoje",IF(L19<0,"1ª fase venceu",IF(L19>10,"No prazo",IF(AND(L19>=1,L19<=10),"Próximo do vencimento",))))) | O19: =IF(OR(ISBLANK(D19),ISBLANK(I19),I19=0,G19=""),"",IF(M19=0,"Atenção, vence hoje",IF(M19<0,"2ª fase venceu",IF(M19>10,"No prazo",IF(AND(M19>=1,M19<=10),"Próximo do vencimento",)))))
... I55: =IF(ISBLANK(G55),"",IF(G55=H55,0,G55-H55)) | J55: =IF(ISBLANK(D55),"",D55+H55-1) | K55: =IF(OR(ISBLANK(D55),ISBLANK(G55),I55=0),"",J55+I55) | L55: =IF(ISBLANK(D55),"",J55-Parâmetros!$B$4) | M55: =IF(OR(ISBLANK(D55),ISBLANK(G55),I55=0),"",K55-Parâmetros!$B$4) | N55: =IF(ISBLANK(D55),"",IF(L55=0,"Atenção, vence hoje",IF(L55<0,"1ª fase venceu",IF(L55>10,"No prazo",IF(AND(L55>=1,L55<=10),"Próximo do vencimento",))))) | O55: =IF(OR(ISBLANK(D55),ISBLANK(I55),I55=0,G55=""),"",IF(M55=0,"Atenção, vence hoje",IF(M55<0,"2ª fase venceu",IF(M55>10,"No prazo",IF(AND(M55>=1,M55<=10),"Próximo do vencimento",)))))

Sheet Parâmetros
B3: data atual
B4: =TODAY() -> 43424
