Workbook

Sheet Orientações
B2: * ORIENTAÇÕES *
B4: * Digitar somente nos 7 campos abaixo *
B5: Chapa: Digitar o número da chapa ou registro do funcionário.
B6: Nome : Informar o nome do funcionário. Obs: Deixei a coluna pequena para poder visualisar toda a planilha, mas procure abreviar
B7: Data de Admissão - Digitar a data de admissão do funcionário
B8: Função : Digitar a função do funcionário
B9: Data de nascimento: Digitar a data de nascimento do funcionário - Campo importante, pois vai defiinir a periodicidade do exame periódico
B10: Data do último exame: Informar a data do último exame médico, caso ainda não tenha feito nenhum períódico, informar a data de admissão neste campo
B11: Selecionar a periodicidade : Neste campo selecionar o prazo para realização do exame periódico de cada funcionário, 06 meses, 1 ano ou 2 anos.
B13: * ATENÇÃO * - OS CAMPOS ABAIXO SÃO MUITO IMPORTANTES - * RECOMENDO ANALISAR SEMPRE *
B14: Data do próximo exame: Este campo será preenchido automaticamente, após informar a "Data do último exame" e "Selecionar a periodicidade"
B15: Mensagem sobre a situação do exame: Quando faltar menos de 30 dias para fazer o exame, ou já tenha passado do prazo, o sistema dará "ALERTA" confome abaixo:
... B23: Obs: Resolvi deixar como parâmetro menos de 30 dias, assim dará tempo de começar a agendar o exame periódico.

Sheet Controle Vencimento Periódico
B2: * PLANILHA PARA CONTROLE EXAMES MÉDICOS PERIÓDICOS *
B4: Chapa | C4: Nome | D4: Data | E4: Função | F4: Data de | G4: Idade | H4: Data último | I4: Data proximo | J4: Selecionar a | L4: Mensagem sobre | M4: Qtde dias para
D5: admissão | F5: Nascimento | H5: exame | I5: exame | J5: periodicidade | L5: a situação do exame | M5: próximo exame
B6: 1 | C6: Beltrano de Tal Jr | D6: 42522 | E6: Motorista | F6: 23776 | G6: =IF(ISBLANK(F6),"",INT((Parâmetros!$B$3-F6)/365.25)) -> 53 | H6: 42892 | I6: =IF(ISBLANK(H6),"",IF(K6=1,H6+365,IF(K6=2,H6+730,IF(K6=3,H6+182)))) -> 43257 | J6: 1 ano | K6: =IF(J6="1 ANO",1,IF(J6="2 ANOS",2,IF(J6="6 MESES",3))) -> 1 | L6: =IF(ISBLANK(C6),"",IF(ISBLANK(H6),"Informar Data último exame",IF(AND(M6>0,M6<=30),"Atenção, menos de 30 dias",IF(M6>30,"No prazo",IF(M6<0,"Exame vencido"))))) -> No prazo | M6: =IF(ISBLANK(H6),"",IF(I6-Parâmetros!$B$3+1<=30,I6-Parâmetros!$B$3+1,IF(I6-Parâmetros!$B$3+1>30,I6-Parâmetros!$B$3+1))) -> 40.279673
B7: 2 | C7: Fulano de Tal | D7: 42797 | E7: Auxiliar Escritório | F7: 35527 | G7: =IF(ISBLANK(F7),"",INT((Parâmetros!$B$3-F7)/365.25)) -> 21 | H7: 42858 | I7: =IF(ISBLANK(H7),"",IF(K7=1,H7+365,IF(K7=2,H7+730,IF(K7=3,H7+182)))) -> 43223 | J7: 1 ano | K7: =IF(J7="1 ANO",1,IF(J7="2 ANOS",2,IF(J7="6 MESES",3))) -> 1 | L7: =IF(ISBLANK(C7),"",IF(ISBLANK(H7),"Informar Data último exame",IF(AND(M7>0,M7<=30),"Atenção, menos de 30 dias",IF(M7>30,"No prazo",IF(M7<0,"Exame vencido"))))) -> Atenção, menos de 30 dias | M7: =IF(ISBLANK(H7),"",IF(I7-Parâmetros!$B$3+1<=30,I7-Parâmetros!$B$3+1,IF(I7-Parâmetros!$B$3+1>30,I7-Parâmetros!$B$3+1))) -> 6.2796728
B8: 3 | C8: Sicrano de Tal e Tal | D8: 43102 | E8: Analista RH | F8: 26292 | G8: =IF(ISBLANK(F8),"",INT((Parâmetros!$B$3-F8)/365.25)) -> 46 | H8: 43102 | I8: =IF(ISBLANK(H8),"",IF(K8=1,H8+365,IF(K8=2,H8+730,IF(K8=3,H8+182)))) -> 43467 | J8: 1 ano | K8: =IF(J8="1 ANO",1,IF(J8="2 ANOS",2,IF(J8="6 MESES",3))) -> 1 | L8: =IF(ISBLANK(C8),"",IF(ISBLANK(H8),"Informar Data último exame",IF(AND(M8>0,M8<=30),"Atenção, menos de 30 dias",IF(M8>30,"No prazo",IF(M8<0,"Exame vencido"))))) -> No prazo | M8: =IF(ISBLANK(H8),"",IF(I8-Parâmetros!$B$3+1<=30,I8-Parâmetros!$B$3+1,IF(I8-Parâmetros!$B$3+1>30,I8-Parâmetros!$B$3+1))) -> 250.27967
B9: 4 | G9: =IF(ISBLANK(F9),"",INT((Parâmetros!$B$3-F9)/365.25)) | I9: =IF(ISBLANK(H9),"",IF(K9=1,H9+365,IF(K9=2,H9+730,IF(K9=3,H9+182)))) | K9: =IF(J9="1 ANO",1,IF(J9="2 ANOS",2,IF(J9="6 MESES",3))) -> FALSE | L9: =IF(ISBLANK(C9),"",IF(ISBLANK(H9),"Informar Data último exame",IF(AND(M9>0,M9<=30),"Atenção, menos de 30 dias",IF(M9>30,"No prazo",IF(M9<0,"Exame vencido"))))) | M9: =IF(ISBLANK(H9),"",IF(I9-Parâmetros!$B$3+1<=30,I9-Parâmetros!$B$3+1,IF(I9-Parâmetros!$B$3+1>30,I9-Parâmetros!$B$3+1)))
B10: 5 | G10: =IF(ISBLANK(F10),"",INT((Parâmetros!$B$3-F10)/365.25)) | I10: =IF(ISBLANK(H10),"",IF(K10=1,H10+365,IF(K10=2,H10+730,IF(K10=3,H10+182)))) | K10: =IF(J10="1 ANO",1,IF(J10="2 ANOS",2,IF(J10="6 MESES",3))) -> FALSE | L10: =IF(ISBLANK(C10),"",IF(ISBLANK(H10),"Informar Data último exame",IF(AND(M10>0,M10<=30),"Atenção, menos de 30 dias",IF(M10>30,"No prazo",IF(M10<0,"Exame vencido"))))) | M10: =IF(ISBLANK(H10),"",IF(I10-Parâmetros!$B$3+1<=30,I10-Parâmetros!$B$3+1,IF(I10-Parâmetros!$B$3+1>30,I10-Parâmetros!$B$3+1)))
B11: 6 | G11: =IF(ISBLANK(F11),"",INT((Parâmetros!$B$3-F11)/365.25)) | I11: =IF(ISBLANK(H11),"",IF(K11=1,H11+365,IF(K11=2,H11+730,IF(K11=3,H11+182)))) | K11: =IF(J11="1 ANO",1,IF(J11="2 ANOS",2,IF(J11="6 MESES",3))) -> FALSE | L11: =IF(ISBLANK(C11),"",IF(ISBLANK(H11),"Informar Data último exame",IF(AND(M11>0,M11<=30),"Atenção, menos de 30 dias",IF(M11>30,"No prazo",IF(M11<0,"Exame vencido"))))) | M11: =IF(ISBLANK(H11),"",IF(I11-Parâmetros!$B$3+1<=30,I11-Parâmetros!$B$3+1,IF(I11-Parâmetros!$B$3+1>30,I11-Parâmetros!$B$3+1)))
B12: 7 | G12: =IF(ISBLANK(F12),"",INT((Parâmetros!$B$3-F12)/365.25)) | I12: =IF(ISBLANK(H12),"",IF(K12=1,H12+365,IF(K12=2,H12+730,IF(K12=3,H12+182)))) | K12: =IF(J12="1 ANO",1,IF(J12="2 ANOS",2,IF(J12="6 MESES",3))) -> FALSE | L12: =IF(ISBLANK(C12),"",IF(ISBLANK(H12),"Informar Data último exame",IF(AND(M12>0,M12<=30),"Atenção, menos de 30 dias",IF(M12>30,"No prazo",IF(M12<0,"Exame vencido"))))) | M12: =IF(ISBLANK(H12),"",IF(I12-Parâmetros!$B$3+1<=30,I12-Parâmetros!$B$3+1,IF(I12-Parâmetros!$B$3+1>30,I12-Parâmetros!$B$3+1)))
B13: 8 | G13: =IF(ISBLANK(F13),"",INT((Parâmetros!$B$3-F13)/365.25)) | I13: =IF(ISBLANK(H13),"",IF(K13=1,H13+365,IF(K13=2,H13+730,IF(K13=3,H13+182)))) | K13: =IF(J13="1 ANO",1,IF(J13="2 ANOS",2,IF(J13="6 MESES",3))) -> FALSE | L13: =IF(ISBLANK(C13),"",IF(ISBLANK(H13),"Informar Data último exame",IF(AND(M13>0,M13<=30),"Atenção, menos de 30 dias",IF(M13>30,"No prazo",IF(M13<0,"Exame vencido"))))) | M13: =IF(ISBLANK(H13),"",IF(I13-Parâmetros!$B$3+1<=30,I13-Parâmetros!$B$3+1,IF(I13-Parâmetros!$B$3+1>30,I13-Parâmetros!$B$3+1)))
B14: 9 | G14: =IF(ISBLANK(F14),"",INT((Parâmetros!$B$3-F14)/365.25)) | I14: =IF(ISBLANK(H14),"",IF(K14=1,H14+365,IF(K14=2,H14+730,IF(K14=3,H14+182)))) | K14: =IF(J14="1 ANO",1,IF(J14="2 ANOS",2,IF(J14="6 MESES",3))) -> FALSE | L14: =IF(ISBLANK(C14),"",IF(ISBLANK(H14),"Informar Data último exame",IF(AND(M14>0,M14<=30),"Atenção, menos de 30 dias",IF(M14>30,"No prazo",IF(M14<0,"Exame vencido"))))) | M14: =IF(ISBLANK(H14),"",IF(I14-Parâmetros!$B$3+1<=30,I14-Parâmetros!$B$3+1,IF(I14-Parâmetros!$B$3+1>30,I14-Parâmetros!$B$3+1)))
B15: 10 | G15: =IF(ISBLANK(F15),"",INT((Parâmetros!$B$3-F15)/365.25)) | I15: =IF(ISBLANK(H15),"",IF(K15=1,H15+365,IF(K15=2,H15+730,IF(K15=3,H15+182)))) | K15: =IF(J15="1 ANO",1,IF(J15="2 ANOS",2,IF(J15="6 MESES",3))) -> FALSE | L15: =IF(ISBLANK(C15),"",IF(ISBLANK(H15),"Informar Data último exame",IF(AND(M15>0,M15<=30),"Atenção, menos de 30 dias",IF(M15>30,"No prazo",IF(M15<0,"Exame vencido"))))) | M15: =IF(ISBLANK(H15),"",IF(I15-Parâmetros!$B$3+1<=30,I15-Parâmetros!$B$3+1,IF(I15-Parâmetros!$B$3+1>30,I15-Parâmetros!$B$3+1)))
B16: 11 | G16: =IF(ISBLANK(F16),"",INT((Parâmetros!$B$3-F16)/365.25)) | I16: =IF(ISBLANK(H16),"",IF(K16=1,H16+365,IF(K16=2,H16+730,IF(K16=3,H16+182)))) | K16: =IF(J16="1 ANO",1,IF(J16="2 ANOS",2,IF(J16="6 MESES",3))) -> FALSE | L16: =IF(ISBLANK(C16),"",IF(ISBLANK(H16),"Informar Data último exame",IF(AND(M16>0,M16<=30),"Atenção, menos de 30 dias",IF(M16>30,"No prazo",IF(M16<0,"Exame vencido"))))) | M16: =IF(ISBLANK(H16),"",IF(I16-Parâmetros!$B$3+1<=30,I16-Parâmetros!$B$3+1,IF(I16-Parâmetros!$B$3+1>30,I16-Parâmetros!$B$3+1)))
B17: 12 | G17: =IF(ISBLANK(F17),"",INT((Parâmetros!$B$3-F17)/365.25)) | I17: =IF(ISBLANK(H17),"",IF(K17=1,H17+365,IF(K17=2,H17+730,IF(K17=3,H17+182)))) | K17: =IF(J17="1 ANO",1,IF(J17="2 ANOS",2,IF(J17="6 MESES",3))) -> FALSE | L17: =IF(ISBLANK(C17),"",IF(ISBLANK(H17),"Informar Data último exame",IF(AND(M17>0,M17<=30),"Atenção, menos de 30 dias",IF(M17>30,"No prazo",IF(M17<0,"Exame vencido"))))) | M17: =IF(ISBLANK(H17),"",IF(I17-Parâmetros!$B$3+1<=30,I17-Parâmetros!$B$3+1,IF(I17-Parâmetros!$B$3+1>30,I17-Parâmetros!$B$3+1)))
B18: 13 | G18: =IF(ISBLANK(F18),"",INT((Parâmetros!$B$3-F18)/365.25)) | I18: =IF(ISBLANK(H18),"",IF(K18=1,H18+365,IF(K18=2,H18+730,IF(K18=3,H18+182)))) | K18: =IF(J18="1 ANO",1,IF(J18="2 ANOS",2,IF(J18="6 MESES",3))) -> FALSE | L18: =IF(ISBLANK(C18),"",IF(ISBLANK(H18),"Informar Data último exame",IF(AND(M18>0,M18<=30),"Atenção, menos de 30 dias",IF(M18>30,"No prazo",IF(M18<0,"Exame vencido"))))) | M18: =IF(ISBLANK(H18),"",IF(I18-Parâmetros!$B$3+1<=30,I18-Parâmetros!$B$3+1,IF(I18-Parâmetros!$B$3+1>30,I18-Parâmetros!$B$3+1)))
B19: 14 | G19: =IF(ISBLANK(F19),"",INT((Parâmetros!$B$3-F19)/365.25)) | I19: =IF(ISBLANK(H19),"",IF(K19=1,H19+365,IF(K19=2,H19+730,IF(K19=3,H19+182)))) | K19: =IF(J19="1 ANO",1,IF(J19="2 ANOS",2,IF(J19="6 MESES",3))) -> FALSE | L19: =IF(ISBLANK(C19),"",IF(ISBLANK(H19),"Informar Data último exame",IF(AND(M19>0,M19<=30),"Atenção, menos de 30 dias",IF(M19>30,"No prazo",IF(M19<0,"Exame vencido"))))) | M19: =IF(ISBLANK(H19),"",IF(I19-Parâmetros!$B$3+1<=30,I19-Parâmetros!$B$3+1,IF(I19-Parâmetros!$B$3+1>30,I19-Parâmetros!$B$3+1)))
B20: 15 | G20: =IF(ISBLANK(F20),"",INT((Parâmetros!$B$3-F20)/365.25)) | I20: =IF(ISBLANK(H20),"",IF(K20=1,H20+365,IF(K20=2,H20+730,IF(K20=3,H20+182)))) | K20: =IF(J20="1 ANO",1,IF(J20="2 ANOS",2,IF(J20="6 MESES",3))) -> FALSE | L20: =IF(ISBLANK(C20),"",IF(ISBLANK(H20),"Informar Data último exame",IF(AND(M20>0,M20<=30),"Atenção, menos de 30 dias",IF(M20>30,"No prazo",IF(M20<0,"Exame vencido"))))) | M20: =IF(ISBLANK(H20),"",IF(I20-Parâmetros!$B$3+1<=30,I20-Parâmetros!$B$3+1,IF(I20-Parâmetros!$B$3+1>30,I20-Parâmetros!$B$3+1)))
... B405: 400 | G405: =IF(ISBLANK(F405),"",INT((Parâmetros!$B$3-F405)/365.25)) | I405: =IF(ISBLANK(H405),"",IF(K405=1,H405+365,IF(K405=2,H405+730,IF(K405=3,H405+182)))) | K405: =IF(J405="1 ANO",1,IF(J405="2 ANOS",2,IF(J405="6 MESES",3))) -> FALSE | L405: =IF(ISBLANK(C405),"",IF(ISBLANK(H405),"Informar Data último exame",IF(AND(M405>0,M405<=30),"Atenção, menos de 30 dias",IF(M405>30,"No prazo",IF(M405<0,"Exame vencido"))))) | M405: =IF(ISBLANK(H405),"",IF(I405-Parâmetros!$B$3+1<=30,I405-Parâmetros!$B$3+1,IF(I405-Parâmetros!$B$3+1>30,I405-Parâmetros!$B$3+1)))

Sheet Parâmetros
B2: data atual
B3: =NOW() -> 43217.72
B5: 1 ano
B6: 2 anos
B7: 6 meses
