Workbook
Name Meses: Plan6!$A$2:$A$14

Sheet Primeira_semana
B1: Controle diário de despesas
B5: Semana de | D5: 2019
C8: Segunda-feira | D8: Terça-feira | E8: Quarta-feira | F8: Quinta-feira | G8: Sexta-feira | H8: Sábado | I8: Domingo | J8: Total semanal
B9: Açougue | J9: =SUM(C9:I9) -> 0
B10: Almoços | J10: =SUM(C10:I10) -> 0
B11: Cafezinho e afins | J11: =SUM(C11:I11) -> 0
B12: Cinema e videolocadora | J12: =SUM(C12:I12) -> 0
B13: Consertos | J13: =SUM(C13:I13) -> 0
B14: Diarista | J14: =SUM(C14:I14) -> 0
B15: Doações | J15: =SUM(C15:I15) -> 0
B16: Estacionamento | J16: =SUM(C16:I16) -> 0
B17: Farmácia e perfumaria | J17: =SUM(C17:I17) -> 0
B18: Feira | J18: =SUM(C18:I18) -> 0
B19: Gasolina | J19: =SUM(C19:I19) -> 0
B20: Gorjetas | J20: =SUM(C20:I20) -> 0
... B30: Outros | J30: =SUM(C30:I30) -> 0
B31: Total diário | C31: =SUM(C9:C30) -> 0 | D31: =SUM(D9:D30) -> 0 | E31: =SUM(E9:E30) -> 0 | F31: =SUM(F9:F30) -> 0 | G31: =SUM(G9:G30) -> 0 | H31: =SUM(H9:H30) -> 0 | I31: =SUM(I9:I30) -> 0 | J31: =SUM(C31:I31) -> 0

Sheet Segunda_semana
B1: Controle diário de despesas
B5: Semana de | D5: 2009
C8: Segunda-feira | D8: Terça-feira | E8: Quarta-feira | F8: Quinta-feira | G8: Sexta-feira | H8: Sábado | I8: Domingo | J8: Total semanal
B9: Açougue | J9: =SUM(C9:I9) -> 0
B10: Almoços | J10: =SUM(C10:I10) -> 0
B11: Cafezinho e afins | J11: =SUM(C11:I11) -> 0
B12: Cinema e videolocadora | J12: =SUM(C12:I12) -> 0
B13: Consertos | J13: =SUM(C13:I13) -> 0
B14: Diarista | J14: =SUM(C14:I14) -> 0
B15: Doações | J15: =SUM(C15:I15) -> 0
B16: Estacionamento | J16: =SUM(C16:I16) -> 0
B17: Farmácia e perfumaria | J17: =SUM(C17:I17) -> 0
B18: Feira | J18: =SUM(C18:I18) -> 0
B19: Gasolina | J19: =SUM(C19:I19) -> 0
B20: Gorjetas | J20: =SUM(C20:I20) -> 0
... B30: Outros | J30: =SUM(C30:I30) -> 0
B31: Total diário | C31: =SUM(C9:C30) -> 0 | D31: =SUM(D9:D30) -> 0 | E31: =SUM(E9:E30) -> 0 | F31: =SUM(F9:F30) -> 0 | G31: =SUM(G9:G30) -> 0 | H31: =SUM(H9:H30) -> 0 | I31: =SUM(I9:I30) -> 0 | J31: =SUM(C31:I31) -> 0

Sheet Terceira_semana
B1: Controle diário de despesas
B5: Semana de | D5: 2009
C8: Segunda-feira | D8: Terça-feira | E8: Quarta-feira | F8: Quinta-feira | G8: Sexta-feira | H8: Sábado | I8: Domingo | J8: Total semanal
B9: Açougue | J9: =SUM(C9:I9) -> 0
B10: Almoços | J10: =SUM(C10:I10) -> 0
B11: Cafezinho e afins | J11: =SUM(C11:I11) -> 0
B12: Cinema e videolocadora | J12: =SUM(C12:I12) -> 0
B13: Consertos | J13: =SUM(C13:I13) -> 0
B14: Diarista | J14: =SUM(C14:I14) -> 0
B15: Doações | J15: =SUM(C15:I15) -> 0
B16: Estacionamento | J16: =SUM(C16:I16) -> 0
B17: Farmácia e perfumaria | J17: =SUM(C17:I17) -> 0
B18: Feira | J18: =SUM(C18:I18) -> 0
B19: Gasolina | J19: =SUM(C19:I19) -> 0
B20: Gorjetas | J20: =SUM(C20:I20) -> 0
... B30: Outros | J30: =SUM(C30:I30) -> 0
B31: Total diário | C31: =SUM(C9:C30) -> 0 | D31: =SUM(D9:D30) -> 0 | E31: =SUM(E9:E30) -> 0 | F31: =SUM(F9:F30) -> 0 | G31: =SUM(G9:G30) -> 0 | H31: =SUM(H9:H30) -> 0 | I31: =SUM(I9:I30) -> 0 | J31: =SUM(C31:I31) -> 0

Sheet Quarta_semana
B1: Controle diário de despesas
B5: Semana de | D5: 2009
C8: Segunda-feira | D8: Terça-feira | E8: Quarta-feira | F8: Quinta-feira | G8: Sexta-feira | H8: Sábado | I8: Domingo | J8: Total semanal
B9: Açougue | J9: =SUM(C9:I9) -> 0
B10: Almoços | J10: =SUM(C10:I10) -> 0
B11: Cafezinho e afins | J11: =SUM(C11:I11) -> 0
B12: Cinema e videolocadora | J12: =SUM(C12:I12) -> 0
B13: Consertos | J13: =SUM(C13:I13) -> 0
B14: Diarista | J14: =SUM(C14:I14) -> 0
B15: Doações | J15: =SUM(C15:I15) -> 0
B16: Estacionamento | J16: =SUM(C16:I16) -> 0
B17: Farmácia e perfumaria | J17: =SUM(C17:I17) -> 0
B18: Feira | J18: =SUM(C18:I18) -> 0
B19: Gasolina | J19: =SUM(C19:I19) -> 0
B20: Gorjetas | J20: =SUM(C20:I20) -> 0
... B30: Outros | J30: =SUM(C30:I30) -> 0
B31: Total diário | C31: =SUM(C9:C30) -> 0 | D31: =SUM(D9:D30) -> 0 | E31: =SUM(E9:E30) -> 0 | F31: =SUM(F9:F30) -> 0 | G31: =SUM(G9:G30) -> 0 | H31: =SUM(H9:H30) -> 0 | I31: =SUM(I9:I30) -> 0 | J31: =SUM(C31:I31) -> 0

Sheet Consolidação
B1: Controle diário de despesas
D5: 2009
C8: Total semanal
B9: Açougue | C9: =Primeira_semana!J9+Segunda_semana!J9+Terceira_semana!J9+Quarta_semana!J9 -> 0
B10: Almoços | C10: =Primeira_semana!J10+Segunda_semana!J10+Terceira_semana!J10+Quarta_semana!J10 -> 0
B11: Cafezinho e afins | C11: =Primeira_semana!J11+Segunda_semana!J11+Terceira_semana!J11+Quarta_semana!J11 -> 0
B12: Cinema e videolocadora | C12: =Primeira_semana!J12+Segunda_semana!J12+Terceira_semana!J12+Quarta_semana!J12 -> 0
B13: Consertos | C13: =Primeira_semana!J13+Segunda_semana!J13+Terceira_semana!J13+Quarta_semana!J13 -> 0
B14: Diarista | C14: =Primeira_semana!J14+Segunda_semana!J14+Terceira_semana!J14+Quarta_semana!J14 -> 0
B15: Doações | C15: =Primeira_semana!J15+Segunda_semana!J15+Terceira_semana!J15+Quarta_semana!J15 -> 0
B16: Estacionamento | C16: =Primeira_semana!J16+Segunda_semana!J16+Terceira_semana!J16+Quarta_semana!J16 -> 0
B17: Farmácia e perfumaria | C17: =Primeira_semana!J17+Segunda_semana!J17+Terceira_semana!J17+Quarta_semana!J17 -> 0
B18: Feira | C18: =Primeira_semana!J18+Segunda_semana!J18+Terceira_semana!J18+Quarta_semana!J18 -> 0
B19: Gasolina | C19: =Primeira_semana!J19+Segunda_semana!J19+Terceira_semana!J19+Quarta_semana!J19 -> 0
B20: Gorjetas | C20: =Primeira_semana!J20+Segunda_semana!J20+Terceira_semana!J20+Quarta_semana!J20 -> 0
... B31: Total mensal | C31: =Primeira_semana!J31+Segunda_semana!J31+Terceira_semana!J31+Quarta_semana!J31 -> 0

Sheet Plan6
A1: Meses
A3: janeiro
A4: fevereiro
A5: março
A6: abril
A7: maio
A8: junho
A9: julho
A10: agosto
A11: setembro
A12: outubro
A13: novembro
A14: dezembro
