Workbook

Sheet Comentários
B2: COMENTÁRIOS
B4: Para conferência, imprima a ficha financeira de alguns funcionários que tiveram IRRF descontado. Como o adiantamento e o pagamento são dentro do mês,
B5: pode imprimir de 01/2018 a 12/2018. Imprimir também o relatório de conferencia da DIRF do seu sistema de folha
B6: Obs1: Os funcionários que sairam de férias em 02/01/2019 você terá que lançar os valores dos recibos, porque o pagamento foi em 28/12/2018
B7: Obs2: Os funcionários que sairam de férias em 02/01/2018, você terá que fazer o contrário, ou se já, subtrair os valores dos recibos, porque o pagamento foi
B8: efetuado em: 28/12/2017, e na sua folha de 01/2018, os valores referente as férias destes funcionários estão no total, ou seja, juntos com os demais.
B10: Tem que digitar os valores mês a mês e evento por evento (Os eventos que irão compor o Total de Rendimentos são os que tem incidencia de IRRF).
B11: Exemplo: Salário, Horas Extras, DSR s/Horas Extras, Adicional Noturno, Férias gozadas, 1/3 Férias, Prêmio, etc
B13: ATENÇÃO : Digitar somente nas células que estão na cor
B15: Tem alguns campos que terá que digitar a soma dos dois eventos, exemplo, H.Extras + DSR Horas Extras (Fiz assim para não deixar a planilha muito grande)
B17: O 13º salário, o IRRF do 13º, o INSS do 13º e a Pensão Alimenticia do 13º tem campos especificos
B19: Caso tiver dependente para IRRF, o valor mensal à lançar por dependente é R$ 189,59
B20: Obs: O valor do dependente a lançar referente o 13º salário, é somente no mês onde foi efetuado o pagamento da 2ª parcela
B22: Conferir pelos totais nas células que estão na cor | H22: , caso der alguma diferença, conferir pelo total do mês.
B24: Depois de tudo conferido, é só verificar se os valores importados para o aplicativo da DIRF estão corretos. (Confrontar com o relatóriio da folha ou a planilha)

Sheet DIRF_Digitar
A1: DIRF 2019 - ANO CALENDÁRIO 2018 - Adiantamento dia 15 e Pagamento dia 30
A2: Obs: Ler o comentário que | B2: Folha | C2: Folha | D2: Folha | E2: Folha | F2: Folha | G2: Folha | H2: Folha | I2: Folha | J2: Folha | K2: Folha | L2: Folha | M2: Folha | N2: Férias | O2: Totais
A3: que esta em "Férias 01/2019" | B3: 43101 | C3: 43132 | D3: 43160 | E3: 43191 | F3: 43221 | G3: 43252 | H3: 43282 | I3: 43313 | J3: 43344 | K3: 43374 | L3: 43405 | M3: 43435 | N3: 43466
A4: EVENTOS | B4: Pagto. | C4: Pagto. | D4: Pagto. | E4: Pagto. | F4: Pagto. | G4: Pagto. | H4: Pagto. | I4: Pagto. | J4: Pagto. | K4: Pagto. | L4: Pagto. | M4: Pagto. | N4: Pagto.
B5: 43130 | C5: 43159 | D5: 43188 | E5: 43220 | F5: 43250 | G5: 43280 | H5: 43311 | I5: 43342 | J5: 43371 | K5: 43403 | L5: 43434 | M5: 43462 | N5: 43462
A6: Salário | B6: 0 | C6: 0 | D6: 0 | E6: 0 | F6: 0 | G6: 0 | H6: 0 | I6: 0 | J6: 0 | K6: 0 | L6: 0 | M6: 0 | N6: 0 | O6: =B6+C6+D6+E6+F6+G6+H6+I6+J6+K6+L6+M6+N6 -> 0
A7: H.Extras + DSR | B7: 0 | C7: 0 | D7: 0 | E7: 0 | F7: 0 | G7: 0 | H7: 0 | I7: 0 | J7: 0 | K7: 0 | L7: 0 | M7: 0 | N7: 0 | O7: =B7+C7+D7+E7+F7+G7+H7+I7+J7+K7+L7+M7+N7 -> 0
A8: Férias | B8: 0 | C8: 0 | D8: 0 | E8: 0 | F8: 0 | G8: 0 | H8: 0 | I8: 0 | J8: 0 | K8: 0 | L8: 0 | M8: 0 | N8: 0 | O8: =B8+C8+D8+E8+F8+G8+H8+I8+J8+K8+L8+M8+N8 -> 0
A9: 1/3 Férias | B9: 0 | C9: 0 | D9: 0 | E9: 0 | F9: 0 | G9: 0 | H9: 0 | I9: 0 | J9: 0 | K9: 0 | L9: 0 | M9: 0 | N9: 0 | O9: =B9+C9+D9+E9+F9+G9+H9+I9+J9+K9+L9+M9+N9 -> 0
A10: Ad. Noturno + DSR | B10: 0 | C10: 0 | D10: 0 | E10: 0 | F10: 0 | G10: 0 | H10: 0 | I10: 0 | J10: 0 | K10: 0 | L10: 0 | M10: 0 | N10: 0 | O10: =B10+C10+D10+E10+F10+G10+H10+I10+J10+K10+L10+M10+N10 -> 0
A11: Prêmios / Comissão | B11: 0 | C11: 0 | D11: 0 | E11: 0 | F11: 0 | G11: 0 | H11: 0 | I11: 0 | J11: 0 | K11: 0 | L11: 0 | M11: 0 | N11: 0 | O11: =B11+C11+D11+E11+F11+G11+H11+I11+J11+K11+L11+M11+N11 -> 0
A12: Diferença de Salário | B12: 0 | C12: 0 | D12: 0 | E12: 0 | F12: 0 | G12: 0 | H12: 0 | I12: 0 | J12: 0 | K12: 0 | L12: 0 | M12: 0 | N12: 0 | O12: =B12+C12+D12+E12+F12+G12+H12+I12+J12+K12+L12+M12+N12 -> 0
A13: Outros Rendimentos | B13: 0 | C13: 0 | D13: 0 | E13: 0 | F13: 0 | G13: 0 | H13: 0 | I13: 0 | J13: 0 | K13: 0 | L13: 0 | M13: 0 | N13: 0 | O13: =B13+C13+D13+E13+F13+G13+H13+I13+J13+K13+L13+M13+N13 -> 0
A14: Outros Rendimentos | B14: 0 | C14: 0 | D14: 0 | E14: 0 | F14: 0 | G14: 0 | H14: 0 | I14: 0 | J14: 0 | K14: 0 | L14: 0 | M14: 0 | N14: 0 | O14: =B14+C14+D14+E14+F14+G14+H14+I14+J14+K14+L14+M14+N14 -> 0
A16: Desc. Faltas + DSR + Atrasos | B16: 0 | C16: 0 | D16: 0 | E16: 0 | F16: 0 | G16: 0 | H16: 0 | I16: 0 | J16: 0 | K16: 0 | L16: 0 | M16: 0 | N16: 0 | O16: =B16+C16+D16+E16+F16+G16+H16+I16+J16+K16+L16+M16+N16 -> 0
A17: Desc. Salário pago maior | B17: 0 | C17: 0 | D17: 0 | E17: 0 | F17: 0 | G17: 0 | H17: 0 | I17: 0 | J17: 0 | K17: 0 | L17: 0 | M17: 0 | N17: 0 | O17: =B17+C17+D17+E17+F17+G17+H17+I17+J17+K17+L17+M17+N17 -> 0
A18: Total Rendimentos | B18: =B6+B7+B8+B9+B10+B11+B12++B13+B14-B16-B17 -> 0 | C18: =C6+C7+C8+C9+C10+C11+C12++C13+C14-C16-C17 -> 0 | D18: =D6+D7+D8+D9+D10+D11+D12++D13+D14-D16-D17 -> 0 | E18: =E6+E7+E8+E9+E10+E11+E12++E13+E14-E16-E17 -> 0 | F18: =F6+F7+F8+F9+F10+F11+F12++F13+F14-F16-F17 -> 0 | G18: =G6+G7+G8+G9+G10+G11+G12++G13+G14-G16-G17 -> 0 | H18: =H6+H7+H8+H9+H10+H11+H12++H13+H14-H16-H17 -> 0 | I18: =I6+I7+I8+I9+I10+I11+I12++I13+I14-I16-I17 -> 0 | ... O18: =O6+O7+O8+O9+O10+O11+O12++O13+O14-O16-O17 -> 0
A20: INSS Salário + INSS Férias | B20: 0 | C20: 0 | D20: 0 | E20: 0 | F20: 0 | G20: 0 | H20: 0 | I20: 0 | J20: 0 | K20: 0 | L20: 0 | M20: 0 | N20: 0 | O20: =B20+C20+D20+E20+F20+G20+H20+I20+J20+K20+L20+M20+N20 -> 0
A21: IRRF Adiantamento | B21: 0 | C21: 0 | D21: 0 | E21: 0 | F21: 0 | G21: 0 | H21: 0 | I21: 0 | J21: 0 | K21: 0 | L21: 0 | M21: 0 | N21: 0 | O21: =B21+C21+D21+E21+F21+G21+H21+I21+J21+K21+L21+M21+N21 -> 0
A22: IRRF Salário + IRRF Férias | B22: 0 | C22: 0 | D22: 0 | E22: 0 | F22: 0 | G22: 0 | H22: 0 | I22: 0 | J22: 0 | K22: 0 | L22: 0 | M22: 0 | N22: 0 | O22: =B22+C22+D22+E22+F22+G22+H22+I22+J22+K22+L22+M22+N22 -> 0
A23: TOTAL DE I.R.R.F. NO ANO DE 2018 - Soma das 2 linhas acima (IRRF Adiantamento + IRRF Salário + IRRF Férias) | O23: =O21+O22 -> 0
A25: 13º Salário | B25: 0 | C25: 0 | D25: 0 | E25: 0 | F25: 0 | G25: 0 | H25: 0 | I25: 0 | J25: 0 | K25: 0 | L25: 0 | M25: 0 | N25: 0 | O25: =B25+C25+D25+E25+F25+G25+H25+I25+J25+K25+L25+M25+N25 -> 0
A26: INSS 13º Salário | B26: 0 | C26: 0 | D26: 0 | E26: 0 | F26: 0 | G26: 0 | H26: 0 | I26: 0 | J26: 0 | K26: 0 | L26: 0 | M26: 0 | N26: =B26+C26+D26+E26+F26+G26+H26+I26+J26+K26+L26+M26 -> 0 | O26: =B26+C26+D26+E26+F26+G26+H26+I26+J26+K26+L26+M26+N26 -> 0
A27: IRRF 13º Salário | B27: 0 | C27: 0 | D27: 0 | E27: 0 | F27: 0 | G27: 0 | H27: 0 | I27: 0 | J27: 0 | K27: 0 | L27: 0 | M27: 0 | N27: =B27+C27+D27+E27+F27+G27+H27+I27+J27+K27+L27+M27 -> 0 | O27: =B27+C27+D27+E27+F27+G27+H27+I27+J27+K27+L27+M27+N27 -> 0
A28: Pensão Alimenticia 13º Sal. | B28: 0 | C28: 0 | D28: 0 | E28: 0 | F28: 0 | G28: 0 | H28: 0 | I28: 0 | J28: 0 | K28: 0 | L28: 0 | M28: 0 | N28: =B28+C28+D28+E28+F28+G28+H28+I28+J28+K28+L28+M28 -> 0 | O28: =B28+C28+D28+E28+F28+G28+H28+I28+J28+K28+L28+M28+N28 -> 0
A29: Dependentes 13º Salário | B29: 0 | C29: 0 | D29: 0 | E29: 0 | F29: 0 | G29: 0 | H29: 0 | I29: 0 | J29: 0 | K29: 0 | L29: 0 | M29: 0 | N29: 0 | O29: =B29+C29+D29+E29+F29+G29+H29+I29+J29+K29+L29+M29+N29 -> 0
A31: Abono Pecuniário (Férias) | B31: 0 | C31: 0 | D31: 0 | E31: 0 | F31: 0 | G31: 0 | H31: 0 | I31: 0 | J31: 0 | K31: 0 | L31: 0 | M31: 0 | N31: 0 | O31: =B31+C31+D31+E31+F31+G31+H31+I31+J31+K31+L31+M31+N31 -> 0
A32: Plano de Saúde | B32: 0 | C32: 0 | D32: 0 | E32: 0 | F32: 0 | G32: 0 | H32: 0 | I32: 0 | J32: 0 | K32: 0 | L32: 0 | M32: 0 | N32: 0 | O32: =B32+C32+D32+E32+F32+G32+H32+I32+J32+K32+L32+M32+N32 -> 0
A33: Indenização Rescisão | B33: 0 | C33: 0 | D33: 0 | E33: 0 | F33: 0 | G33: 0 | H33: 0 | I33: 0 | J33: 0 | K33: 0 | L33: 0 | M33: 0 | N33: 0 | O33: =B33+C33+D33+E33+F33+G33+H33+I33+J33+K33+L33+M33+N33 -> 0
A34: Pensão Alimenticia | B34: 0 | C34: 0 | D34: 0 | E34: 0 | F34: 0 | G34: 0 | H34: 0 | I34: 0 | J34: 0 | K34: 0 | L34: 0 | M34: 0 | N34: 0 | O34: =B34+C34+D34+E34+F34+G34+H34+I34+J34+K34+L34+M34+N34 -> 0
A35: Dependentes | B35: 0 | C35: 0 | D35: 0 | E35: 0 | F35: 0 | G35: 0 | H35: 0 | I35: 0 | J35: 0 | K35: 0 | L35: 0 | M35: 0 | N35: 0 | O35: =B35+C35+D35+E35+F35+G35+H35+I35+J35+K35+L35+M35+N35 -> 0

Sheet Resumo_Informe de Rendimentos
B2: Total de Rendimentos | C2: =DIRF_Digitar!O18 -> 0
B3: Contribuição Previdenciária (INSS) | C3: =DIRF_Digitar!O20 -> 0
B4: Imposto Retido na Fonte | C4: =DIRF_Digitar!O23 -> 0
B6: Indenizações Rescisão | C6: =DIRF_Digitar!O33 -> 0
B7: Abono Pecuniário (Férias) | C7: =DIRF_Digitar!M31 -> 0
B9: 13º Salário | C9: =DIRF_Digitar!O25-DIRF_Digitar!O26-DIRF_Digitar!O27-DIRF_Digitar!O28-DIRF_Digitar!O29 -> 0
B10: IRRF sobre 13º Salário | C10: =DIRF_Digitar!O27 -> 0
B12: Plano de Saúde | C12: =DIRF_Digitar!O32 -> 0
