Workbook

Sheet FICHA FUNCIONAL
K1: FAAP - MÓDULO 1 - R3.1
C2: FICHA FUNCIONAL
B4: 1 | C4: MODALIDADE DE APOSENTADORIA: | E4: PREENCHA COM A MODALIDADE
B6: 2 | C6: REGRA DE OPÇÃO: | E6: PREENCHA A REGRA DESEJADA
E7: 0
B8: 3 | C8: FUNDAMENTAÇÃO A CONSTAR NO ATO: | E8: =$E$42 -> REVER FUNDAMENTAÇÃO E/OU MODALIDADE
B10: 4 | C10: ENTE DA FEDERAÇÃO: | E10: ESTADO DO RIO DE JANEIRO
B11: 5 | C11: PODER: | E11: EXECUTIVO
B12: 6 | C12: ÓRGÃO/ ENTIDADE:
C14: HISTÓRICO FUNCIONAL
B16: 7 | C16: NOME DO SERVIDOR:
B17: 8 | C17: MATRÍCULA: | M17: DESDE
B18: 9 | C18: CARGO:
B19: 10 | C19: CARREIRA:
B20: 11 | C20: ADMISSÃO:
B21: 12 | C21: NASCIMENTO: | I21: IDADE | M21: =CRÍTICA_IGP1!N11 -> 0
B22: 13 | C22: C.P.F.: | I22: =IF(M21>=70,CRÍTICA_IGP1!R20,IF(M21>=60,CONCATENATE("O SERVIDOR ATINGIRÁ A COMPULSÓRIA EM ",CRÍTICA_IGP1!Q20," DIAS, "," OU SEJA, EM "),""))
B23: 14 | C23: VALIDADE DA APOSENTADORIA: | M23: =IF($M$21>=70,CRÍTICA_IGP1!$R$22,IF($M$21>=60,CRÍTICA_IGP1!$R$22,0)) -> 0
B25: 15 | C25: SEXO: | E25: MASCULINO | K25: FEMININO
B27: 16 | C27: EFETIVO EXERCÍCIO DE FUNÇÕES DE MAGISTÉRIO | E27: SIM | K27: NÃO
B29: 17 | C29: REDAÇÃO DADA PELA: | E29: E.C. nº 20/98 | K29: E.C. nº 41/03 | M29: x
E31: ANOS | G31: DIAS | I31: CRÍTICAS
B32: 18 | C32: TEMPO NO CARGO: | E32: =CRÍTICA_IGP1!M13 -> 0 | G32: =CRÍTICA_IGP1!N13 -> 0 | I32: =CRÍTICA_IGP1!N68 -> NÃO CABE
B33: 19 | C33: TEMPO NA CARREIRA: | E33: =CRÍTICA_IGP1!M14 -> 0 | G33: =CRÍTICA_IGP1!N14 -> 0 | I33: =CRÍTICA_IGP1!N69 -> NÃO CABE
B34: 20 | C34: TEMPO NO SERV. PÚBLICO: | E34: =CRÍTICA_IGP1!M15 -> 0 | G34: =CRÍTICA_IGP1!N15 -> 0
B36: 20 | C36: VALIDADE DA REGRA: | E36: =CRÍTICA_IGP1!N10 -> -
B38: 21 | C38: CONCLUSÃO:
C39: =CRÍTICA_IGP1!B68 -> ADMISSÃO : | E39: =CRÍTICA_IGP1!C68 -> FALTA DATA
E40: =CRÍTICA_IGP1!C69 -> 0
C41: =CRÍTICA_IGP1!B70 -> IDADE : | E41: =CRÍTICA_IGP1!E70 -> FALSE
C42: FUNDAMENTAÇÃO: | E42: =IF(AND($E$6=$M$48,$E$20<=$K$51,OR($E$4=$F$52,$E$4=$F$53)),CRÍTICA_IGP1!$BO$17,CRÍTICA_IGP1!$D$73) -> REVER FUNDAMENTAÇÃO E/OU MODALIDADE
C43: PREVISÃO PARA APOSENTADORIA NA MODALIDADE E REGRA ESCOLHIDAS: | K43: =IF(OR($E$6=$M$50,$E$6=$M$51,$E$6=$M$52,AND($E$6=$M$48,$M$29="X")),CRÍTICA_IGP1!$AB$97,IF(AND($E$6=$M$47,CRÍTICA_IGP1!$AB$97<CRÍTICA_IGP1!$Q$11),CRÍTICA_IGP1!AB97,IF(AND($E$6=$M$49,CRÍTICA_IGP1!$AB$97<CRÍTICA_IGP1!$Q$13),CRÍTICA_IGP1!$AB$97,IF(AND($E$6=$M$48,$I$29="X",CRÍTICA_IGP1!$AB$97<CRÍTICA_IGP1!$Q$12),CRÍTICA_IGP1!$AB$97,"REVER")))) -> #VALUE!
C44: TRIBUNAL DE CONTAS DO ESTADO DO RIO DE JANEIRO - SUP
C45: Virgílio de Oliveira Souza (Técnica / Lógica) | F45: Luiz Cláudio Lopes de Sá - (Revisão / Lay out)
C46: LISTA JURISDICIONADOS - SUP | F46: MODALIDADES | H46: NÃO MEXER | K46: PODERES | M46: LISTA DE FUNDAMENTAÇÕES
B47: 1 | C47: ANGRA DOS REIS | F47: VOLUNTÁRIA INTEGRAL | K47: EXECUTIVO | M47: REGRAS ANTES EC20
B48: 1.1 | C48: ANGRA DOS REIS - MAGISTÉRIO | F48: VOLUNTÁRIA ESPECIAL | K48: LEGISLATIVO | M48: REGRA PERMANENTE
B49: 2 | C49: APERIBÉ | F49: VOLUNTÁRIA PROPORCIONAL POR IDADE | K49: JUDICIÁRIO | M49: TRANSIÇÃO EMENDA 20
B50: 3 | C50: ARARUAMA | F50: COMPULSÓRIA INTEGRAL | M50: TRANSIÇÃO_ART. 2º_EC41
B51: 4 | C51: AREAL | F51: COMPULSÓRIA PROPORCIONAL | K51: 37986 | M51: TRANSIÇÃO_ART. 6º_EC41
B52: 5 | C52: ARMAÇÃO DE BÚZIOS | F52: INVALIDEZ INTEGRAL | M52: TRANSIÇÃO_EMENDA 47
B53: 6 | C53: ARRAIAL DO CABO | F53: INVALIDEZ PROPORCIONAL | M53: PREENCHA A REGRA DESEJADA
B54: 7 | C54: BARRA DO PIRAÍ | F54: VOL. PROPORCIONAL T. CONTRIBUIÇÃO | K54: INVALIDEZ INTEGRAL | M54: =IF($E$8="REVER FUNDAMENTAÇÃO E/OU MODALIDADE","REVER",IF(AND($E$20<$K$51,$E$6=$M$47,$E$4=$F$52),"SIM",IF(AND($E$20<$K$51,$E$6=$M$48,$E$4=$F$52),IF(OR($I$29="X",$M$29="X"),"SIM","NÃO"),"NÃO"))) -> REVER | N54: ANTES EC41 | P54: 1
B55: 8 | C55: BARRA MANSA | F55: VOLUNTÁRIA COM REDUTOR | M55: =IF($E$8="REVER FUNDAMENTAÇÃO E/OU MODALIDADE","REVER",IF($E$20>=$K$51,IF(AND($E$6=$M$48,$M$29="X",$E$4=$F$52),"SIM","NÃO"),"NÃO")) -> REVER | N55: APÓS EC41 | P55: 2
B56: 9 | C56: BELFORD ROXO | F56: PREENCHA COM A MODALIDADE | K56: INVALIDEZ PROPORCIONAL | M56: =IF($E$8="REVER FUNDAMENTAÇÃO E/OU MODALIDADE","REVER",IF(AND($E$20<$K$51,$E$6=$M$47,$E$4=$F$53),"SIM",IF(AND($E$20<$K$51,$E$6=$M$48,$E$4=$F$53),IF(OR($I$29="X",$M$29="X"),"SIM","NÃO"),"NÃO"))) -> REVER | N56: ANTES EC41 | P56: 3
B57: 9.1 | C57: BELFORD ROXO - CÂMARA | M57: =IF($E$8="REVER FUNDAMENTAÇÃO E/OU MODALIDADE","REVER",IF($E$20>=$K$51,IF(AND($E$6=$M$48,$M$29="X",$E$4=$F$53),"SIM","NÃO"),"NÃO")) -> REVER | N57: APÓS EC41 | P57: 4
B58: 10 | C58: BOM JARDIM
B59: 11 | C59: BOM JESUS DE ITABAPOANA
B60: 12 | C60: CABO FRIO
B61: 13 | C61: CACHOEIRAS DE MACACU
B62: 14 | C62: CAMBUCI
B63: 15 | C63: CAMPOS
B64: 16 | C64: CANTAGALO
B65: 17 | C65: CARAPEBUS
B66: 18 | C66: CARDOSO MOREIRA
B67: 19 | C67: CARMO
B68: 20 | C68: CASIMIRO DE ABREU
B69: 21 | C69: COM. LEVY GASPARIAN
... B79: 31 | C79: ITAGUAÍ
B80: 31.1 | C80: ITAGUAÍ - MAGISTÉRIO
B81: 32 | C81: ITALVA
B82: 33 | C82: ITAOCARA
B83: 34 | C83: ITAPERUNA
B84: 35 | C84: ITATIAIA
B85: 36 | C85: JAPERI
B86: 37 | C86: LAJE DO MURIAÉ
B87: 38 | C87: MACAÉ
B88: 39 | C88: MACUCO
B89: 40 | C89: MAGÉ
B90: 41 | C90: MANGARATIBA
B91: 42 | C91: MARICÁ
B92: 43 | C92: MENDES
... B96: 47 | C96: NATIVIDADE
B97: 47.1 | C97: NATIVIDADE - MAGISTÉRIO
B98: 48 | C98: NILÓPOLIS
B99: 49 | C99: NITERÓI
B100: 50 | C100: NOVA FRIBURGO
B101: 51 | C101: NOVA IGUACÚ
B102: 52 | C102: PARACAMBI
B103: 53 | C103: PARAÍBA DO SUL
B104: 54 | C104: PARATY
B105: 55 | C105: PATY DO ALFERES
B106: 56 | C106: PETRÓPOLIS
B107: 57 | C107: PINHEIRAL
B108: 58 | C108: PIRAÍ
B109: 59 | C109: PORCIÚNCULA
... B117: 67 | C117: RIO CLARO
B118: 67.1 | C118: RIO CLARO - MAGISTÉRIO
B119: 68 | C119: RIO DAS OSTRAS
B120: 69 | C120: SANTA MARIA MADALENA
B121: 70 | C121: SANTO ANTÔNIO DE PÁDUA
B122: 71 | C122: SÃO FIDÉLIS
B123: 72 | C123: SÃO FRANCISCO DO ITABAPOANA
B124: 73 | C124: SÃO GONÇALO
B125: 74 | C125: SÃO JOÃO DA BARRA
B126: 75 | C126: SÃO JOÃO DE MERITI
B127: 76 | C127: SÃO JOSÉ DE UBÁ
B128: 77 | C128: SÃO JOSÉ DO VALE DO RIO PRETO
B129: 78 | C129: SÃO PEDRO DA ALDEIA
B130: 79 | C130: SÃO SEBASTIÃO DO ALTO
...

Sheet MTS - MAPA DE TEMPO DE SERVIÇO
L2: ='FICHA FUNCIONAL'!K1 -> FAAP - MÓDULO 1 - R3.1
C3: APURAÇÃO DO TEMPO DE SERVIÇO/CONTRIBUIÇÃO
B5: 1 | C5: SITUAÇÃO ANTES DA E.C. nº 20/98
B7: 2 | C7: DISCRIMINAÇÃO | D7: PERÍODO | H7: total | I7: =IF('FICHA FUNCIONAL'!E16>0,"NOME:","") | J7: =IF('FICHA FUNCIONAL'!$E$16>0,'FICHA FUNCIONAL'!$E$16,"") | N7: A T S
D8: início | G8: término | H8: DIAS | I8: =IF('FICHA FUNCIONAL'!E17>0,"MATRÍCULA:","") | J8: =IF('FICHA FUNCIONAL'!$E$17>0,'FICHA FUNCIONAL'!$E$17,"") | N8: TRIÊNIO
B9: 3 | C9: INSS | E9: a | I9: =IF(H9>0,"COMUNICAR AO INSS TEMPO AVERBADO.","")
B10: 4 | C10: OUTROS PODERES - INSS | E10: a | I10: =IF(H10>0,"COMUNICAR AO RPPS DO ENTE TEMPO AVERBADO.","")
C11: OUTROS PODERES | E11: a | H11: =CRÍTICA_IGP1!F28 -> 0 | I11: =IF(H11>0,"COMUNICAR AO RPPS DO ENTE TEMPO AVERBADO.","")
B12: 5 | C12: FORÇAS ARMADAS | E12: a | I12: =IF(H12>0,"COMPROVAR CERTIDÃO E/OU CERTIFICADO DE RESERVISTA.","")
B13: 6 | C13: ÓRGÃO DE ORIGEM | E13: a
C14: ÓRGÃO DE ORIGEM | E14: a | H14: =CRÍTICA_IGP1!F31 -> 0 | I14: orientações
C15: ÓRGÃO DE ORIGEM | D15: =IF('FICHA FUNCIONAL'!E20<CRÍTICA_IGP1!Q11,'FICHA FUNCIONAL'!E20,0) -> 0 | E15: a | G15: =IF(AND(CRÍTICA_IGP1!R22<CRÍTICA_IGP1!Q11,CRÍTICA_IGP1!R22<'FICHA FUNCIONAL'!E23),CRÍTICA_IGP1!R22-1,IF(D15=0,0,IF('FICHA FUNCIONAL'!E23<CRÍTICA_IGP1!Q11,'FICHA FUNCIONAL'!E23-1,CRÍTICA_IGP1!Q11-1))) -> 0 | H15: =IF(AND(D15<>0,G15<>0),(G15-D15+1),0) -> 0 | I15: A data máxima nessa situação é 15/12/98 (Antes da / EC nº 20/98)
B16: 7 | C16: LICENÇA ESPECIAL | D16: nº de períodos | H16: =CRÍTICA_IGP1!F33 -> 0 | I16: =CRÍTICA_IGP1!G33 -> Licença especial não gozada e computada em dobro.
B17: 8 | C17: FÉRIAS EM DOBRO | D17: nº anos | H17: =CRÍTICA_IGP1!F34 -> 0 | I17: =CRÍTICA_IGP1!G34 -> Férias não gozadas e computadas em dobro.
B18: 9 | C18: BÔNUS ESPECIAL | H18: =CRÍTICA_IGP1!F35 -> 0 | I18: =CRÍTICA_IGP1!G35 -> Acréscimo constitucional para professores (EC 20/98 e EC 41/03).
B19: 10 | C19: FALTAS | I19: Aponte as faltas ocorridas antes de 15/12/98 (Antes EC nº 20/98).
B20: 11 | C20: LICENÇA SEM VENCIMENTO | I20: Aponte licenças sem vencimentos anteriores a 15/12/98 (Antes EC nº 20/98).
B22: 12 | C22: SUBTOTAL | D22: PERÍODO | H22: total | J22: TEMPO CONVERTIDO
D23: início | G23: término | H23: DIAS | J23: =CRÍTICA_IGP1!K37 -> 0 | K23: anos | M23: =CRÍTICA_IGP1!M37 -> 0 | N23: dias
C24: (antes da EC nº 20/98) | D24: =CRÍTICA_IGP1!C37 -> 0 | E24: a | G24: =CRÍTICA_IGP1!E37 -> 0 | H24: =CRÍTICA_IGP1!F37 -> 0
B26: 13 | C26: CONCLUSÃO (caso seja necessária complementação)
C28: =CRÍTICA_IGP1!H42 -> NÃO HÁ PEDÁGIO A CUMPRIR | F28: DIAS | J28: TEMPO CONVERTIDO
B29: 14 | C29: TEMPO FALTANTE: | F29: =CRÍTICA_IGP1!E42 -> 0 | J29: =IF(F29>0,ROUNDDOWN(F29/365,0),0) -> 0 | K29: anos | M29: =(F29/365-J29)*365 -> 0 | N29: dias
B30: 15 | C30: PEDÁGIO: | F30: =CRÍTICA_IGP1!E43 -> 0 | J30: =IF(F30>0,ROUNDDOWN(F30/365,0),0) -> 0 | K30: anos | M30: =(F30/365-J30)*365 -> 0 | N30: dias
B31: 16 | C31: TEMPO A COMPLEMENTAR: | F31: =CRÍTICA_IGP1!E44 -> 0 | J31: =IF(F31>0,ROUNDDOWN(F31/365,0),0) -> 0 | K31: anos | M31: =(F31/365-J31)*365 -> 0 | N31: dias
B33: 17 | C33: SITUAÇÃO ENTRE A E.C. nº 20/98 A E.C. nº 41/03
C35: DISCRIMINAÇÃO | D35: PERÍODO | H35: total | J35: =IF($H$42>0,"DURANTE O PERÍODO DE LICENÇA SEM VENCIMENTOS, HOUVE CONTRIBUIÇÃO PARA O RPPS?","") | N35: NÃO CABE
D36: início | G36: término | H36: DIAS
C37: INSS | E37: a | I37: =IF(H37<>0,"INSS: DESCONSIDERE OS PERÍODOS CONCOMITANTES. COMUNIQUE AO RGPS","")
C38: OUTROS PODERES - INSS | E38: a | H38: =CRÍTICA_IGP1!F48 -> 0 | I38: =IF(H38>0,"COMUNICAR AO RPPS DO ENTE TEMPO AVERBADO.","")
C39: ÓRGÃO DE ORIGEM | E39: a | H39: =CRÍTICA_IGP1!F49 -> 0 | I39: orientações
C40: ÓRGÃO DE ORIGEM | D40: =IF('FICHA FUNCIONAL'!E20=0,0,IF('FICHA FUNCIONAL'!E20<CRÍTICA_IGP1!Q11,CRÍTICA_IGP1!Q11,IF(AND('FICHA FUNCIONAL'!E20>=CRÍTICA_IGP1!Q11,'FICHA FUNCIONAL'!E20<CRÍTICA_IGP1!Q12),'FICHA FUNCIONAL'!E20,0))) -> 0 | E40: a | G40: =IF('FICHA FUNCIONAL'!E6='FICHA FUNCIONAL'!M47,0,IF(AND('FICHA FUNCIONAL'!E23<CRÍTICA_IGP1!R22,'FICHA FUNCIONAL'!E23<CRÍTICA_IGP1!Q12),'FICHA FUNCIONAL'!E23-1,I44)) -> -1 | H40: =IF(AND(D40<>0,I45<>0,I44>=CRÍTICA_IGP1!Q11),IF(G40>=D40,(G40-D40+1-CRÍTICA_IGP1!N50),0),0) -> 0 | I40: =IF(CRÍTICA_IGP1!K2="TRANSIÇÃO EMENDA 20","A data máxima nessa situação é 30/12/2003 (Antes da Emenda nº 41/03).","A data máxima nessa situação é 19/02/2004 (Antes da MP nº 167/04).") -> A data máxima nessa situação é 19/02/2004 (Antes da MP nº 167/04).
C41: FALTAS | I41: Aponte as faltas ocorridas entre 16/12/98 e 19/02/2004(antes MP 167/04).
C42: LICENÇA SEM VENCIMENTO | I42: Aponte licenças sem vencimentos entre 16/12/98 e 19/02/04 (Antes MP 167/04).
C44: SUBTOTAL | D44: PERÍODO | H44: total | I44: =IF(CRÍTICA_IGP1!R22<CRÍTICA_IGP1!Q11,0,IF(AND(CRÍTICA_IGP1!R22<'FICHA FUNCIONAL'!E23,CRÍTICA_IGP1!R22<CRÍTICA_IGP1!Q12),IF(AND('FICHA FUNCIONAL'!E6='FICHA FUNCIONAL'!M49,CRÍTICA_IGP1!R22>CRÍTICA_IGP1!Q13),CRÍTICA_IGP1!Q13-1,IF(AND('FICHA FUNCIONAL'!E6='FICHA FUNCIONAL'!M48,'FICHA FUNCIONAL'!I29="X",CRÍTICA_IGP1!R22>CRÍTICA_IGP1!Q12),I45,IF(AND(CRÍTICA_IGP1!R22>=CRÍTICA_IGP1!Q11,CRÍTICA_IGP1!R22<CRÍTICA_IGP1!Q13),CRÍTICA_IGP1!R22-1,IF(AND(CRÍTICA_IGP1!R22>=CRÍTICA_IGP1!Q13,CRÍTICA_IGP1!R22<CRÍTICA_IGP1!Q12),CRÍTICA_IGP1!R22-1,I45)))),I45)) -> 0
D45: início | G45: término | H45: DIAS | I45: =IF('FICHA FUNCIONAL'!E6='FICHA FUNCIONAL'!M47,0,IF('FICHA FUNCIONAL'!E6='FICHA FUNCIONAL'!M49,IF(AND('FICHA FUNCIONAL'!E23>=CRÍTICA_IGP1!Q11,'FICHA FUNCIONAL'!E23<CRÍTICA_IGP1!Q13),'FICHA FUNCIONAL'!E23-1,CRÍTICA_IGP1!Q13-1),IF(AND('FICHA FUNCIONAL'!E6='FICHA FUNCIONAL'!M48,'FICHA FUNCIONAL'!I29="X"),IF(AND('FICHA FUNCIONAL'!E23>=CRÍTICA_IGP1!Q11,'FICHA FUNCIONAL'!E23<CRÍTICA_IGP1!Q12),'FICHA FUNCIONAL'!E23-1,CRÍTICA_IGP1!Q12-1),IF('FICHA FUNCIONAL'!E23>=CRÍTICA_IGP1!Q12,CRÍTICA_IGP1!Q12-1,IF(CRÍTICA_IGP1!R22<CRÍTICA_IGP1!N10,CRÍTICA_IGP1!R22-1,CRÍTICA_IGP1!N10-1))))) -> 25567 | J45: TEMPO CONVERTIDO
B46: 18 | C46: (entre a EC nº 20 e a EC nº 41) | D46: =CRÍTICA_IGP1!C45 -> 0 | E46: a | G46: =IF('FICHA FUNCIONAL'!E36<36145,G24,IF('FICHA FUNCIONAL'!E36<38037,IF(I45<I44,I45,I44),I44)) -> 0 | H46: =IF(CRÍTICA_IGP1!F46<>0,CRÍTICA_IGP1!F46,'MTS - MAPA DE TEMPO DE SERVIÇO'!H24) -> 0 | J46: =IF(H46>0,ROUNDDOWN(H46/365,0),0) -> 0 | K46: anos | M46: =(H46/365-J46)*365 -> 0 | N46: dias
B47: 19 | C47: (desde o início) | D47: =IF(D24<>0,D24,D46) -> 0 | E47: a | G47: =G46 -> 0 | H47: =CRÍTICA_IGP1!F52 -> 0 | J47: =IF(H47>0,ROUNDDOWN(H47/365,0),0) -> 0 | K47: anos | M47: =(H47/365-J47)*365 -> 0 | N47: dias
B49: 20 | C49: SITUAÇÃO APÓS A E.C. nº 41/03
C51: DISCRIMINAÇÃO | D51: PERÍODO | H51: total | J51: =IF($H$58>0,"DURANTE O PERÍODO DE LICENÇA SEM VENCIMENTOS, HOUVE CONTRIBUIÇÃO PARA O RPPS?","") | N51: NÃO CABE
D52: início | G52: término | H52: DIAS
C53: INSS | E53: a | I53: =IF(H53<>0,"INSS: DESCONSIDERE OS PERÍODOS CONCOMITANTES. COMUNIQUE AO RGPS","")
C54: OUTROS PODERES - INSS | E54: a | H54: =CRÍTICA_IGP1!F55 -> 0 | I54: =IF(OR('FICHA FUNCIONAL'!E6='FICHA FUNCIONAL'!M47,'FICHA FUNCIONAL'!E6='FICHA FUNCIONAL'!M49,AND('FICHA FUNCIONAL'!E6='FICHA FUNCIONAL'!M48,'FICHA FUNCIONAL'!I29="X")),0,IF(AND('FICHA FUNCIONAL'!M21>=70,CRÍTICA_IGP1!R22>=CRÍTICA_IGP1!Q12,CRÍTICA_IGP1!R22<'FICHA FUNCIONAL'!E23),CRÍTICA_IGP1!R22-1,IF(CRÍTICA_IGP1!R22<'FICHA FUNCIONAL'!E23,CRÍTICA_IGP1!R22-1,IF(D56>=CRÍTICA_IGP1!Q12,'FICHA FUNCIONAL'!E23-1,0)))) -> 0
C55: ÓRGÃO DE ORIGEM | E55: a | H55: =CRÍTICA_IGP1!F56 -> 0 | I55: orientações
C56: ÓRGÃO DE ORIGEM | D56: =IF('FICHA FUNCIONAL'!E20=0,0,IF('FICHA FUNCIONAL'!E20>=CRÍTICA_IGP1!Q12,'FICHA FUNCIONAL'!E20,CRÍTICA_IGP1!Q12)) -> 0 | E56: a | G56: =IF(OR('FICHA FUNCIONAL'!E6='FICHA FUNCIONAL'!M47,'FICHA FUNCIONAL'!E6='FICHA FUNCIONAL'!M49,'FICHA FUNCIONAL'!I29="X"),0,I54) -> 0 | H56: =IF(AND(D56<>0,G56<>0),IF(I54>=D56,(I54-D56+1-CRÍTICA_IGP1!N57),0),0) -> 0 | I56: A data mínima nessa situação é 20/02/2004 (A partir da MP 167/04)
C57: FALTAS | I57: Aponte as faltas ocorridas a partir de 20/02/2004(a partir da MP 167/04).
C58: LICENÇA SEM VENCIMENTO | I58: Aponte licenças sem vencimentos a partir de 20/02/04 (a partir MP 167/04).
B60: 21 | C60: SUBTOTAL | D60: PERÍODO | H60: total
D61: início | G61: término | H61: DIAS | J61: TEMPO CONVERTIDO
C62: (após a EC nº 41/03) | D62: =CRÍTICA_IGP1!C59 -> REVER | E62: a | G62: =IF(CRÍTICA_IGP1!E59<>"REVER",CRÍTICA_IGP1!E59,"") | H62: =CRÍTICA_IGP1!F59 -> 0 | J62: =IF(H62>0,ROUNDDOWN(H62/365,0),0) -> 0 | K62: anos | M62: =(H62/365-J62)*365 -> 0 | N62: dias
B64: 22 | C64: SITUAÇÃO GERAL FINAL
B66: 23 | C66: TOTAL GERAL | D66: PERÍODO | H66: total
D67: início | G67: término | H67: DIAS | J67: TEMPO CONVERTIDO
C68: (desde o início) | D68: =IF(D24<>0,D24,IF(D46<>0,D46,D62)) -> REVER | E68: a | G68: =IF('FICHA FUNCIONAL'!E20=0,0,IF(OR(G62="REVER",G62=0),G47,G62)) -> 0 | H68: =CRÍTICA_IGP1!F61 -> 0 | J68: =IF(H68>0,ROUNDDOWN(H68/365,0),0) -> 0 | K68: anos | M68: =(H68/365-J68)*365 -> 0 | N68: dias
B70: 24 | C70: CONCLUSÃO
F72: DIAS | J72: TEMPO CONVERTIDO
B73: 25 | C73: TEMPO FALTANTE: | F73: =IF(OR(CRÍTICA_IGP1!C65>0,CRÍTICA_IGP1!E65>0),CRÍTICA_IGP1!E65,MAX(CRÍTICA_IGP1!X97:X101)) -> #VALUE! | J73: =IF(OR(F73="NADA A CUMPRIR",F73="NÃO CABE",F73="NÃO CUMPRE TEMPO MÍNIMO DE CONTRIBUIÇÃO"),0,ROUNDDOWN($F$73/365,0)) -> #VALUE! | K73: anos | M73: =IF(OR(F73="NADA A CUMPRIR",F73="NÃO CABE",F73="NÃO CUMPRE TEMPO MÍNIMO DE CONTRIBUIÇÃO"),0,($F$73/365-$J$73)*365) -> #VALUE! | N73: dias
B75: 26 | C75: C R Í T I C A S | J75: =IF($N$8>0,"ADICIONAL POR TEMPO DE SERVIÇO","") -> ADICIONAL POR TEMPO DE SERVIÇO | N75: =IF($N$8>0,CRÍTICA_IGP1!$I$67,"") -> 0
C76: IDADE : | J76: PROPORÇÃO EM ANOS : | L76: =CRÍTICA_IGP1!N75 -> NÃO CABE
C77: =CRÍTICA_IGP1!E70 -> FALSE | J77: =CRÍTICA_IGP1!K76 -> ANTES MP 167/04 | L77: =CRÍTICA_IGP1!N76 -> 0
C79: TEMPO DE SERVIÇO / CONTRIBUIÇÃO : | J79: IDADE X TEMPO CONTRIBUIÇÃO (TEMPO FALTANTE) :
C80: =IF(OR(F73="NADA A CUMPRIR",F73="NÃO CABE",F73=0),"NÃO HÁ TEMPO A CUMPRIR","NÃO COMPUTA TEMPO DE CONTRIBUIÇÃO/SERVIÇO") -> #VALUE! | J80: =CRÍTICA_IGP1!AB22 -> NÃO SATISFAZ TEMPO DE CONTRIBUIÇÃO E/OU IDADE
C82: MODALIDADE / FUNDAMENTAÇAO : | J82: PROPORÇÃO EM DIAS : | L82: =CRÍTICA_IGP1!N77 -> NÃO CABE
C83: =CRÍTICA_IGP1!D73 -> REVER FUNDAMENTAÇÃO E/OU MODALIDADE | J83: =CRÍTICA_IGP1!K78 -> APÓS MP 167/04 | L83: =CRÍTICA_IGP1!N78 -> 0
C84: TRIBUNAL DE CONTAS DO ESTADO DO RIO DE JANEIRO - SUP
C85: Virgílio de Oliveira Souza (Técnica / Lógica) | I85: Luiz Cláudio Lopes de Sá - (Revisão / Lay out)
C86: ANUÊNIO | D86: SIM
C87: TRIÊNIO | D87: NÃO
C88: QUINQUÊNIO | D88: =IF(OR(H42<>0,H58<>0),"NÃO CABE","")
C89: DECÊNIO

Sheet RESUMO CONCLUSIVO
L2: ='MTS - MAPA DE TEMPO DE SERVIÇO'!L2 -> FAAP - MÓDULO 1 - R3.1
B3: 1 | C3: RESUMO CONCLUSIVO
C5: =IF('FICHA FUNCIONAL'!E16>0,"NOME:","") | D5: =IF('FICHA FUNCIONAL'!E16>0,'FICHA FUNCIONAL'!E16,"") | I5: =IF('FICHA FUNCIONAL'!E17>0,"MATRÍCULA:","") | J5: =IF('FICHA FUNCIONAL'!E17>0,'FICHA FUNCIONAL'!E17,"")
B7: 2 | C7: CONDIÇÕES DE APOSENTADORIA
B9: 3 | C9: MODALIDADE DE APOSENTADORIA ESCOLHIDA: | H9: =CRÍTICA_IGP1!$E$2 -> PREENCHA COM A MODALIDADE
B10: 4 | C10: REGRA DE OPÇÃO DE APOSENTADORIA ESCOLHIDA: | H10: =CRÍTICA_IGP1!$K$2 -> PREENCHA A REGRA DESEJADA
B11: 5 | C11: FUNDAMENTAÇÃO LEGAL A SER UTILIZADA NO ATO DE APOSENTADORIA: | H11: ='FICHA FUNCIONAL'!$E$8 -> REVER FUNDAMENTAÇÃO E/OU MODALIDADE
B14: 6 | C14: TEMPO DE CONTRIBUIÇÃO/SERVIÇO TOTAL APURADO: | G14: PERÍODO | J14: TOTAL
G15: início | I15: término | J15: DIAS | L15: TEMPO CONVERTIDO
G16: ='MTS - MAPA DE TEMPO DE SERVIÇO'!$D$68 -> REVER | H16: a | I16: ='MTS - MAPA DE TEMPO DE SERVIÇO'!$G$68 -> 0 | J16: ='MTS - MAPA DE TEMPO DE SERVIÇO'!$H$68 -> 0 | L16: =CRÍTICA_IGP1!$H$61 -> 0 | M16: anos | N16: =CRÍTICA_IGP1!$J$61 -> 0 | O16: dias
B18: 7 | C18: TEMPO DE CONTRIBUIÇÃO/SERVIÇO FALTANTE: | G18: TOTAL
G19: DIAS | L19: TEMPO CONVERTIDO
G20: =CRÍTICA_IGP1!$F$71 -> NADA A CUMPRIR | L20: =IF(CRÍTICA_IGP1!$Y$97>0,CRÍTICA_IGP1!$Y$97,0) -> 0 | M20: anos | N20: =IF(CRÍTICA_IGP1!$Z$97>0,CRÍTICA_IGP1!$Z$97,0) -> 0 | O20: dias
F22: CONDIÇÃO | L22: TEMPO FALTANTE
B23: 8 | C23: TEMPO NO CARGO: | F23: =CRÍTICA_IGP1!$N$68 -> NÃO CABE | L23: =IF(CRÍTICA_IGP1!$K$2=CRÍTICA_IGP1!$P$86,CRÍTICA_IGP1!$W$86,IF(CRÍTICA_IGP1!$K$2=CRÍTICA_IGP1!$P$87,CRÍTICA_IGP1!$W$87,IF(CRÍTICA_IGP1!$K$2=CRÍTICA_IGP1!$P$88,CRÍTICA_IGP1!$W$88,IF(CRÍTICA_IGP1!$K$2=CRÍTICA_IGP1!$P$89,CRÍTICA_IGP1!$W$89,IF(CRÍTICA_IGP1!$K$2=CRÍTICA_IGP1!$P$90,CRÍTICA_IGP1!$W$90,IF(CRÍTICA_IGP1!$K$2=CRÍTICA_IGP1!$P$91,CRÍTICA_IGP1!$W$91,0)))))) -> 0 | M23: anos | N23: =IF(CRÍTICA_IGP1!$K$2=CRÍTICA_IGP1!$P$86,CRÍTICA_IGP1!$AB$86,IF(CRÍTICA_IGP1!$K$2=CRÍTICA_IGP1!$P$87,CRÍTICA_IGP1!$AB$87,IF(CRÍTICA_IGP1!$K$2=CRÍTICA_IGP1!$P$88,CRÍTICA_IGP1!$AB$88,IF(CRÍTICA_IGP1!$K$2=CRÍTICA_IGP1!$P$89,CRÍTICA_IGP1!$AB$89,IF(CRÍTICA_IGP1!$K$2=CRÍTICA_IGP1!$P$90,CRÍTICA_IGP1!$AB$90,IF(CRÍTICA_IGP1!$K$2=CRÍTICA_IGP1!$P$91,CRÍTICA_IGP1!$AB$91,0)))))) -> 0 | O23: dias
B24: 9 | C24: TEMPO NA CARREIRA: | F24: =CRÍTICA_IGP1!$N$69 -> NÃO CABE | L24: =IF(CRÍTICA_IGP1!$K$2=CRÍTICA_IGP1!$P$86,CRÍTICA_IGP1!$X$86,IF(CRÍTICA_IGP1!$K$2=CRÍTICA_IGP1!$P$87,CRÍTICA_IGP1!$X$87,IF(CRÍTICA_IGP1!$K$2=CRÍTICA_IGP1!$P$88,CRÍTICA_IGP1!$X$88,IF(CRÍTICA_IGP1!$K$2=CRÍTICA_IGP1!$P$89,CRÍTICA_IGP1!$X$89,IF(CRÍTICA_IGP1!$K$2=CRÍTICA_IGP1!$P$90,CRÍTICA_IGP1!$X$90,IF(CRÍTICA_IGP1!$K$2=CRÍTICA_IGP1!$P$91,CRÍTICA_IGP1!$X$91,0)))))) -> 0 | M24: anos | N24: =IF(CRÍTICA_IGP1!$K$2=CRÍTICA_IGP1!$P$86,CRÍTICA_IGP1!$AC$86,IF(CRÍTICA_IGP1!$K$2=CRÍTICA_IGP1!$P$87,CRÍTICA_IGP1!$AC$87,IF(CRÍTICA_IGP1!$K$2=CRÍTICA_IGP1!$P$88,CRÍTICA_IGP1!$AC$88,IF(CRÍTICA_IGP1!$K$2=CRÍTICA_IGP1!$P$89,CRÍTICA_IGP1!$AC$89,IF(CRÍTICA_IGP1!$K$2=CRÍTICA_IGP1!$P$90,CRÍTICA_IGP1!$AC$90,IF(CRÍTICA_IGP1!$K$2=CRÍTICA_IGP1!$P$91,CRÍTICA_IGP1!$AC$91,0)))))) -> 0 | O24: dias
B25: 10 | C25: TEMPO NO SERVIÇO PÚBLICO: | F25: =CRÍTICA_IGP1!$N$70 -> OK | L25: =IF(CRÍTICA_IGP1!$K$2=CRÍTICA_IGP1!$P$86,CRÍTICA_IGP1!$Y$86,IF(CRÍTICA_IGP1!$K$2=CRÍTICA_IGP1!$P$87,CRÍTICA_IGP1!$Y$87,IF(CRÍTICA_IGP1!$K$2=CRÍTICA_IGP1!$P$88,CRÍTICA_IGP1!$Y$88,IF(CRÍTICA_IGP1!$K$2=CRÍTICA_IGP1!$P$89,CRÍTICA_IGP1!$Y$89,IF(CRÍTICA_IGP1!$K$2=CRÍTICA_IGP1!$P$90,CRÍTICA_IGP1!$Y$90,IF(CRÍTICA_IGP1!$K$2=CRÍTICA_IGP1!$P$91,CRÍTICA_IGP1!$Y$91,0)))))) -> 0 | M25: anos | N25: =IF(CRÍTICA_IGP1!$K$2=CRÍTICA_IGP1!$P$86,CRÍTICA_IGP1!$AD$86,IF(CRÍTICA_IGP1!$K$2=CRÍTICA_IGP1!$P$87,CRÍTICA_IGP1!$AD$87,IF(CRÍTICA_IGP1!$K$2=CRÍTICA_IGP1!$P$88,CRÍTICA_IGP1!$AD$88,IF(CRÍTICA_IGP1!$K$2=CRÍTICA_IGP1!$P$89,CRÍTICA_IGP1!$AD$89,IF(CRÍTICA_IGP1!$K$2=CRÍTICA_IGP1!$P$90,CRÍTICA_IGP1!$AD$90,IF(CRÍTICA_IGP1!$K$2=CRÍTICA_IGP1!$P$91,CRÍTICA_IGP1!$AD$91,0)))))) -> 0 | O25: dias
B26: 11 | C26: IDADE MÍNIMA: | F26: =CRÍTICA_IGP1!$E$70 -> FALSE | L26: =IF(CRÍTICA_IGP1!$K$2=CRÍTICA_IGP1!$P$86,CRÍTICA_IGP1!$Z$86,IF(CRÍTICA_IGP1!$K$2=CRÍTICA_IGP1!$P$87,CRÍTICA_IGP1!$Z$87,IF(CRÍTICA_IGP1!$K$2=CRÍTICA_IGP1!$P$88,CRÍTICA_IGP1!$Z$88,IF(CRÍTICA_IGP1!$K$2=CRÍTICA_IGP1!$P$89,CRÍTICA_IGP1!$Z$89,IF(CRÍTICA_IGP1!$K$2=CRÍTICA_IGP1!$P$90,CRÍTICA_IGP1!$Z$90,IF(CRÍTICA_IGP1!$K$2=CRÍTICA_IGP1!$P$91,CRÍTICA_IGP1!$Z$91,0)))))) -> 0 | M26: anos | N26: =IF(CRÍTICA_IGP1!$K$2=CRÍTICA_IGP1!$P$86,CRÍTICA_IGP1!$AE$86,IF(CRÍTICA_IGP1!$K$2=CRÍTICA_IGP1!$P$87,CRÍTICA_IGP1!$AE$87,IF(CRÍTICA_IGP1!$K$2=CRÍTICA_IGP1!$P$88,CRÍTICA_IGP1!$AE$88,IF(CRÍTICA_IGP1!$K$2=CRÍTICA_IGP1!$P$89,CRÍTICA_IGP1!$AE$89,IF(CRÍTICA_IGP1!$K$2=CRÍTICA_IGP1!$P$90,CRÍTICA_IGP1!$AE$90,IF(CRÍTICA_IGP1!$K$2=CRÍTICA_IGP1!$P$91,CRÍTICA_IGP1!$AE$91,0)))))) -> 0 | O26: dias
B28: 12 | C28: CONDIÇÕES PARA FIXAÇÃO DOS PROVENTOS
B30: 13 | C30: PROVENTOS
B31: 14 | C31: INTEGRAL | E31: parcela única (média): | H31: =IF(OR('FICHA FUNCIONAL'!$E$4='FICHA FUNCIONAL'!$F$47,'FICHA FUNCIONAL'!$E$4='FICHA FUNCIONAL'!$F$48,'FICHA FUNCIONAL'!$E$4='FICHA FUNCIONAL'!$F$50),IF(AND('FICHA FUNCIONAL'!$E$6='FICHA FUNCIONAL'!$M$48,'FICHA FUNCIONAL'!$M$29="X"),"SIM","NÃO"),'FICHA FUNCIONAL'!$M$55) -> REVER
E32: em parcelas distintas: | H32: =IF(AND('FICHA FUNCIONAL'!E6='FICHA FUNCIONAL'!M48,'FICHA FUNCIONAL'!I29="X",OR('FICHA FUNCIONAL'!E4='FICHA FUNCIONAL'!F47,'FICHA FUNCIONAL'!E4='FICHA FUNCIONAL'!F48,'FICHA FUNCIONAL'!E4='FICHA FUNCIONAL'!F50)),"SIM",IF(AND('FICHA FUNCIONAL'!E6='FICHA FUNCIONAL'!M49,OR('FICHA FUNCIONAL'!E4='FICHA FUNCIONAL'!F47,'FICHA FUNCIONAL'!E4='FICHA FUNCIONAL'!F48)),"SIM",IF(AND('FICHA FUNCIONAL'!E6='FICHA FUNCIONAL'!M47,OR('FICHA FUNCIONAL'!E4='FICHA FUNCIONAL'!F47,'FICHA FUNCIONAL'!E4='FICHA FUNCIONAL'!F48,'FICHA FUNCIONAL'!E4='FICHA FUNCIONAL'!F50)),"SIM",IF(AND('FICHA FUNCIONAL'!E6='FICHA FUNCIONAL'!M51,OR('FICHA FUNCIONAL'!E4='FICHA FUNCIONAL'!F47,'FICHA FUNCIONAL'!E4='FICHA FUNCIONAL'!F48)),"SIM",IF(AND('FICHA FUNCIONAL'!E6='FICHA FUNCIONAL'!M52,'FICHA FUNCIONAL'!E4='FICHA FUNCIONAL'!F47),"SIM",'FICHA FUNCIONAL'!M54))))) -> REVER
E33: paridade: | H33: =IF(AND($H$31="NÃO",$H$32="SIM"),"SIM","NÃO") -> NÃO | K33: FRAÇÃO | M33: PORCENTAGEM
B35: 15 | C35: PROPORCIONAL | E35: parcela única (média): | H35: =IF(AND('FICHA FUNCIONAL'!E6='FICHA FUNCIONAL'!M48,'FICHA FUNCIONAL'!M29="X"),IF(OR('FICHA FUNCIONAL'!E4='FICHA FUNCIONAL'!F49,'FICHA FUNCIONAL'!E4='FICHA FUNCIONAL'!F51),"SIM",'FICHA FUNCIONAL'!M57),IF(AND('FICHA FUNCIONAL'!E6='FICHA FUNCIONAL'!M50,'FICHA FUNCIONAL'!E4='FICHA FUNCIONAL'!F55),"SIM","NÃO")) -> NÃO | K35: =IF(AND('FICHA FUNCIONAL'!$E$6='FICHA FUNCIONAL'!$M$48,'FICHA FUNCIONAL'!$M$29="X",OR('FICHA FUNCIONAL'!$E$4='FICHA FUNCIONAL'!$F$49,'FICHA FUNCIONAL'!$E$4='FICHA FUNCIONAL'!$F$51,'FICHA FUNCIONAL'!$E$4='FICHA FUNCIONAL'!$F$53)),CRÍTICA_IGP1!$N$77,"") | M35: =IF(AND('FICHA FUNCIONAL'!$E$6='FICHA FUNCIONAL'!$M$48,'FICHA FUNCIONAL'!$M$29="X",OR('FICHA FUNCIONAL'!$E$4='FICHA FUNCIONAL'!$F$49,'FICHA FUNCIONAL'!$E$4='FICHA FUNCIONAL'!$F$51,'FICHA FUNCIONAL'!$E$4='FICHA FUNCIONAL'!$F$53)),CRÍTICA_IGP1!$N$78,"")
E36: em parcelas distintas: | H36: =IF(AND('FICHA FUNCIONAL'!E6='FICHA FUNCIONAL'!M48,'FICHA FUNCIONAL'!I29="X",OR('FICHA FUNCIONAL'!E4='FICHA FUNCIONAL'!F49,'FICHA FUNCIONAL'!E4='FICHA FUNCIONAL'!F51)),"SIM",IF(AND('FICHA FUNCIONAL'!E6='FICHA FUNCIONAL'!M47,OR('FICHA FUNCIONAL'!E4='FICHA FUNCIONAL'!F49,'FICHA FUNCIONAL'!E4='FICHA FUNCIONAL'!F51,'FICHA FUNCIONAL'!E4='FICHA FUNCIONAL'!F54)),"SIM",IF(AND('FICHA FUNCIONAL'!E6='FICHA FUNCIONAL'!M49,'FICHA FUNCIONAL'!E4='FICHA FUNCIONAL'!F54),"SIM",'FICHA FUNCIONAL'!M56))) -> REVER | K36: =IF('FICHA FUNCIONAL'!$E$6='FICHA FUNCIONAL'!$M$47,CRÍTICA_IGP1!$N$75,IF(AND('FICHA FUNCIONAL'!$E$6='FICHA FUNCIONAL'!$M$49,'FICHA FUNCIONAL'!$E$4='FICHA FUNCIONAL'!$F$54),CRÍTICA_IGP1!$N$75,IF(AND('FICHA FUNCIONAL'!$E$6='FICHA FUNCIONAL'!$M$50,'FICHA FUNCIONAL'!$E$4='FICHA FUNCIONAL'!$F$55),CRÍTICA_IGP1!$N$75,IF(AND('FICHA FUNCIONAL'!E6='FICHA FUNCIONAL'!M48,'FICHA FUNCIONAL'!I29="X"),CRÍTICA_IGP1!$N$75,"")))) | M36: =IF('FICHA FUNCIONAL'!$E$6='FICHA FUNCIONAL'!$M$47,CRÍTICA_IGP1!$N$76,IF(AND('FICHA FUNCIONAL'!$E$6='FICHA FUNCIONAL'!$M$49,'FICHA FUNCIONAL'!$E$4='FICHA FUNCIONAL'!$F$54),CRÍTICA_IGP1!$N$76,IF(AND('FICHA FUNCIONAL'!$E$6='FICHA FUNCIONAL'!$M$50,'FICHA FUNCIONAL'!$E$4='FICHA FUNCIONAL'!$F$55),CRÍTICA_IGP1!$N$76,IF(AND('FICHA FUNCIONAL'!E6='FICHA FUNCIONAL'!M48,'FICHA FUNCIONAL'!I29="X"),CRÍTICA_IGP1!$N$76,""))))
E37: paridade: | H37: =IF(AND($H$35="NÃO",$H$36="SIM"),"SIM","NÃO") -> NÃO
B39: 16 | C39: ALTERNATIVAS DE APOSENTADORIA
B41: 17 | C41: OPÇÃO | D41: MODALIDADE DE APOSENTADORIA | G41: REGRA DE OPÇÃO | J41: TEMPO | L41: IDADE | N41: PARIDADE
C42: =IF('FICHA FUNCIONAL'!$E$8<>"REVER FUNDAMENTAÇÃO E/OU MODALIDADE",IF(AND('FICHA FUNCIONAL'!$E$4='RESUMO CONCLUSIVO'!D42,'FICHA FUNCIONAL'!$E$6='RESUMO CONCLUSIVO'!G42),"X",""),"") | D42: =CRÍTICA_IGP1!$B$77 -> 0 | G42: =CRÍTICA_IGP1!$C$77 -> 0 | J42: =CRÍTICA_IGP1!$F$77 -> 0 | L42: =CRÍTICA_IGP1!$I$77 -> #N/A | N42: =CRÍTICA_IGP1!$J$77 -> #N/A
C43: =IF('FICHA FUNCIONAL'!$E$8<>"REVER FUNDAMENTAÇÃO E/OU MODALIDADE",IF(AND('FICHA FUNCIONAL'!$E$4='RESUMO CONCLUSIVO'!D43,'FICHA FUNCIONAL'!$E$6='RESUMO CONCLUSIVO'!G43),"X",""),"") | D43: =CRÍTICA_IGP1!$B$78 -> 0 | G43: =CRÍTICA_IGP1!$C$78 -> 0 | J43: =CRÍTICA_IGP1!$F$78 -> 0 | L43: =CRÍTICA_IGP1!$I$78 -> #N/A | N43: =CRÍTICA_IGP1!$J$78 -> #N/A
C44: =IF('FICHA FUNCIONAL'!$E$8<>"REVER FUNDAMENTAÇÃO E/OU MODALIDADE",IF(AND('FICHA FUNCIONAL'!$E$4='RESUMO CONCLUSIVO'!D44,'FICHA FUNCIONAL'!$E$6='RESUMO CONCLUSIVO'!G44),"X",""),"") | D44: =CRÍTICA_IGP1!$B$79 -> 0 | G44: =CRÍTICA_IGP1!$C$79 -> 0 | J44: =CRÍTICA_IGP1!$F$79 -> 0 | L44: =CRÍTICA_IGP1!$I$79 -> #N/A | N44: =CRÍTICA_IGP1!$J$79 -> #N/A
C45: =IF('FICHA FUNCIONAL'!$E$8<>"REVER FUNDAMENTAÇÃO E/OU MODALIDADE",IF(AND('FICHA FUNCIONAL'!$E$4='RESUMO CONCLUSIVO'!D45,'FICHA FUNCIONAL'!$E$6='RESUMO CONCLUSIVO'!G45,'FICHA FUNCIONAL'!$I$29="X"),"X",""),"") | D45: =CRÍTICA_IGP1!$B$80 -> 0 | G45: =CRÍTICA_IGP1!$C$80 -> 0 | J45: =CRÍTICA_IGP1!$F$80 -> 0 | L45: =CRÍTICA_IGP1!$I$80 -> #N/A | N45: =CRÍTICA_IGP1!$J$80 -> #N/A
C46: =IF('FICHA FUNCIONAL'!$E$8<>"REVER FUNDAMENTAÇÃO E/OU MODALIDADE",IF(AND('FICHA FUNCIONAL'!$E$4='RESUMO CONCLUSIVO'!D46,'FICHA FUNCIONAL'!$E$6='RESUMO CONCLUSIVO'!G46),"X",""),"") | D46: =CRÍTICA_IGP1!$B$81 -> 0 | G46: =CRÍTICA_IGP1!$C$81 -> 0 | J46: =CRÍTICA_IGP1!$F$81 -> 0 | L46: =CRÍTICA_IGP1!$I$81 -> #N/A | N46: =CRÍTICA_IGP1!$J$81 -> #N/A
C47: =IF('FICHA FUNCIONAL'!$E$8<>"REVER FUNDAMENTAÇÃO E/OU MODALIDADE",IF(AND('FICHA FUNCIONAL'!$E$4='RESUMO CONCLUSIVO'!D47,'FICHA FUNCIONAL'!$E$6='RESUMO CONCLUSIVO'!G47),"X",""),"") | D47: =CRÍTICA_IGP1!$B$82 -> 0 | G47: =CRÍTICA_IGP1!$C$82 -> 0 | J47: =CRÍTICA_IGP1!$F$82 -> 0 | L47: =CRÍTICA_IGP1!$I$82 -> #N/A | N47: =CRÍTICA_IGP1!$J$82 -> #N/A
C48: =IF('FICHA FUNCIONAL'!$E$8<>"REVER FUNDAMENTAÇÃO E/OU MODALIDADE",IF(AND('FICHA FUNCIONAL'!$E$4='RESUMO CONCLUSIVO'!D48,'FICHA FUNCIONAL'!$E$6='RESUMO CONCLUSIVO'!G48),"X",""),"") | D48: =CRÍTICA_IGP1!$B$83 -> 0 | G48: =CRÍTICA_IGP1!$C$83 -> 0 | J48: =CRÍTICA_IGP1!$F$83 -> 0 | L48: =CRÍTICA_IGP1!$I$83 -> #N/A | N48: =CRÍTICA_IGP1!$J$83 -> #N/A
C49: =IF('FICHA FUNCIONAL'!$E$8<>"REVER FUNDAMENTAÇÃO E/OU MODALIDADE",IF(AND('FICHA FUNCIONAL'!$E$4='RESUMO CONCLUSIVO'!D49,'FICHA FUNCIONAL'!$E$6='RESUMO CONCLUSIVO'!G49),"X",""),"") | D49: =CRÍTICA_IGP1!$B$84 -> 0 | G49: =CRÍTICA_IGP1!$C$84 -> 0 | J49: =CRÍTICA_IGP1!$F$84 -> 0 | L49: =CRÍTICA_IGP1!$I$84 -> #N/A | N49: =CRÍTICA_IGP1!$J$84 -> #N/A
C50: =IF('FICHA FUNCIONAL'!$E$8<>"REVER FUNDAMENTAÇÃO E/OU MODALIDADE",IF(AND('FICHA FUNCIONAL'!$E$4='RESUMO CONCLUSIVO'!D50,'FICHA FUNCIONAL'!$E$6='RESUMO CONCLUSIVO'!G50,'FICHA FUNCIONAL'!$I$29="X"),"X",""),"") | D50: =CRÍTICA_IGP1!$B$85 -> 0 | G50: =CRÍTICA_IGP1!$C$85 -> 0 | J50: =CRÍTICA_IGP1!$F$85 -> 0 | L50: =CRÍTICA_IGP1!$I$85 -> #N/A | N50: =CRÍTICA_IGP1!$J$85 -> #N/A
C51: =IF('FICHA FUNCIONAL'!$E$8<>"REVER FUNDAMENTAÇÃO E/OU MODALIDADE",IF(AND('FICHA FUNCIONAL'!$E$4='RESUMO CONCLUSIVO'!D51,'FICHA FUNCIONAL'!$E$6='RESUMO CONCLUSIVO'!G51,'FICHA FUNCIONAL'!$M$29="X"),"X",""),"") | D51: =CRÍTICA_IGP1!$B$86 -> 0 | G51: =CRÍTICA_IGP1!$C$86 -> 0 | J51: =CRÍTICA_IGP1!$F$86 -> 0 | L51: =CRÍTICA_IGP1!$I$86 -> #N/A | N51: =CRÍTICA_IGP1!$J$86 -> #N/A
C52: =IF('FICHA FUNCIONAL'!$E$8<>"REVER FUNDAMENTAÇÃO E/OU MODALIDADE",IF(AND('FICHA FUNCIONAL'!$E$4='RESUMO CONCLUSIVO'!D52,'FICHA FUNCIONAL'!$E$6='RESUMO CONCLUSIVO'!G52,'FICHA FUNCIONAL'!$M$29="X"),"X",""),"") | D52: =CRÍTICA_IGP1!$B$87 -> 0 | G52: =CRÍTICA_IGP1!$C$87 -> 0 | J52: =CRÍTICA_IGP1!$F$87 -> 0 | L52: =CRÍTICA_IGP1!$I$87 -> #N/A | N52: =CRÍTICA_IGP1!$J$87 -> #N/A
C53: =IF('FICHA FUNCIONAL'!$E$8<>"REVER FUNDAMENTAÇÃO E/OU MODALIDADE",IF(AND('FICHA FUNCIONAL'!$E$4='RESUMO CONCLUSIVO'!D53,'FICHA FUNCIONAL'!$E$6='RESUMO CONCLUSIVO'!G53),"X",""),"") | D53: =CRÍTICA_IGP1!$B$88 -> 0 | G53: =CRÍTICA_IGP1!$C$88 -> 0 | J53: =CRÍTICA_IGP1!$F$88 -> 0 | L53: =CRÍTICA_IGP1!$I$88 -> #N/A | N53: =CRÍTICA_IGP1!$J$88 -> #N/A
C54: =IF('FICHA FUNCIONAL'!$E$8<>"REVER FUNDAMENTAÇÃO E/OU MODALIDADE",IF(AND('FICHA FUNCIONAL'!$E$4='RESUMO CONCLUSIVO'!D54,'FICHA FUNCIONAL'!$E$6='RESUMO CONCLUSIVO'!G54),"X",""),"") | D54: =CRÍTICA_IGP1!$B$89 -> 0 | G54: =CRÍTICA_IGP1!$C$89 -> 0 | J54: =CRÍTICA_IGP1!$F$89 -> 0 | L54: =CRÍTICA_IGP1!$I$89 -> #N/A | N54: =CRÍTICA_IGP1!$J$89 -> #N/A
C55: =IF('FICHA FUNCIONAL'!$E$8<>"REVER FUNDAMENTAÇÃO E/OU MODALIDADE",IF(AND('FICHA FUNCIONAL'!$E$4='RESUMO CONCLUSIVO'!D55,'FICHA FUNCIONAL'!$E$6='RESUMO CONCLUSIVO'!G55),"X",""),"") | D55: =CRÍTICA_IGP1!$B$90 -> 0 | G55: =CRÍTICA_IGP1!$C$90 -> 0 | J55: =CRÍTICA_IGP1!$F$90 -> 0 | L55: =CRÍTICA_IGP1!$I$90 -> #N/A | N55: =CRÍTICA_IGP1!$J$90 -> #N/A
C56: =IF('FICHA FUNCIONAL'!$E$8<>"REVER FUNDAMENTAÇÃO E/OU MODALIDADE",IF(AND('FICHA FUNCIONAL'!$E$4='RESUMO CONCLUSIVO'!D56,'FICHA FUNCIONAL'!$E$6='RESUMO CONCLUSIVO'!G56,OR('FICHA FUNCIONAL'!I29="X",'FICHA FUNCIONAL'!M29="X")),"X",""),"") | D56: =CRÍTICA_IGP1!$B$91 -> 0 | G56: =CRÍTICA_IGP1!$C$91 -> 0 | J56: =CRÍTICA_IGP1!F91 -> 0 | L56: =CRÍTICA_IGP1!$I$91 -> #N/A | N56: =CRÍTICA_IGP1!$J$91 -> #N/A
C57: =IF('FICHA FUNCIONAL'!$E$8<>"REVER FUNDAMENTAÇÃO E/OU MODALIDADE",IF(AND('FICHA FUNCIONAL'!$E$4='RESUMO CONCLUSIVO'!D57,'FICHA FUNCIONAL'!$E$6='RESUMO CONCLUSIVO'!G57),"X",""),"") | D57: =CRÍTICA_IGP1!$B$92 -> 0 | G57: =CRÍTICA_IGP1!$C$92 -> 0 | J57: =CRÍTICA_IGP1!F92 -> 0 | L57: =CRÍTICA_IGP1!$I$92 -> #N/A | N57: =CRÍTICA_IGP1!$J$92 -> #N/A
C58: =IF(AND(D42=0,D43=0,D44=0,D45=0,D46=0,D47=0,D48=0,D49=0,D50=0,D51=0,D52=0,D53=0,D54=0,D55=0,D56=0,D57=0),"NÃO HÁ MODALIDADE E/OU REGRA QUE POSSIBILITE A APOSENTADORIA VOLUNTÁRIA","") -> NÃO HÁ MODALIDADE E/OU REGRA QUE POSSIBILITE A APOSENTADORIA VOLUNTÁRIA
C59: TRIBUNAL DE CONTAS DO ESTADO DO RIO DE JANEIRO - SUP
C60: Virgílio de Oliveira Souza (Técnica / Lógica) | H60: Luiz Cláudio Lopes de Sá - (Revisão / Lay out)
C62: TERMO DE OPÇÃO DO SERVIDOR ESTATUTÁRIO
C66: =IF(OR('FICHA FUNCIONAL'!E4=0,'FICHA FUNCIONAL'!E6=0),"",CONCATENATE("Considerando a lista de possibilidades acima, Eu, ",'FICHA FUNCIONAL'!E16,", matrícula nº ",'FICHA FUNCIONAL'!E17,", declaro expressamente minha opção pela aposentadoria ",B77,", com fundamento no ",CRÍTICA_IGP1!O73)) -> #N/A
C72: =IF(OR('FICHA FUNCIONAL'!$E$4=0,'FICHA FUNCIONAL'!$E$6=0),""," ________________________________________________________________________ ") -> ________________________________________________________________________
C73: =IF(OR('FICHA FUNCIONAL'!$E$4=0,'FICHA FUNCIONAL'!$E$6=0),"",CONCATENATE('FICHA FUNCIONAL'!E16))
C75: =IF(OR('FICHA FUNCIONAL'!$E$4=0,'FICHA FUNCIONAL'!$E$6=0),"",CONCATENATE('FICHA FUNCIONAL'!E12))
B77: =VLOOKUP($B$78,$C$42:$O$57,2,FALSE) -> #N/A
B78: X
B79: =VLOOKUP($B$78,$C$42:$O$57,5,FALSE) -> #N/A

Sheet CENÁRIOS DE CONCESSÃO
L2: ='MTS - MAPA DE TEMPO DE SERVIÇO'!L2 -> FAAP - MÓDULO 1 - R3.1
B3: 1 | C3: CENÁRIOS DE CONCESSÃO
D5: =IF('FICHA FUNCIONAL'!E16>0,"NOME:","") | E5: =IF('FICHA FUNCIONAL'!E16>0,'FICHA FUNCIONAL'!E16,"") | J5: =IF('FICHA FUNCIONAL'!E17>0,"MATRÍCULA:","") | L5: =IF('FICHA FUNCIONAL'!E17>0,'FICHA FUNCIONAL'!E17,"")
B7: 2 | C7: CONDIÇÕES DE APOSENTADORIA
B9: 3 | C9: REGRA DE OPÇÃO | F9: MODALIDADE | H9: CONCLUSÃO | M9: VARIÁVEL | N9: TEMPO FALTANTE | O9: DATA PREVISTA
B10: 4 | C10: TRANSIÇÃO EMENDA 47/05 | F10: VOL. INTEGRAL | H10: =IF(OR(CRÍTICA_IGP1!Q173="O SERVIDOR NÃO FAZ JUS A ESSA REGRA E/OU MODALIDADE",CRÍTICA_IGP1!Q173="MARQUE O SEXO"),CRÍTICA_IGP1!Q173,IF(OR(CRÍTICA_IGP1!Q173>0,CRÍTICA_IGP1!R173>0,CRÍTICA_IGP1!S173>0,CRÍTICA_IGP1!T173>0,CRÍTICA_IGP1!U173>0),"REGRA NÃO CUMPRIDA","REGRA CUMPRIDA")) -> O SERVIDOR NÃO FAZ JUS A ESSA REGRA E/OU MODALIDADE | M10: =IF(AND(H10<>"O SERVIDOR NÃO FAZ JUS A ESSA REGRA E/OU MODALIDADE",H10<>"MARQUE O SEXO",H10<>"REGRA CUMPRIDA"),R10,"") | N10: =IF(CRÍTICA_IGP1!$AH$166<CRÍTICA_IGP1!$AH$173,"",IF(M10="","",HLOOKUP(M10,CRÍTICA_IGP1!$P$157:$U$173,17,FALSE))) -> #VALUE! | O10: =IF(CRÍTICA_IGP1!$AH$166<CRÍTICA_IGP1!$AH$173,"LIMITADA À COMPULSÓRIA",IF(N10="","",CRÍTICA_IGP1!$AH$173)) -> #VALUE! | R10: =IF(AND(CRÍTICA_IGP1!$Q$173>CRÍTICA_IGP1!$R$173,CRÍTICA_IGP1!$Q$173>CRÍTICA_IGP1!$S$173,CRÍTICA_IGP1!$Q$173>CRÍTICA_IGP1!$T$173,CRÍTICA_IGP1!$Q$173>CRÍTICA_IGP1!$U$173),"T. CONTRIBUIÇÃO",IF(AND(CRÍTICA_IGP1!$R$173>CRÍTICA_IGP1!$Q$173,CRÍTICA_IGP1!$R$173>CRÍTICA_IGP1!$S$173,CRÍTICA_IGP1!$R$173>CRÍTICA_IGP1!$T$173,CRÍTICA_IGP1!$R$173>CRÍTICA_IGP1!$U$173),"T. CARGO",IF(AND(CRÍTICA_IGP1!$S$173>CRÍTICA_IGP1!$Q$173,CRÍTICA_IGP1!$S$173>CRÍTICA_IGP1!$R$173,CRÍTICA_IGP1!$S$173>CRÍTICA_IGP1!$T$173,CRÍTICA_IGP1!$S$173>CRÍTICA_IGP1!$U$173),"T. CARREIRA",IF(AND(CRÍTICA_IGP1!$T$173>CRÍTICA_IGP1!$Q$173,CRÍTICA_IGP1!$T$173>CRÍTICA_IGP1!$R$173,CRÍTICA_IGP1!$T$173>CRÍTICA_IGP1!$S$173,CRÍTICA_IGP1!$T$173>CRÍTICA_IGP1!$U$173),"T. SERV. PÚBL.",IF(AND(CRÍTICA_IGP1!$U$173>CRÍTICA_IGP1!$Q$173,CRÍTICA_IGP1!$U$173>CRÍTICA_IGP1!$R$173,CRÍTICA_IGP1!$U$173>CRÍTICA_IGP1!$S$173,CRÍTICA_IGP1!$U$173>CRÍTICA_IGP1!$T$173),"IDADE",""))))) -> #VALUE!
B11: 5 | C11: TRANS. ART. 6º EMENDA 41/03 | F11: VOL. INTEGRAL | H11: =IF(OR(CRÍTICA_IGP1!Q171="O SERVIDOR NÃO FAZ JUS A ESSA REGRA E/OU MODALIDADE",CRÍTICA_IGP1!Q171="MARQUE O SEXO"),CRÍTICA_IGP1!Q171,IF(OR(CRÍTICA_IGP1!Q171>0,CRÍTICA_IGP1!R171>0,CRÍTICA_IGP1!S171>0,CRÍTICA_IGP1!T171>0,CRÍTICA_IGP1!U171>0),"REGRA NÃO CUMPRIDA","REGRA CUMPRIDA")) -> O SERVIDOR NÃO FAZ JUS A ESSA REGRA E/OU MODALIDADE | M11: =IF(AND(H11<>"O SERVIDOR NÃO FAZ JUS A ESSA REGRA E/OU MODALIDADE",H11<>"MARQUE O SEXO",H11<>"REGRA CUMPRIDA"),R11,"") | N11: =IF(CRÍTICA_IGP1!$AH$166<CRÍTICA_IGP1!$AH$171,"",IF(M11="","",HLOOKUP(M11,CRÍTICA_IGP1!$P$157:$U$173,15,FALSE))) | O11: =IF(CRÍTICA_IGP1!$AH$166<CRÍTICA_IGP1!$AH$171,"LIMITADA À COMPULSÓRIA",IF(N11="","",CRÍTICA_IGP1!$AH$171)) | R11: =IF(AND(CRÍTICA_IGP1!$Q$171>CRÍTICA_IGP1!$R$171,CRÍTICA_IGP1!$Q$171>CRÍTICA_IGP1!$S$171,CRÍTICA_IGP1!$Q$171>CRÍTICA_IGP1!$T$171,CRÍTICA_IGP1!$Q$171>CRÍTICA_IGP1!$U$171),"T. CONTRIBUIÇÃO",IF(AND(CRÍTICA_IGP1!$R$171>CRÍTICA_IGP1!$Q$171,CRÍTICA_IGP1!$R$171>CRÍTICA_IGP1!$S$171,CRÍTICA_IGP1!$R$171>CRÍTICA_IGP1!$T$171,CRÍTICA_IGP1!$R$171>CRÍTICA_IGP1!$U$171),"T. CARGO",IF(AND(CRÍTICA_IGP1!$S$171>CRÍTICA_IGP1!$Q$171,CRÍTICA_IGP1!$S$171>CRÍTICA_IGP1!$R$171,CRÍTICA_IGP1!$S$171>CRÍTICA_IGP1!$T$171,CRÍTICA_IGP1!$S$171>CRÍTICA_IGP1!$U$171),"T. CARREIRA",IF(AND(CRÍTICA_IGP1!$T$171>CRÍTICA_IGP1!$Q$171,CRÍTICA_IGP1!$T$171>CRÍTICA_IGP1!$R$171,CRÍTICA_IGP1!$T$171>CRÍTICA_IGP1!$S$171,CRÍTICA_IGP1!$T$171>CRÍTICA_IGP1!$U$171),"T. SERV. PÚBL.",IF(AND(CRÍTICA_IGP1!$U$171>CRÍTICA_IGP1!$Q$171,CRÍTICA_IGP1!$U$171>CRÍTICA_IGP1!$R$171,CRÍTICA_IGP1!$U$171>CRÍTICA_IGP1!$S$171,CRÍTICA_IGP1!$U$171>CRÍTICA_IGP1!$T$171),"IDADE",""))))) -> T. CONTRIBUIÇÃO
B12: 6 | C12: TRANS. ART. 6º EMENDA 41/03 | F12: VOL. ESPECIAL | H12: =IF(OR(CRÍTICA_IGP1!Q172="O SERVIDOR NÃO FAZ JUS A ESSA REGRA E/OU MODALIDADE",CRÍTICA_IGP1!Q172="MARQUE O SEXO",CRÍTICA_IGP1!Q172="CONFIRME MAGISTÉRIO"),CRÍTICA_IGP1!Q172,IF(OR(CRÍTICA_IGP1!Q172>0,CRÍTICA_IGP1!R172>0,CRÍTICA_IGP1!S172>0,CRÍTICA_IGP1!T172>0,CRÍTICA_IGP1!U172>0),"REGRA NÃO CUMPRIDA","REGRA CUMPRIDA")) -> O SERVIDOR NÃO FAZ JUS A ESSA REGRA E/OU MODALIDADE | M12: =IF(AND(H12<>"O SERVIDOR NÃO FAZ JUS A ESSA REGRA E/OU MODALIDADE",H12<>"MARQUE O SEXO",H12<>"REGRA CUMPRIDA",H12<>"CONFIRME MAGISTÉRIO"),R12,"") | N12: =IF(CRÍTICA_IGP1!$AH$166<CRÍTICA_IGP1!$AH$172,"",IF(M12="","",HLOOKUP(M12,CRÍTICA_IGP1!$P$157:$U$173,16,FALSE))) | O12: =IF(CRÍTICA_IGP1!$AH$166<CRÍTICA_IGP1!$AH$172,"LIMITADA À COMPULSÓRIA",IF(N12="","",CRÍTICA_IGP1!$AH$172)) | R12: =IF(AND(CRÍTICA_IGP1!$Q$172>CRÍTICA_IGP1!$R$172,CRÍTICA_IGP1!$Q$172>CRÍTICA_IGP1!$S$172,CRÍTICA_IGP1!$Q$172>CRÍTICA_IGP1!$T$172,CRÍTICA_IGP1!$Q$172>CRÍTICA_IGP1!$U$172),"T. CONTRIBUIÇÃO",IF(AND(CRÍTICA_IGP1!$R$172>CRÍTICA_IGP1!$Q$172,CRÍTICA_IGP1!$R$172>CRÍTICA_IGP1!$S$172,CRÍTICA_IGP1!$R$172>CRÍTICA_IGP1!$T$172,CRÍTICA_IGP1!$R$172>CRÍTICA_IGP1!$U$172),"T. CARGO",IF(AND(CRÍTICA_IGP1!$S$172>CRÍTICA_IGP1!$Q$172,CRÍTICA_IGP1!$S$172>CRÍTICA_IGP1!$R$172,CRÍTICA_IGP1!$S$172>CRÍTICA_IGP1!$T$172,CRÍTICA_IGP1!$S$172>CRÍTICA_IGP1!$U$172),"T. CARREIRA",IF(AND(CRÍTICA_IGP1!$T$172>CRÍTICA_IGP1!$Q$172,CRÍTICA_IGP1!$T$172>CRÍTICA_IGP1!$R$172,CRÍTICA_IGP1!$T$172>CRÍTICA_IGP1!$S$172,CRÍTICA_IGP1!$T$172>CRÍTICA_IGP1!$U$172),"T. SERV. PÚBL.",IF(AND(CRÍTICA_IGP1!$U$172>CRÍTICA_IGP1!$Q$172,CRÍTICA_IGP1!$U$172>CRÍTICA_IGP1!$R$172,CRÍTICA_IGP1!$U$172>CRÍTICA_IGP1!$S$172,CRÍTICA_IGP1!$U$172>CRÍTICA_IGP1!$T$172),"IDADE",""))))) -> T. CONTRIBUIÇÃO
B13: 7 | C13: TRANSIÇÃO EMENDA 20/98 | F13: VOL. INTEGRAL | H13: =IF(CRÍTICA_IGP1!AH167>=37986,"A PARTIR DE 31/12/2003 ESSA REGRA NÃO SE APLICA AO SERVIDOR",U13) -> REGRA NÃO CUMPRIDA | M13: =IF(AND(H13<>"A PARTIR DE 31/12/2003 ESSA REGRA NÃO SE APLICA AO SERVIDOR",H13<>"REGRA CUMPRIDA"),R13,"") -> IDADE | N13: =IF(M13="","",IF(CRÍTICA_IGP1!$AH$166<CRÍTICA_IGP1!$AH$167,"",HLOOKUP(M13,CRÍTICA_IGP1!$P$157:$U$173,11,FALSE))) -> MARQUE O SEXO | O13: =IF(H13="a partir de 31/12/2003 essa regra não se aplica ao servidor","",IF(N13="","",CRÍTICA_IGP1!AH167)) -> 15330 | R13: =IF('CENÁRIOS DE CONCESSÃO'!U13<>"O SERVIDOR NÃO FAZ JUS A ESSA REGRA E/OU MODALIDADE",IF(AND(CRÍTICA_IGP1!Q167>CRÍTICA_IGP1!R167,CRÍTICA_IGP1!Q167>=CRÍTICA_IGP1!T167,CRÍTICA_IGP1!Q167>=CRÍTICA_IGP1!U167),CRÍTICA_IGP1!$Q$157,IF(AND(CRÍTICA_IGP1!R167>CRÍTICA_IGP1!Q167,CRÍTICA_IGP1!R167>=CRÍTICA_IGP1!T167,CRÍTICA_IGP1!R167>=CRÍTICA_IGP1!U167),CRÍTICA_IGP1!$R$157,IF(AND(CRÍTICA_IGP1!T167>CRÍTICA_IGP1!Q167,CRÍTICA_IGP1!T167>CRÍTICA_IGP1!R167,CRÍTICA_IGP1!T167>=CRÍTICA_IGP1!U167),CRÍTICA_IGP1!$T$157,IF(AND(CRÍTICA_IGP1!U167>CRÍTICA_IGP1!Q167,CRÍTICA_IGP1!T167>CRÍTICA_IGP1!R167,CRÍTICA_IGP1!U167>CRÍTICA_IGP1!T167),CRÍTICA_IGP1!$U$157,"")))),"") -> IDADE | U13: =IF(OR(CRÍTICA_IGP1!Q167="A PARTIR DE 31/12/2003 ESSA REGRA NÃO SE APLICA AO SERVIDOR",CRÍTICA_IGP1!AH167>=37986),"A PARTIR DE 31/12/2003 ESSA REGRA NÃO SE APLICA AO SERVIDOR",IF(OR(CRÍTICA_IGP1!Q167>0,CRÍTICA_IGP1!R167>0,CRÍTICA_IGP1!T167>0,CRÍTICA_IGP1!U167>0,VI_TRANS_EC20!N82="NÃO"),"REGRA NÃO CUMPRIDA","REGRA CUMPRIDA")) -> REGRA NÃO CUMPRIDA
B14: 8 | C14: TRANSIÇÃO EMENDA 20/98 | F14: VOL. ESPECIAL | H14: =IF(CRÍTICA_IGP1!AH168>=37986,"A PARTIR DE 31/12/2003 ESSA REGRA NÃO SE APLICA AO SERVIDOR",U14) -> CONFIRME MAGISTÉRIO | M14: =IF(AND(H14<>"A PARTIR DE 31/12/2003 ESSA REGRA NÃO SE APLICA AO SERVIDOR",H14<>"regra cumprida",H14<>"CONFIRME MAGISTÉRIO"),R14,"") | N14: =IF(M14="","",IF(CRÍTICA_IGP1!AH166<CRÍTICA_IGP1!AH168,"",HLOOKUP(M14,CRÍTICA_IGP1!P157:U173,12,FALSE))) | O14: =IF(H14="a partir de 31/12/2003 essa regra não se aplica ao servidor","",IF(N14="","",CRÍTICA_IGP1!AH168)) | R14: =IF('CENÁRIOS DE CONCESSÃO'!U14<>"O SERVIDOR NÃO FAZ JUS A ESSA REGRA E/OU MODALIDADE",IF(AND(CRÍTICA_IGP1!Q168>CRÍTICA_IGP1!R168,CRÍTICA_IGP1!Q168>=CRÍTICA_IGP1!T168,CRÍTICA_IGP1!Q168>=CRÍTICA_IGP1!U168),CRÍTICA_IGP1!$Q$157,IF(AND(CRÍTICA_IGP1!R168>CRÍTICA_IGP1!Q168,CRÍTICA_IGP1!R168>=CRÍTICA_IGP1!T168,CRÍTICA_IGP1!R168>=CRÍTICA_IGP1!U168),CRÍTICA_IGP1!$R$157,IF(AND(CRÍTICA_IGP1!T168>CRÍTICA_IGP1!Q168,CRÍTICA_IGP1!T168>CRÍTICA_IGP1!R168,CRÍTICA_IGP1!T168>=CRÍTICA_IGP1!U168),CRÍTICA_IGP1!$T$157,IF(AND(CRÍTICA_IGP1!U168>CRÍTICA_IGP1!Q168,CRÍTICA_IGP1!T168>CRÍTICA_IGP1!R168,CRÍTICA_IGP1!U168>CRÍTICA_IGP1!T168),CRÍTICA_IGP1!$U$157,"")))),"") -> IDADE | U14: =IF(OR(CRÍTICA_IGP1!Q168="A PARTIR DE 31/12/2003 ESSA REGRA NÃO SE APLICA AO SERVIDOR",CRÍTICA_IGP1!AH168>=37986,CRÍTICA_IGP1!Q168="CONFIRME MAGISTÉRIO"),CRÍTICA_IGP1!Q168,IF(OR(CRÍTICA_IGP1!Q168>0,CRÍTICA_IGP1!R168>0,CRÍTICA_IGP1!T168>0,CRÍTICA_IGP1!U168>0,VE_TRANS_EC20!N90="NÃO"),"REGRA NÃO CUMPRIDA","REGRA CUMPRIDA")) -> CONFIRME MAGISTÉRIO
B15: 9 | C15: TRANSIÇÃO EMENDA 20/98 | F15: VOL. PROP. TSC | H15: =IF(CRÍTICA_IGP1!AH169>=37986,"A PARTIR DE 31/12/2003 ESSA REGRA NÃO SE APLICA AO SERVIDOR",U15) -> REGRA NÃO CUMPRIDA | M15: =IF(AND(H15<>"A PARTIR DE 31/12/2003 ESSA REGRA NÃO SE APLICA AO SERVIDOR",H15<>"regra cumprida"),R15,"") -> IDADE | N15: =IF(M15="","",IF(CRÍTICA_IGP1!AH166<CRÍTICA_IGP1!AH169,"",HLOOKUP(M15,CRÍTICA_IGP1!P157:U173,13,FALSE))) -> MARQUE O SEXO | O15: =IF(H15="a partir de 31/12/2003 essa regra não se aplica ao servidor","",IF(N15="","",CRÍTICA_IGP1!AH169)) -> 15330 | R15: =IF('CENÁRIOS DE CONCESSÃO'!U15<>"O SERVIDOR NÃO FAZ JUS A ESSA REGRA E/OU MODALIDADE",IF(AND(CRÍTICA_IGP1!Q169>CRÍTICA_IGP1!R169,CRÍTICA_IGP1!Q169>=CRÍTICA_IGP1!T169,CRÍTICA_IGP1!Q169>=CRÍTICA_IGP1!U169),CRÍTICA_IGP1!$Q$157,IF(AND(CRÍTICA_IGP1!R169>CRÍTICA_IGP1!Q169,CRÍTICA_IGP1!R169>=CRÍTICA_IGP1!T169,CRÍTICA_IGP1!R169>=CRÍTICA_IGP1!U169),CRÍTICA_IGP1!$R$157,IF(AND(CRÍTICA_IGP1!T169>CRÍTICA_IGP1!Q169,CRÍTICA_IGP1!T169>CRÍTICA_IGP1!R169,CRÍTICA_IGP1!T169>=CRÍTICA_IGP1!U169),CRÍTICA_IGP1!$T$157,IF(AND(CRÍTICA_IGP1!U169>CRÍTICA_IGP1!Q169,CRÍTICA_IGP1!T169>CRÍTICA_IGP1!R169,CRÍTICA_IGP1!U169>CRÍTICA_IGP1!T169),CRÍTICA_IGP1!$U$157,"")))),"") -> IDADE | U15: =IF(OR(CRÍTICA_IGP1!Q169="A PARTIR DE 31/12/2003 ESSA REGRA NÃO SE APLICA AO SERVIDOR",CRÍTICA_IGP1!AH169>=37986),"A PARTIR DE 31/12/2003 ESSA REGRA NÃO SE APLICA AO SERVIDOR",IF(OR(CRÍTICA_IGP1!Q169>0,CRÍTICA_IGP1!R169>0,CRÍTICA_IGP1!T169>0,CRÍTICA_IGP1!U169>0,VPTC_TRANS_EC20!N84="NÃO"),"REGRA NÃO CUMPRIDA","REGRA CUMPRIDA")) -> REGRA NÃO CUMPRIDA
B16: 10 | C16: REGRA PERMANENTE EC20/98 | F16: COMPULSÓRIA | H16: =IF(OR(CRÍTICA_IGP1!Q162="A PARTIR DE 20/02/2004 ESSA REGRA NÃO SE APLICA AO SERVIDOR",CRÍTICA_IGP1!AH162>=38037),"A PARTIR DE 20/02/2004 ESSA REGRA NÃO SE APLICA AO SERVIDOR",IF(CRÍTICA_IGP1!U162>0,"REGRA NÃO CUMPRIDA","REGRA CUMPRIDA")) -> REGRA NÃO CUMPRIDA | M16: =IF(H16="A PARTIR DE 20/02/2004 ESSA REGRA NÃO SE APLICA AO SERVIDOR","",IF(CRÍTICA_IGP1!$Q$20>0,"IDADE","")) -> IDADE | N16: =IF(M16<>"",IF(CRÍTICA_IGP1!$Q$20>0,CRÍTICA_IGP1!Q20,""),"") -> 25568 | O16: =IF(N16<>"",CRÍTICA_IGP1!AH162,"") -> 25568
B17: 11 | C17: REGRA PERMANENTE EC20/98 | F17: PROP. IDADE | H17: =IF(OR(CRÍTICA_IGP1!Q161="A PARTIR DE 20/02/2004 ESSA REGRA NÃO SE APLICA AO SERVIDOR",CRÍTICA_IGP1!AH161>=38037),"A PARTIR DE 20/02/2004 ESSA REGRA NÃO SE APLICA AO SERVIDOR",IF(CRÍTICA_IGP1!U161>0,"REGRA NÃO CUMPRIDA","REGRA CUMPRIDA")) -> #VALUE! | M17: =IF(H17="A PARTIR DE 20/02/2004 ESSA REGRA NÃO SE APLICA AO SERVIDOR","",IF(CRÍTICA_IGP1!$U$161>0,"IDADE","")) -> #VALUE! | N17: =IF(M17="","",IF(CRÍTICA_IGP1!AH162<CRÍTICA_IGP1!AH161,"",IF(CRÍTICA_IGP1!AH161>0,CRÍTICA_IGP1!AH161,""))) -> #VALUE! | O17: =IF(CRÍTICA_IGP1!$AH$162<CRÍTICA_IGP1!$AH$161,"LIMITADA À COMPULSÓRIA",IF(AND(N17>0,N17<>""),CRÍTICA_IGP1!$AH$161,"")) -> #VALUE!
B18: 12 | C18: REGRA PERMANENTE EC20/98 | F18: VOL. INTEGRAL | H18: =IF(OR(CRÍTICA_IGP1!Q159="A PARTIR DE 20/02/2004 ESSA REGRA NÃO SE APLICA AO SERVIDOR",CRÍTICA_IGP1!Q159="REVER FUNDAMENTAÇÃO E/OU MODALIDADE"),CRÍTICA_IGP1!Q159,IF(OR(CRÍTICA_IGP1!Q159>0,CRÍTICA_IGP1!R159>0,CRÍTICA_IGP1!T159>0,CRÍTICA_IGP1!U159>0),"REGRA NÃO CUMPRIDA","REGRA CUMPRIDA")) -> REVER FUNDAMENTAÇÃO E/OU MODALIDADE | M18: =IF(AND(H18<>"A PARTIR DE 20/02/2004 ESSA REGRA NÃO SE APLICA AO SERVIDOR",H18<>"PREENCHA CAMPO DESTINADO AO SEXO",H18<>"REGRA CUMPRIDA",H18<>"REVER FUNDAMENTAÇÃO E/OU MODALIDADE"),R18,"") | N18: =IF(M18="","",IF(CRÍTICA_IGP1!$AH$162<CRÍTICA_IGP1!$AH$159,"",HLOOKUP(M18,CRÍTICA_IGP1!$P$157:$U$173,3,FALSE))) | O18: =IF(CRÍTICA_IGP1!$AH$162<CRÍTICA_IGP1!$AH$159,"LIMITADA À COMPULSÓRIA",IF(N18="","",CRÍTICA_IGP1!$AH$159)) | R18: =IF('CENÁRIOS DE CONCESSÃO'!H18<>"O SERVIDOR NÃO FAZ JUS A ESSA REGRA E/OU MODALIDADE",IF(AND(CRÍTICA_IGP1!Q159>CRÍTICA_IGP1!R159,CRÍTICA_IGP1!Q159>=CRÍTICA_IGP1!T159,CRÍTICA_IGP1!Q159>=CRÍTICA_IGP1!U159),CRÍTICA_IGP1!$Q$157,IF(AND(CRÍTICA_IGP1!R159>CRÍTICA_IGP1!Q159,CRÍTICA_IGP1!R159>=CRÍTICA_IGP1!T159,CRÍTICA_IGP1!R159>=CRÍTICA_IGP1!U159),CRÍTICA_IGP1!$R$157,IF(AND(CRÍTICA_IGP1!T159>CRÍTICA_IGP1!Q159,CRÍTICA_IGP1!T159>CRÍTICA_IGP1!R159,CRÍTICA_IGP1!T159>=CRÍTICA_IGP1!U159),CRÍTICA_IGP1!$T$157,IF(AND(CRÍTICA_IGP1!U159>CRÍTICA_IGP1!Q159,CRÍTICA_IGP1!T159>CRÍTICA_IGP1!R159,CRÍTICA_IGP1!U159>CRÍTICA_IGP1!T159),CRÍTICA_IGP1!$U$157,"")))),"") -> T. CONTRIBUIÇÃO
B19: 13 | C19: REGRA PERMANENTE EC20/98 | F19: VOL. ESPECIAL | H19: =IF(OR(CRÍTICA_IGP1!Q160="A PARTIR DE 20/02/2004 ESSA REGRA NÃO SE APLICA AO SERVIDOR",CRÍTICA_IGP1!Q160="REVEJA FUNDAMENTAÇÃO E/OU MODALIDADE",CRÍTICA_IGP1!Q160="CONFIRME MAGISTÉRIO OU REVEJA FUNDAMENTAÇÃO"),CRÍTICA_IGP1!Q160,IF(OR(CRÍTICA_IGP1!Q160>0,CRÍTICA_IGP1!R160>0,CRÍTICA_IGP1!T160>0,CRÍTICA_IGP1!U160>0),"REGRA NÃO CUMPRIDA","REGRA CUMPRIDA")) -> CONFIRME MAGISTÉRIO OU REVEJA FUNDAMENTAÇÃO | M19: =IF(AND(H19<>"A PARTIR DE 20/02/2004 ESSA REGRA NÃO SE APLICA AO SERVIDOR",H19<>"PREENCHA CAMPO DESTINA AO SEXO",H19<>"regra cumprida",H19<>"CONFIRME MAGISTÉRIO OU REVEJA FUNDAMENTAÇÃO"),R19,"") | N19: =IF(M19="","",IF(CRÍTICA_IGP1!$AH$162<CRÍTICA_IGP1!$AH$160,"",HLOOKUP(M19,CRÍTICA_IGP1!$P$157:$U$173,4,FALSE))) | O19: =IF(CRÍTICA_IGP1!$AH$162<CRÍTICA_IGP1!$AH$160,"LIMITADA À COMPULSÓRIA",IF(N19="","",CRÍTICA_IGP1!$AH$160)) | R19: =IF('CENÁRIOS DE CONCESSÃO'!H19<>"O SERVIDOR NÃO FAZ JUS A ESSA REGRA E/OU MODALIDADE",IF(AND(CRÍTICA_IGP1!Q160>CRÍTICA_IGP1!R160,CRÍTICA_IGP1!Q160>=CRÍTICA_IGP1!T160,CRÍTICA_IGP1!Q160>=CRÍTICA_IGP1!U160),CRÍTICA_IGP1!$Q$157,IF(AND(CRÍTICA_IGP1!R160>CRÍTICA_IGP1!Q160,CRÍTICA_IGP1!R160>=CRÍTICA_IGP1!T160,CRÍTICA_IGP1!R160>=CRÍTICA_IGP1!U160),CRÍTICA_IGP1!$R$157,IF(AND(CRÍTICA_IGP1!T160>CRÍTICA_IGP1!Q160,CRÍTICA_IGP1!T160>CRÍTICA_IGP1!R160,CRÍTICA_IGP1!T160>=CRÍTICA_IGP1!U160),CRÍTICA_IGP1!$T$157,IF(AND(CRÍTICA_IGP1!U160>CRÍTICA_IGP1!Q160,CRÍTICA_IGP1!T160>CRÍTICA_IGP1!R160,CRÍTICA_IGP1!U160>CRÍTICA_IGP1!T160),CRÍTICA_IGP1!$U$157,"")))),"") -> IDADE
B20: 14 | C20: REGRA PERMANENTE EC41/03 | F20: COMPULSÓRIA | H20: =IF(CRÍTICA_IGP1!U166>0,"REGRA NÃO CUMPRIDA","REGRA CUMPRIDA") -> REGRA NÃO CUMPRIDA | M20: =IF(CRÍTICA_IGP1!$Q$20>0,"IDADE","") -> IDADE | N20: =IF(CRÍTICA_IGP1!$Q$20>0,CRÍTICA_IGP1!$Q$20,"") -> 25568 | O20: =IF(N20<>"",CRÍTICA_IGP1!AH166,"") -> 25568
B21: 15 | C21: REGRA PERMANENTE EC41/03 | F21: PROP. IDADE | H21: =IF(CRÍTICA_IGP1!U165>0,"REGRA NÃO CUMPRIDA","REGRA CUMPRIDA") -> REGRA NÃO CUMPRIDA | M21: =IF(CRÍTICA_IGP1!$U$165>0,"IDADE","") -> IDADE | N21: =IF(CRÍTICA_IGP1!$AH$166<CRÍTICA_IGP1!$AH$165,"",IF(CRÍTICA_IGP1!$AH$165>0,CRÍTICA_IGP1!$U$165,"")) -> #VALUE! | O21: =IF(CRÍTICA_IGP1!AH166<CRÍTICA_IGP1!AH165,"LIMITADA À COMPULSÓRIA",IF(AND(N21>0,N21<>""),CRÍTICA_IGP1!AH165,"")) -> #VALUE!
B22: 16 | C22: REGRA PERMANENTE EC41/03 | F22: VOL. INTEGRAL | H22: =IF(OR(CRÍTICA_IGP1!Q163>0,CRÍTICA_IGP1!R163>0,CRÍTICA_IGP1!T163>0,CRÍTICA_IGP1!U163>0),"REGRA NÃO CUMPRIDA","REGRA CUMPRIDA") -> REGRA NÃO CUMPRIDA | M22: =IF(H22<>"REGRA CUMPRIDA",R22,"") -> T. CONTRIBUIÇÃO | N22: =IF(CRÍTICA_IGP1!$AH$166<CRÍTICA_IGP1!$AH$163,"",IF(M22="","",HLOOKUP(M22,CRÍTICA_IGP1!$P$157:$U$173,7,FALSE))) -> PREENCHA CAMPO DESTINADO AO SEXO | O22: =IF(CRÍTICA_IGP1!$AH$166<CRÍTICA_IGP1!$AH$163,"LIMITADA À COMPULSÓRIA",IF(N22="","",CRÍTICA_IGP1!$AH$163)) -> 3650 | R22: =IF('CENÁRIOS DE CONCESSÃO'!H22<>"REGRA CUMPRIDA",IF(AND(CRÍTICA_IGP1!Q163>CRÍTICA_IGP1!R163,CRÍTICA_IGP1!Q163>=CRÍTICA_IGP1!T163,CRÍTICA_IGP1!Q163>=CRÍTICA_IGP1!U163),CRÍTICA_IGP1!$Q$157,IF(AND(CRÍTICA_IGP1!R163>CRÍTICA_IGP1!Q163,CRÍTICA_IGP1!R163>=CRÍTICA_IGP1!T163,CRÍTICA_IGP1!R163>=CRÍTICA_IGP1!U163),CRÍTICA_IGP1!$R$157,IF(AND(CRÍTICA_IGP1!T163>CRÍTICA_IGP1!Q163,CRÍTICA_IGP1!T163>CRÍTICA_IGP1!R163,CRÍTICA_IGP1!T163>=CRÍTICA_IGP1!U163),CRÍTICA_IGP1!$T$157,IF(AND(CRÍTICA_IGP1!U163>CRÍTICA_IGP1!Q163,CRÍTICA_IGP1!U163>CRÍTICA_IGP1!R163,CRÍTICA_IGP1!U163>CRÍTICA_IGP1!T163),CRÍTICA_IGP1!$U$157,"")))),"") -> T. CONTRIBUIÇÃO
B23: 17 | C23: REGRA PERMANENTE EC41/03 | F23: VOL. ESPECIAL | H23: =IF(OR(CRÍTICA_IGP1!Q164="PREENCHA CAMPO DESTINADO AO SEXO",CRÍTICA_IGP1!Q164="CONFIRME EFETIVO MAGISTÉRIO"),CRÍTICA_IGP1!Q164,IF(OR(CRÍTICA_IGP1!Q164>0,CRÍTICA_IGP1!R164>0,CRÍTICA_IGP1!T164>0,CRÍTICA_IGP1!U164>0),"REGRA NÃO CUMPRIDA","REGRA CUMPRIDA")) -> CONFIRME EFETIVO MAGISTÉRIO | M23: =IF('FICHA FUNCIONAL'!$I$27<>"X","",IF(H23<>"REGRA CUMPRIDA",R23,"")) | N23: =IF(CRÍTICA_IGP1!$AH$166<CRÍTICA_IGP1!$AH$164,"",IF(M23="","",HLOOKUP(M23,CRÍTICA_IGP1!$P$157:$U$173,8,FALSE))) | O23: =IF(CRÍTICA_IGP1!$AH$166<CRÍTICA_IGP1!$AH$164,"LIMITADA À COMPULSÓRIA",IF(N23="","",CRÍTICA_IGP1!$AH$164)) | R23: =IF('CENÁRIOS DE CONCESSÃO'!H23<>"O SERVIDOR NÃO FAZ JUS A ESSA REGRA E/OU MODALIDADE",IF(AND(CRÍTICA_IGP1!Q164>CRÍTICA_IGP1!R164,CRÍTICA_IGP1!Q164>=CRÍTICA_IGP1!T164,CRÍTICA_IGP1!Q164>=CRÍTICA_IGP1!U164),CRÍTICA_IGP1!$Q$157,IF(AND(CRÍTICA_IGP1!R164>CRÍTICA_IGP1!Q164,CRÍTICA_IGP1!R164>=CRÍTICA_IGP1!T164,CRÍTICA_IGP1!R164>=CRÍTICA_IGP1!U164),CRÍTICA_IGP1!$R$157,IF(AND(CRÍTICA_IGP1!T164>CRÍTICA_IGP1!Q164,CRÍTICA_IGP1!T164>CRÍTICA_IGP1!R164,CRÍTICA_IGP1!T164>=CRÍTICA_IGP1!U164),CRÍTICA_IGP1!$T$157,IF(AND(CRÍTICA_IGP1!U164>CRÍTICA_IGP1!Q164,CRÍTICA_IGP1!T164>CRÍTICA_IGP1!R164,CRÍTICA_IGP1!U164>CRÍTICA_IGP1!T164),CRÍTICA_IGP1!$U$157,"")))),"") -> IDADE
B24: 18 | C24: TRANS. ART. 2º EMENDA 41/03 | F24: VOL. REDUTOR | H24: =IF(CRÍTICA_IGP1!Q170="O SERVIDOR NÃO FAZ JUS A ESSA REGRA E/OU MODALIDADE",CRÍTICA_IGP1!Q170,IF(OR(CRÍTICA_IGP1!Q170>0,CRÍTICA_IGP1!R170>0,CRÍTICA_IGP1!U170>0,AND(CRÍTICA_IGP1!T170>0,CRÍTICA_IGP1!T170<>"NADA A CUMPRIR")),"REGRA NÃO CUMPRIDA","REGRA CUMPRIDA")) -> O SERVIDOR NÃO FAZ JUS A ESSA REGRA E/OU MODALIDADE | M24: =IF(H24<>"O SERVIDOR NÃO FAZ JUS A ESSA REGRA E/OU MODALIDADE",R24,"") | N24: =IF(CRÍTICA_IGP1!$AH$166<CRÍTICA_IGP1!$AH$170,"",IF(M24="","",HLOOKUP(M24,CRÍTICA_IGP1!$P$157:$U$173,14,FALSE))) | O24: =IF(CRÍTICA_IGP1!$AH$166<CRÍTICA_IGP1!$AH$170,"LIMITADA À COMPULSÓRIA",IF(N24="","",CRÍTICA_IGP1!$AH$170)) | R24: =IF('CENÁRIOS DE CONCESSÃO'!H24<>"O SERVIDOR NÃO FAZ JUS A ESSA REGRA E/OU MODALIDADE",IF(AND(CRÍTICA_IGP1!Q170>CRÍTICA_IGP1!R170,CRÍTICA_IGP1!Q170>=CRÍTICA_IGP1!T170,CRÍTICA_IGP1!Q170>=CRÍTICA_IGP1!U170),CRÍTICA_IGP1!$Q$157,IF(AND(CRÍTICA_IGP1!R170>CRÍTICA_IGP1!Q170,CRÍTICA_IGP1!R170>=CRÍTICA_IGP1!T170,CRÍTICA_IGP1!R170>=CRÍTICA_IGP1!U170),CRÍTICA_IGP1!$R$157,IF(AND(CRÍTICA_IGP1!T170>CRÍTICA_IGP1!Q170,CRÍTICA_IGP1!T170>CRÍTICA_IGP1!R170,CRÍTICA_IGP1!T170>=CRÍTICA_IGP1!U170),CRÍTICA_IGP1!$T$157,IF(AND(CRÍTICA_IGP1!U170>CRÍTICA_IGP1!Q170,CRÍTICA_IGP1!U170>CRÍTICA_IGP1!R170,CRÍTICA_IGP1!U170>CRÍTICA_IGP1!T170),CRÍTICA_IGP1!$U$157,"")))),"")
C28: TRIBUNAL DE CONTAS DO ESTADO DO RIO DE JANEIRO - SUP
C29: Virgílio de Oliveira Souza (Técnica / Lógica) | H29: Luiz Cláudio Lopes de Sá - (Revisão / Lay out)

Sheet CRÍTICA_IGP1
B2: TIPO DE APOSENTADORIA | D2: : | E2: ='FICHA FUNCIONAL'!E4 -> PREENCHA COM A MODALIDADE | J2: OPÇÃO: | K2: ='FICHA FUNCIONAL'!$E$6 -> PREENCHA A REGRA DESEJADA | O2: REGRAS ANTES EC20 | P2: TEMPO: | Q2: ART. 40 CF | R2: EC 20 | S2: ART 6º | T2: ART. 2º | U2: EC 47
O3: REGRA PERMANENTE
B4: HISTÓRICO FUNCIONAL | O4: TRANSIÇÃO EMENDA 20 | P4: CARGO | Q4: =IF(OR($E$2=$B$115,$E$2=$B$116,E2=B117),IF($M$13>=5,"ATENDE","NÃO CUMPRE"),"NÃO CABE") -> NÃO CABE | R4: =IF($N$8<$Q$11,IF($M$13>=5,"ATENDE","NÃO CUMPRE"),"REVER FUNDAMENTAÇÃO") -> NÃO CUMPRE | S4: =IF($N$8<$Q$13,IF($M$13>=5,"ATENDE","NÃO ATENDE"),"REVER FUNDAMENTAÇÃO") -> NÃO ATENDE | T4: =IF($N$8<$Q$11,IF($M$13>=5,"ATENDE","NÃO ATENDE"),"REVER FUNDAMENT.") -> NÃO ATENDE | U4: =IF($N$8<$Q$11,IF($M$13>=5,"ATENDE","NÃO ATENDE"),"REVER FUNDAMENT.") -> NÃO ATENDE | AA4: TT*365 | AB4: T+ID(DIAS) | AD4: ANOS | AE4: DIAS
O5: TRANSIÇÃO_ART. 2º_EC41
A6: PODER | B6: ENTE DA FEDERAÇÃO: | E6: ='FICHA FUNCIONAL'!$E$10 -> ESTADO DO RIO DE JANEIRO | I6: PODER: | J6: ='FICHA FUNCIONAL'!$E$11 -> EXECUTIVO | K6: Ó R G Ã O : | M6: ='FICHA FUNCIONAL'!$E$12 -> 0 | O6: TRANSIÇÃO_ART. 6º_EC41 | P6: CARREIRA | Q6: NÃO CABE | R6: =IF($N$8<$Q$11,"NÃO CABE","REVER FUNDAM.") -> NÃO CABE | S6: =IF($N$8<$Q$13,IF($M$14>=10,"ATENDE","NÃO ATENDE"),"REVER FUNDAMEN.") -> NÃO ATENDE | T6: =IF($N$8<$Q$11,"NÃO CABE","REVER FUNDAMENT.") -> NÃO CABE | U6: =IF($N$8<$Q$11,IF($M$14>=15,"ATENDE","NÃO ATENDE"),"REVER FUNDAMENT.") -> NÃO ATENDE | X6: HOMEM | Z6: 95 | AA6: =Z6*365+24 -> 34699 | AB6: =$O$9+$F$61 -> 0 | AC6: =IF($H$61>=35,$AA$6-$AB$6,12775-$F$61) -> 12775 | AD6: =ROUNDDOWN($AC$6/365,0) -> 35 | AE6: =(($AC$6/365)-$AD$6)*365 -> 0 | BN6: MODALIDADES | BO6: REGRA PERMANENTE (ATUAL) | BP6: REGRAS DE TRANSIÇÃO | BQ6: REGRA PERMANENTE (EMENDA Nº 20/98) | BR6: REGRAS DE TRANSIÇÃO | BS6: REGRAS DE TRANSIÇÃO | BT6: REGRAS DE TRANSIÇÃO | BU6: REGRAS ANTIGAS (até 15/12/1998)
A7: EXECUTIVO | B7: NOME : | C7: ='FICHA FUNCIONAL'!$E$16 -> 0 | K7: MATRÍCULA : | N7: ='FICHA FUNCIONAL'!$E$17 -> 0 | O7: TRANSIÇÃO_EMENDA 47 | P7: SERVIÇO PÚBLICO: | Q7: =IF(OR($E$2=$B$115,$E$2=$B$116,E2=B117),IF($M$15>=10,"ATENDE","NÃO CUMPRE"),O77) -> OK | R7: 0 | S7: =IF($N$8<$Q$13,IF($M$15>=20,"ATENDE","NÃO ATENDE"),"REVER FUNDAMENT.") -> NÃO ATENDE | T7: 0 | U7: =IF($N$8<$Q$11,IF($M$15>=25,"ATENDE","NÃO ATENDE"),"REVER FUNDAMENT.") -> NÃO ATENDE | X7: MULHER | Z7: 85 | AA7: =Z7*365+22 -> 31047 | AB7: =$O$9+$F$61 -> 0 | AC7: =IF($H$61>=30,$AA$7-$AB$7,10950-$F$61) -> 10950 | AD7: =ROUNDDOWN($AC$7/365,0) -> 30 | AE7: =(($AC$7/365)-$AD$7)*365 -> 0 | BN7: VOLUNTÁRIA INTEGRAL | BO7: Art. 40, §1º, III, alínea "a", da CR/88 (redação dada pela EC nº 41/03) | BP7: Art. 6º, EC Nº 41/03 | BQ7: Art. 40, §1º, III, alínea "a", da CR/88 (redação dada pela EC nº 20/98) | BR7: Art. 8º, caput, da EC nº 20/98 c/c art. 3º da EC nº 41/03 | BS7: Art. 3º da EC nº 47/2005 | BT7: REVER FUNDAMENTAÇÃO E/OU MODALIDADE | BU7: Art. 40, III, alínea "a", da CR/88 (redação original)
A8: LEGISLATIVO | B8: CARGO : | C8: ='FICHA FUNCIONAL'!$E$18 -> 0 | I8: DESDE: | J8: ='FICHA FUNCIONAL'!$M$18 -> 0 | K8: ADMISSÃO : | N8: ='FICHA FUNCIONAL'!E20 -> 0 | O8: =IF($D$12="X",$BN$16,"") | Q8: IDADE SEM ARREDONDAMENTO | X8: PROFESSOR | Z8: 85 | AA8: =Z8*365+22 -> 31047 | AB8: =$O$9+$F$61 -> 0 | AC8: =IF($H$61>=30,$AA$8-$AB$8,10950-$F$61) -> 10950 | AD8: =ROUNDDOWN($AC$8/365,0) -> 30 | AE8: =(($AC$8/365)-$AD$8)*365 -> 0 | BN8: VOLUNTÁRIA ESPECIAL | BO8: Art. 40, §5º, da CR/88 (redação dada pela EC nº 41/03) | BP8: Art. 6º, EC Nº 41/03 c/c art. 40, § 5º, da CR/88 | BQ8: Art. 40, §5º, da CR/88 (redação dada pela EC nº 20/98) | BR8: Art. 8º, caput, § 4º, da EC nº 20/98 c/c art. 3º da EC nº 41/03 | BS8: REVER FUNDAMENTAÇÃO E/OU MODALIDADE | BT8: REVER FUNDAMENTAÇÃO E/OU MODALIDADE | BU8: Art. 40, III, alínea "b", da CR/88 (redação original)
A9: JUDICIÁRIO | B9: CARREIRA: | C9: ='FICHA FUNCIONAL'!$E$19 -> 0 | I9: DESDE: | J9: ='FICHA FUNCIONAL'!$M$19 -> 0 | K9: NASCIMENTO : | N9: ='FICHA FUNCIONAL'!$E$21 -> 0 | O9: =IF($N$9=0,0,O$10-$N$9+1) -> 0 | P9: =IF(D10="X",N11*365+15,IF(G10="X",N11*365+14,O9)) -> 0 | Q9: =IF($G$10="x",($O$9-12)/365,($O$9-14)/365) -> -0.038356164 | R9: =(Q9-N11)*365 -> -14 | S9: =365-R9 -> 379 | X9: PROFESSORA | Z9: 75 | AA9: =Z9*365+19 -> 27394 | AB9: =$O$9+$F$61 -> 0 | AC9: =IF($H$61>=25,$AA$9-$AB$9,9125-$F$61) -> 9125 | AD9: =ROUNDDOWN($AC$9/365,0) -> 25 | AE9: =(($AC$9/365)-$AD$9)*365 -> 0 | BN9: VOLUNTÁRIA PROPORCIONAL POR IDADE | BO9: Art. 40, §1º, III, alínea "b", da CR/88 (redação dada pela EC nº 41/03) | BP9: REVER FUNDAMENTAÇÃO E/OU MODALIDADE | BQ9: Art. 40, §1º, III, alínea "b", da CR/88 (redação dada pela EC nº 20/98) | BR9: REVER FUNDAMENTAÇÃO E/OU MODALIDADE | BS9: REVER FUNDAMENTAÇÃO E/OU MODALIDADE | BT9: REVER FUNDAMENTAÇÃO E/OU MODALIDADE | BU9: Art. 40, III, alínea "d", da CR/88 (redação original)
B10: SEXO : | D10: ='FICHA FUNCIONAL'!$I$25 -> 0 | E10: MASCULINO | G10: ='FICHA FUNCIONAL'!$M$25 -> 0 | H10: FEMININO | K10: VALIDADE DA REGRA: | N10: =IF($O$10=0,"-",$O$11) -> - | O10: =IF($K$2=$O$3,IF($D$14="X",$R$12,IF($G$14="X",$H$19,0)),IF($K$2=$O$2,$R$11,IF($K$2=$O$4,$R$13,$H$19))) -> 0 | P10: =65*365+16 -> 23741 | X10: MODALIDADE/FUNDAMENTAÇÃO | AB10: TEMPO FALTANTE | AC10: IDADE | AD10: TEMPO FALTANTE | AG10: CONCLUSÃO | AO10: TEMPO | AP10: IDADE | AQ10: SOMA | AR10: CONDIÇÃO | AX10: REGRA ANTES EC20 | BN10: COMPULSÓRIA INTEGRAL | BO10: Art. 40, §1º, II, da CR/88 (redação dada pela EC nº 41/03) | BP10: REVER FUNDAMENTAÇÃO E/OU MODALIDADE | BQ10: Art. 40, §1º, II, da CR/88 (redação dada pela EC nº 20/98) | BR10: REVER FUNDAMENTAÇÃO E/OU MODALIDADE | BS10: REVER FUNDAMENTAÇÃO E/OU MODALIDADE | BT10: REVER FUNDAMENTAÇÃO E/OU MODALIDADE | BU10: Art. 40, II, da CR/88 (redação original)
K11: CPF : | L11: ='FICHA FUNCIONAL'!$E$22 -> 0 | N11: =IF($G$10="x",ROUNDDOWN(($O$9-14)/365,0),ROUNDDOWN(($O$9-15)/365,0)) -> 0 | O11: =IF($D$14="X",IF(OR(E49<>0,E50<>0),IF(E46<=O10,E46,O10),O10),$O$10) -> 0 | P11: EC Nº 20/98 | Q11: 36145 | R11: =IF($H$19<36144,$H$19,36144) -> 0 | X11: REGRA ANTES EMENDA 20/98 | AB11: =ROUNDDOWN($C$65/365,0) -> 0 | AC11: =IF(OR(E2=B118,E2=B119),(70-N11),IF(E2=B117,IF(D10="X",(65-N11),IF(G10="X",(60-N11),"MARQUE O SEXO")),"NÃO CABE")) -> NÃO CABE | AD11: =IF(OR(AC11="MARQUE O SEXO",AC11="NÃO CABE"),0,IF(AND(AB11<=0,AC11<=0),"NADA A CUMPRIR",IF(AB11>AC11,C65,IF(AC11>AB11,(AC11*365),0)))) -> 0 | AG11: =IF($K$2=$O$2,IF(OR(E2=B115,E2=B116,E2=B117,E2=B118,E2=B119,E2=B122),IF(OR(AD11<>"NADA A CUMPRIR",AD11<>"MARQUE O SEXO"),"NÃO SATISFAZ TEMPO DE CONTRIBUIÇÃO E/OU IDADE","SATISFAZ TEMPO DE CONTRIBUIÇÃO E IDADE")),IF(OR(AD11<>"NADA A CUMPRIR",AD11<>"MARQUE O SEXO"),"NÃO SATISFAZ TEMPO DE CONTRIBUIÇÃO E/OU IDADE","SATISFAZ TEMPO DE CONTRIBUIÇÃO E/OU IDADE")) -> NÃO SATISFAZ TEMPO DE CONTRIBUIÇÃO E/OU IDADE | AO11: =ROUNDDOWN($F$61/365,0) -> 0 | AP11: =AP12 -> 0 | AQ11: =SUM(AO11:AP11) -> 0 | AR11: =IF(OR($E$70="atende limite mínimo de idade",$F$71="nada a cumprir"),"SATISFAZ TEMPO DE CONTRIBUIÇÃO E/OU IDADE","NÃO SATISFAZ TEMPO DE CONTRIBUIÇÃO E/OU IDADE") -> SATISFAZ TEMPO DE CONTRIBUIÇÃO E/OU IDADE | BN11: COMPULSÓRIA PROPORCIONAL | BO11: Art. 40, §1º, II, da CR/88 (redação dada pela EC nº 41/03) | BP11: REVER FUNDAMENTAÇÃO E/OU MODALIDADE | BQ11: Art. 40, §1º, II, da CR/88 (redação dada pela EC nº 20/98) | BR11: REVER FUNDAMENTAÇÃO E/OU MODALIDADE | BS11: REVER FUNDAMENTAÇÃO E/OU MODALIDADE | BT11: REVER FUNDAMENTAÇÃO E/OU MODALIDADE | BU11: Art. 40, II, da CR/88 (redação original)
B12: EFET - MAGISTÉRIO | D12: ='FICHA FUNCIONAL'!$I$27 -> 0 | E12: SIM | G12: ='FICHA FUNCIONAL'!$M$27 -> 0 | H12: NÃO | M12: ANOS | N12: DIAS | P12: MPV 167/04 | Q12: 38037 | R12: =IF($H$19<38036,$H$19,38036) -> 0 | X12: REGRA PERMANENTE | AB12: =ROUNDDOWN($C$65/365,0) -> 0 | AC12: =IF($G$10="x",55-$N$11,IF($D$10="x",60-$N$11,0)) -> 0 | AD12: =IF(AND($AB$12<=0,$AC$12<=0),"NADA A CUMPRIR",IF($G$10="X",$I$147-$P$9,IF($D$10="X",$J$147-$P$9,"REVER TEMPO E/OU IDADE"))) -> NADA A CUMPRIR | AG12: =IF($K$2=$O$3,IF($E$2=$B$115,IF($AD$12<>"NADA A CUMPRIR","NÃO SATISFAZ TEMPO DE CONTRIBUIÇÃO E/OU IDADE","SATISFAZ TEMPO DE CONTRIBUIÇÃO E IDADE"),IF($AD$12<>"NADA A CUMPRIR","NÃO SATISFAZ TEMPO DE CONTRIBUIÇÃO E/OU IDADE","SATISFAZ TEMPO DE CONTRIBUIÇÃO E IDADE")),"NÃO É INTEGRAL DA REGRA PERMANENTE") -> NÃO É INTEGRAL DA REGRA PERMANENTE | AO12: =ROUNDDOWN($F$61/365,0) -> 0 | AP12: =$N$11 -> 0 | AQ12: =SUM(AO12:AP12) -> 0 | AR12: =IF(AND($E$70="atende limite mínimo de idade",$F$71="nada a cumprir"),"SATISFAZ TEMPO DE CONTRIBUIÇÃO E IDADE","NÃO SATISFAZ TEMPO DE CONTRIBUIÇÃO E/OU IDADE") -> NÃO SATISFAZ TEMPO DE CONTRIBUIÇÃO E/OU IDADE | BN12: INVALIDEZ INTEGRAL | BO12: Art. 40, §1º, I, da CR/88 (redação dada pela EC nº 41/03) | BP12: REVER FUNDAMENTAÇÃO E/OU MODALIDADE | BQ12: Art. 40, §1º, I, da CR/88 (redação dada pela EC nº 20/98) | BR12: REVER FUNDAMENTAÇÃO E/OU MODALIDADE | BS12: REVER FUNDAMENTAÇÃO E/OU MODALIDADE | BT12: REVER FUNDAMENTAÇÃO E/OU MODALIDADE | BU12: Art. 40, I, da CR/88 (redação original)
J13: TEMPO CARGO: | M13: =ROUNDDOWN($O$13/365,0) -> 0 | N13: =O13-(M13*365) -> 0 | O13: =IF($J$8=0,0,O$10-$J$8-$O$63-$O$61) -> 0 | P13: EC Nº 41/03 | Q13: 37986 | R13: =IF($H$19<37985,$H$19,37985) -> 0 | X13: REGRA PERM. MAGISTÉRIO | AB13: =$AB$12 -> 0 | AC13: =IF($G$10="x",50-$N$11,IF($D$10="x",55-$N$11,0)) -> 0 | AD13: =IF(AND($AB$13<0,$AC$13<0),"NADA A CUMPRIR",IF($G$10="X",$I$148-$P$9,IF($D$10="X",$J$148-$P$9,"REVER TEMPO E/OU IDADE"))) -> REVER TEMPO E/OU IDADE | AG13: =IF($K$2=$O$3,IF($E$2=$B$116,IF($AD$13<>"NADA A CUMPRIR","NÃO SATISFAZ TEMPO DE CONTRIBUIÇÃO E/OU IDADE","SATISFAZ TEMPO DE CONTRIBUIÇÃO E IDADE"),IF($AD$13<>"NADA A CUMPRIR","NÃO SATISFAZ TEMPO DE CONTRIBUIÇÃO E/OU IDADE","SATISFAZ TEMPO DE CONTRIBUIÇÃO E IDADE")),"NÃO É ESPECIAL DA REGRA PERMANENTE") -> NÃO É ESPECIAL DA REGRA PERMANENTE | AO13: =ROUNDDOWN($F$61/365,0) -> 0 | AP13: =$AP$12 -> 0 | AQ13: =SUM(AO13:AP13) -> 0 | AR13: =IF(AND($E$70="atende limite mínimo de idade",$F$71="nada a cumprir"),"SATISFAZ TEMPO DE CONTRIBUIÇÃO E IDADE","NÃO SATISFAZ TEMPO DE CONTRIBUIÇÃO E/OU IDADE") -> NÃO SATISFAZ TEMPO DE CONTRIBUIÇÃO E/OU IDADE | BN13: INVALIDEZ PROPORCIONAL | BO13: Art. 40, §1º, I, da CR/88 (redação dada pela EC nº 41/03) | BP13: REVER FUNDAMENTAÇÃO E/OU MODALIDADE | BQ13: Art. 40, §1º, I, da CR/88 (redação dada pela EC nº 20/98) | BR13: REVER FUNDAMENTAÇÃO E/OU MODALIDADE | BS13: REVER FUNDAMENTAÇÃO E/OU MODALIDADE | BT13: REVER FUNDAMENTAÇÃO E/OU MODALIDADE | BU13: Art. 40, I, da CR/88 (redação original)
B14: REDAÇÃO DADA PELA | D14: ='FICHA FUNCIONAL'!$I$29 -> 0 | E14: EMENDA Nº 20/98 | G14: ='FICHA FUNCIONAL'!$M$29 -> x | H14: EMENDA Nº 41/03 | J14: TEMPO CARREIRA: | M14: =ROUNDDOWN($O$14/365,0) -> 0 | N14: =O14-(M14*365) -> 0 | O14: =IF($J$9=0,0,O$10-$J$9-$O$63-$O$61) -> 0 | P14: CONSTITUIÇÃO FEDERAL | Q14: 32421 | X14: REGRA PERMANENTE_IDADE | AB14: =$AB$12 -> 0 | AC14: =IF($G$10="x",60-$N$11,IF($D$10="x",65-$N$11,0)) -> 0 | AD14: =IF(AND($AB$14<0,$AC$14<0),"NADA A CUMPRIR",$C$65) -> 0 | AG14: =IF($K$2=$O$3,IF($E$2=$B$117,IF($AD$13<>"NADA A CUMPRIR","NÃO SATISFAZ A IDADE E/OU TEMPO DE CONTRIBUIÇÃO","IDADE E TEMPO DE CONTRIBUIÇÃO SATISFEITOS"),IF($AD$13<>"NADA A CUMPRIR","NÃO SATISFAZ A IDADE E/OU TEMPO DE CONTRIBUIÇÃO","IDADE E TEMPO DE CONTRIBUIÇÃO SATISFEITOS")),"NÃO É VOLUNTÁRIA POR IDADE / REGRA PERMANENTE") -> NÃO É VOLUNTÁRIA POR IDADE / REGRA PERMANENTE | AO14: =ROUNDDOWN($F$61/365,0) -> 0 | AP14: =$AP$12 -> 0 | AR14: =IF(AND($E$70="atende limite mínimo de idade",$F$71="NÃO CABE"),"SATISFAZ TEMPO DE CONTRIBUIÇÃO E/OU IDADE","NÃO SATISFAZ TEMPO DE CONTRIBUIÇÃO E/OU IDADE") -> NÃO SATISFAZ TEMPO DE CONTRIBUIÇÃO E/OU IDADE | BN14: VOL. PROPORCIONAL T. CONTRIBUIÇÃO | BO14: REVER FUNDAMENTAÇÃO E/OU MODALIDADE | BP14: REVER FUNDAMENTAÇÃO E/OU MODALIDADE | BQ14: REVER FUNDAMENTAÇÃO E/OU MODALIDADE | BR14: Art. 8º, § 1º, da EC nº 20/98 c/c art. 3º da EC nº 41/03 | BS14: REVER FUNDAMENTAÇÃO E/OU MODALIDADE | BT14: REVER FUNDAMENTAÇÃO E/OU MODALIDADE | BU14: Art. 40, III, alínea "c", da CR/88 (redação original)
B15: ADICIONAL POR TEMPO DE SERVIÇO: | G15: ='MTS - MAPA DE TEMPO DE SERVIÇO'!$N$8 -> TRIÊNIO | J15: TEMPO DE SERVIÇO PÚBLICO: | M15: =ROUNDDOWN($O$15/365,0) -> 0 | N15: =O15-(M15*365) -> 0 | O15: =IF(AND('MTS - MAPA DE TEMPO DE SERVIÇO'!$N$35="SIM",'MTS - MAPA DE TEMPO DE SERVIÇO'!$N$51="SIM"),$O$16,IF(AND('MTS - MAPA DE TEMPO DE SERVIÇO'!$N$35="SIM",'MTS - MAPA DE TEMPO DE SERVIÇO'!$N$51="NÃO"),$O$17,IF(AND('MTS - MAPA DE TEMPO DE SERVIÇO'!$N$35="NÃO",'MTS - MAPA DE TEMPO DE SERVIÇO'!$N$51="SIM"),$O$18,IF(AND('MTS - MAPA DE TEMPO DE SERVIÇO'!$N$35="NÃO",'MTS - MAPA DE TEMPO DE SERVIÇO'!$N$51="NÃO"),$O$19,$O$16)))) -> 0 | P15: ADIN 609-6 - decisão TCE | Q15: 35915 | X15: TRANSIÇÃO EMENDA 20 | AB15: =$AB$12 -> 0 | AC15: =IF($G$10="x",48-$N$11,IF($D$10="x",53-$N$11,0)) -> 0 | AD15: =IF(AND($AB$15<0,$AC$15<0),"NADA A CUMPRIR",IF($G$10="X",$I$147-$P$9,IF($D$10="X",$J$147-$P$9,"REVER TEMPO E/OU IDADE"))) -> REVER TEMPO E/OU IDADE | AG15: =IF($K$2=$O$4,IF($E$2=$B$115,IF($AD$15<>"NADA A CUMPRIR","NÃO SATISFAZ A IDADE E/OU TEMPO DE CONTRIBUIÇÃO","IDADE E TEMPO DE CONTRIBUIÇÃO SATISFEITOS"),IF($AD$15<>"NADA A CUMPRIR","NÃO SATISFAZ A IDADE E/OU TEMPO DE CONTRIBUIÇÃO","IDADE E TEMPO DE CONTRIBUIÇÃO SATISFEITOS")),"NÃO É INTEGRAL - TRANSIÇÃO EMENDA 20") -> NÃO É INTEGRAL - TRANSIÇÃO EMENDA 20 | AO15: =ROUNDDOWN($F$61/365,0) -> 0 | AP15: =$AP$12 -> 0 | AQ15: =SUM(AO15:AP15) -> 0 | AR15: =IF(AND($E$70="atende limite mínimo de idade",$F$71="nada a cumprir"),"SATISFAZ TEMPO DE CONTRIBUIÇÃO E IDADE","NÃO SATISFAZ TEMPO DE CONTRIBUIÇÃO E/OU IDADE") -> NÃO SATISFAZ TEMPO DE CONTRIBUIÇÃO E/OU IDADE | BN15: VOLUNTÁRIA COM REDUTOR | BO15: REVER FUNDAMENTAÇÃO E/OU MODALIDADE | BP15: REVER FUNDAMENTAÇÃO E/OU MODALIDADE | BQ15: REVER FUNDAMENTAÇÃO E/OU MODALIDADE | BR15: REVER FUNDAMENTAÇÃO E/OU MODALIDADE | BS15: REVER FUNDAMENTAÇÃO E/OU MODALIDADE | BT15: Art. 2º da EC nº 41/03 | BU15: REVER FUNDAMENTAÇÃO E/OU MODALIDADE
O16: =IF($N$10<$Q$11,SUM($F$27:$F$34),IF($N$10<$Q$12,SUM($F$27:$F$34)+$H$51-$O$20,SUM($F$27:$F$34)+$H$51+$H$60-$O$22)) -> 0 | P16: APOSENTADORIA COMPULSÓRIA_CONDIÇÕES | X16: TRANS. EC Nº 20 MAGISTÉRIO | AB16: =$AB$12 -> 0 | AC16: =IF($G$10="x",48-$N$11,IF($D$10="x",53-$N$11,0)) -> 0 | AD16: =IF(AND($AB$16<0,$AC$16<0),"NADA A CUMPRIR",IF($G$10="X",$I$148-$P$9,IF($D$10="X",$J$148-$P$9,"REVER TEMPO E/OU IDADE"))) -> REVER TEMPO E/OU IDADE | AG16: =IF($K$2=$O$4,IF($E$2=$B$116,IF($AD$16<>"NADA A CUMPRIR","NÃO SATISFAZ A IDADE E/OU TEMPO DE CONTRIBUIÇÃO","IDADE E TEMPO DE CONTRIBUIÇÃO SATISFEITOS"),IF($AD$16<>"NADA A CUMPRIR","NÃO SATISFAZ A IDADE E/OU TEMPO DE CONTRIBUIÇÃO","IDADE E TEMPO DE CONTRIBUIÇÃO SATISFEITOS")),"NÃO É ESPECIAL - TRANSIÇÃO EMENDA 20/98") -> NÃO É ESPECIAL - TRANSIÇÃO EMENDA 20/98 | AO16: =ROUNDDOWN($F$61/365,0) -> 0 | AP16: =$AP$12 -> 0 | AQ16: =SUM(AO16:AP16) -> 0 | AR16: =IF(AND($E$70="atende limite mínimo de idade",$F$71="nada a cumprir"),"SATISFAZ TEMPO DE CONTRIBUIÇÃO E IDADE","NÃO SATISFAZ TEMPO DE CONTRIBUIÇÃO E/OU IDADE") -> NÃO SATISFAZ TEMPO DE CONTRIBUIÇÃO E/OU IDADE | BN16: VOLUNTÁRIA COM REDUTOR - MAGISTÉRIO | BO16: REVER FUNDAMENTAÇÃO E/OU MODALIDADE | BP16: REVER FUNDAMENTAÇÃO E/OU MODALIDADE | BQ16: REVER FUNDAMENTAÇÃO E/OU MODALIDADE | BR16: REVER FUNDAMENTAÇÃO E/OU MODALIDADE | BS16: REVER FUNDAMENTAÇÃO E/OU MODALIDADE | BT16: Art. 2º, § 4º, da EC nº 41/03 | BU16: REVER FUNDAMENTAÇÃO E/OU MODALIDADE
B17: DOCUMENTAÇÃO : | O17: =IF($N$10<$Q$11,SUM($F$27:$F$34),IF($N$10<$Q$12,SUM($F$27:$F$34)+$H$51-$O$20,SUM($F$27:$F$34)+$H$51-$O$20+$H$60)) -> 0 | P17: ADICIONAL POR TEMPO DE SERVIÇO | X17: TRANS. EC Nº 20_TEMPO SERVIÇO | AB17: =$AB$12 -> 0 | AC17: =IF($G$10="x",48-$N$11,IF($D$10="x",53-$N$11,0)) -> 0 | AD17: =IF(AND($AB$17<=0,$AC$17<=0),"NADA A CUMPRIR",IF($G$10="X",$I$148-$P$9,IF($D$10="X",$J$148-$P$9,"REVER TEMPO E/OU IDADE"))) -> NADA A CUMPRIR | AG17: =IF($K$2=$O$4,IF($E$2=$B$122,IF($AD$17<>"NADA A CUMPRIR","NÃO SATISFAZ TEMPO DE CONTRIBUIÇÃO E/OU IDADE","SATISFAZ TEMPO DE CONTRIBUIÇÃO E IDADE"),IF($AD$17<>"NADA A CUMPRIR","NÃO SATISFAZ TEMPO DE CONTRIBUIÇÃO E/OU IDADE","SATISFAZ TEMPO DE CONTRIBUIÇÃO E IDADE")),"NÃO É VOL. TEMPO. CONTRIBUIÇÃO - TRANSIÇÃO EMENDA 20/98") -> NÃO É VOL. TEMPO. CONTRIBUIÇÃO - TRANSIÇÃO EMENDA 20/98 | AO17: =ROUNDDOWN($F$61/365,0) -> 0 | AP17: =$AP$12 -> 0 | AQ17: =SUM(AO17:AP17) -> 0 | AR17: =IF(AND($E$70="atende limite mínimo de idade",$F$71="nada a cumprir"),"SATISFAZ TEMPO DE CONTRIBUIÇÃO E IDADE","NÃO SATISFAZ TEMPO DE CONTRIBUIÇÃO E/OU IDADE") -> NÃO SATISFAZ TEMPO DE CONTRIBUIÇÃO E/OU IDADE | BN17: INVALIDEZ (EMENDA Nº 70/2012) | BO17: Art. 40, §1º, I, da CR/88 (redação EC nº 41/03) c/c Art. 6º_A da EC nº 41/03 | BP17: REVER FUNDAMENTAÇÃO E/OU MODALIDADE | BQ17: REVER FUNDAMENTAÇÃO E/OU MODALIDADE | BR17: REVER FUNDAMENTAÇÃO E/OU MODALIDADE | BS17: REVER FUNDAMENTAÇÃO E/OU MODALIDADE | BT17: REVER FUNDAMENTAÇÃO E/OU MODALIDADE | BU17: REVER FUNDAMENTAÇÃO E/OU MODALIDADE
J18: DECLARAÇÃO DE ACUMULAÇÃO - FL | O18: =IF($N$10<$Q$11,SUM($F$27:$F$34),IF($N$10<$Q$12,SUM($F$27:$F$34)+$H$51,SUM($F$27:$F$34)+$H$51+$H$60-$O$21)) -> 0 | P18: IDADE (70 ANOS) | Q18: =70*365+18 -> 25568 | X18: TRANSIÇÃO_ART. 2º_EC41 | AB18: =$AB$12 -> 0 | AC18: =IF($G$10="x",48-$N$11,IF($D$10="x",53-$N$11,0)) -> 0 | AD18: =IF(AND($AB$18<0,$AC$18<0),"NADA A CUMPRIR",$F$71) -> NADA A CUMPRIR | AG18: =IF($K$2=$O$5,IF($E$2=$B$123,IF($AD$18<>"NADA A CUMPRIR","NÃO SATISFAZ A IDADE E/OU TEMPO DE CONTRIBUIÇÃO","IDADE E TEMPO DE CONTRIBUIÇÃO SATISFEITOS"),IF($AD$18<>"NADA A CUMPRIR","NÃO SATISFAZ A IDADE E/OU TEMPO DE CONTRIBUIÇÃO","IDADE E TEMPO DE CONTRIBUIÇÃO SATISFEITOS")),"NÃO É TRANSIÇÃO_ART. 2º DA EMENDA 41/03") -> NÃO É TRANSIÇÃO_ART. 2º DA EMENDA 41/03 | AO18: =ROUNDDOWN($F$61/365,0) -> 0 | AP18: =$AP$12 -> 0 | AQ18: =SUM(AO18:AP18) -> 0 | AR18: =IF(AND($E$70="atende limite mínimo de idade",$F$71="nada a cumprir"),"SATISFAZ TEMPO DE CONTRIBUIÇÃO E IDADE","NÃO SATISFAZ TEMPO DE CONTRIBUIÇÃO E/OU IDADE") -> NÃO SATISFAZ TEMPO DE CONTRIBUIÇÃO E/OU IDADE
B19: ATO CONCESSÓRIO | D19: FL. | F19: VALIDADE : | H19: ='FICHA FUNCIONAL'!E23 -> 0 | J19: AUTORIDADE COMPETENTE | O19: =IF($N$10<$Q$11,SUM($F$27:$F$34),IF($N$10<$Q$12,SUM($F$27:$F$34)+$H$51,SUM($F$27:$F$34)+$H$51+$H$60)) -> 0 | P19: IDADE VIVIDA EM DIAS | Q19: =$S$22 -> 0 | R19: =ROUND(Q20/365,0) -> 70 | X19: TRANSIÇÃO_ART. 6º_EC41 | AB19: =$AB$12 -> 0 | AC19: =IF($G$10="x",55-$N$11,IF($D$10="x",60-$N$11,0)) -> 0 | AD19: =IF(AND($AB$19<0,$AC$19<0),"NADA A CUMPRIR",IF($G$10="X",$I$147-$P$9,IF($D$10="X",$J$147-$P$9,"REVER TEMPO E/OU IDADE"))) -> REVER TEMPO E/OU IDADE | AG19: =IF($K$2=$O$6,IF($E$2=$B$115,IF($AD$19<>"NADA A CUMPRIR","NÃO SATISFAZ A IDADE E/OU TEMPO DE CONTRIBUIÇÃO","IDADE E TEMPO DE CONTRIBUIÇÃO SATISFEITOS"),IF($AD$19<>"NADA A CUMPRIR","NÃO SATISFAZ A IDADE E/OU TEMPO DE CONTRIBUIÇÃO","IDADE E TEMPO DE CONTRIBUIÇÃO SATISFEITOS")),"NÃO É INTEGRAL - TRANSIÇAO ART. 6º DA EC 41/03") -> NÃO É INTEGRAL - TRANSIÇAO ART. 6º DA EC 41/03 | AO19: =ROUNDDOWN($F$61/365,0) -> 0 | AP19: =$AP$12 -> 0 | AQ19: =SUM(AO19:AP19) -> 0 | AR19: =IF(AND($E$70="atende limite mínimo de idade",$F$71="nada a cumprir"),"SATISFAZ TEMPO DE CONTRIBUIÇÃO E IDADE","NÃO SATISFAZ TEMPO DE CONTRIBUIÇÃO E/OU IDADE") -> NÃO SATISFAZ TEMPO DE CONTRIBUIÇÃO E/OU IDADE
B20: APOSTILA_FIXAÇÃO | D20: FL. | F20: VALOR : | J20: SERVIDOR | O20: ='MTS - MAPA DE TEMPO DE SERVIÇO'!H42 -> 0 | P20: DIFERENÇA PARA 70 ANOS | Q20: =$Q$18-$Q$19 -> 25568 | R20: =IF(N11>=70,"O SERVIDOR JÁ ATINGIU A COMPULSÓRIA, DEVENDO SER APOSENTADO EM",IF(N11>=60,70-N11,"O SERVIDOR NÃO COMPLETOU 70 ANOS")) -> O SERVIDOR NÃO COMPLETOU 70 ANOS | X20: TRANS._ART. 6º_MAGISTÉRIO | AB20: =$AB$12 -> 0 | AC20: =IF($G$10="x",50-$N$11,IF($D$10="x",55-$N$11,0)) -> 0 | AD20: =IF(AND($AB$20<0,$AC$20<0),"NADA A CUMPRIR",IF($G$10="X",$I$147-$P$9,IF($D$10="X",$J$147-$P$9,"REVER TEMPO E/OU IDADE"))) -> REVER TEMPO E/OU IDADE | AG20: =IF($K$2=$O$6,IF($E$2=$B$116,IF($AD$20<>"NADA A CUMPRIR","NÃO SATISFAZ A IDADE E/OU TEMPO DE CONTRIBUIÇÃO","IDADE E TEMPO DE CONTRIBUIÇÃO SATISFEITOS"),IF($AD$20<>"NADA A CUMPRIR","NÃO SATISFAZ A IDADE E/OU TEMPO DE CONTRIBUIÇÃO","IDADE E TEMPO DE CONTRIBUIÇÃO SATISFEITOS")),"NÃO É ESPECIAL - TRANSIÇÃO ART. 6º DA EC 41/03") -> NÃO É ESPECIAL - TRANSIÇÃO ART. 6º DA EC 41/03 | AO20: =ROUNDDOWN($F$61/365,0) -> 0 | AP20: =$AP$12 -> 0 | AQ20: =SUM(AO20:AP20) -> 0 | AR20: =IF(AND($E$70="atende limite mínimo de idade",$F$71="nada a cumprir"),"SATISFAZ TEMPO DE CONTRIBUIÇÃO E IDADE","NÃO SATISFAZ TEMPO DE CONTRIBUIÇÃO E/OU IDADE") -> NÃO SATISFAZ TEMPO DE CONTRIBUIÇÃO E/OU IDADE
B21: REQUERIMENTO | D21: FL. | F21: PROTOCOLO NA ORIGEM - FL: | O21: ='MTS - MAPA DE TEMPO DE SERVIÇO'!H58 -> 0 | P21: DATA HOJE | Q21: =N10 -> - | X21: TRANSIÇÃO_EMENDA 47 | AB21: =$AB$12 -> 0 | AC21: =IF($G$10="x",$I$153-$N$11,IF($D$10="x",$J$153-$N$11,0)) -> 0 | AD21: =IF(AND($AB$21<0,$AC$21<0),"NADA A CUMPRIR",IF($G$10="X",$I$147-$P$9,IF($D$10="X",$J$147-$P$9,"REVER TEMPO E/OU IDADE"))) -> REVER TEMPO E/OU IDADE | AG21: =IF($K$2=$O$7,IF($AD$21<>"NADA A CUMPRIR","NÃO SATISFAZ A IDADE E/OU TEMPO DE CONTRIBUIÇÃO","IDADE E TEMPO DE CONTRIBUIÇÃO SATISFEITOS"),"NÃO É TRANSIÇÃO ART. 3º DA EC 47/05") -> NÃO É TRANSIÇÃO ART. 3º DA EC 47/05 | AO21: =ROUNDDOWN($F$61/365,0) -> 0 | AP21: =$AP$12 -> 0 | AQ21: =SUM(AO21:AP21) -> 0 | AR21: =IF($G$10="X",IF(AQ21>=$Z$7,"SATISFAZ TEMPO DE CONTRIBUIÇÃO E IDADE","NÃO SATISFAZ TEMPO DE CONTRIBUIÇÃO E/OU IDADE"),IF($D$10="X",IF(AQ21>=$Z$6,"SATISFAZ TEMPO DE CONTRIBUIÇÃO E IDADE","NÃO SATISFAZ TEMPO DE CONTRIBUIÇÃO E/OU IDADE"),"REVER")) -> REVER | AX21: =95*365 -> 34675 | AY21: =85*365 -> 31025
O22: =SUM(O20:O21) -> 0 | P22: DATA FUTURO | Q22: =SUM(Q20:Q21) -> 25568 | R22: =Q22 -> 25568 | S22: =IF($N$9=0,0,($N$10-$N$9+1)) -> 0 | X22: CONCLUSÃO_TEMPO X IDADE: | AB22: =IF(AND($K$2=$O$3,$E$2=$B$115),$AR$12,IF(AND($K$2=$O$3,$E$2=$B$116),$AR$13,IF(AND($K$2=$O$3,$E$2=$B$117),$AR$14,IF(AND($K$2=$O$4,E2=$B$115),$AR$15,IF(AND($K$2=$O$4,$E$2=$B$116),$AR$16,IF(AND($K$2=$O$5,$E$2=$B$123),$AR$18,IF(AND($K$2=$O$6,$E$2=$B$115),$AR$19,$AI$22))))))) -> NÃO SATISFAZ TEMPO DE CONTRIBUIÇÃO E/OU IDADE | AI22: =IF(AND($K$2=$O$6,$E$2=$B$116),$AR$20,IF(AND($K$2=$O$7,$E$2=$B$115),$AR$21,IF(AND($K$2=$O$4,$E$2=$B$122),$AR$17,IF(AND(K2=O2,OR(F71="NADA A CUMPRIR",F71="NÃO CABE")),"SATISFAZ TEMPO DE SERVIÇO E/OU IDADE",IF(OR(E2=B120,E2=B121),"EX OFFICIO",IF(AND(E2=B119,E70="ATENDE LIMITE MÍNIMO DE IDADE"),"SATISFAZ TEMPO DE CONTRIBUIÇÃO E/OU IDADE","NÃO SATISFAZ TEMPO DE CONTRIBUIÇÃO E/OU IDADE")))))) -> NÃO SATISFAZ TEMPO DE CONTRIBUIÇÃO E/OU IDADE
B23: TEMPO DE SERVIÇO: | P23: ORDEM | Q23: 1 | R23: 2 | S23: 3 | T23: 4 | U23: 5 | V23: 6 | W23: 7 | X23: 8 | Y23: 9 | Z23: 10 | AA23: 11 | AB23: 12 | AC23: 13 | AD23: 14 | AE23: 15 | AF23: 16 | AG23: 17 | AH23: 18 | AI23: 19 | AJ23: 20 | AK23: 21 | AL23: 22 | AM23: 23 | AN23: 24 | AO23: 25 | AP23: 26 | AQ23: 27 | AR23: 28 | AS23: 29 | AT23: 30 | AU23: 31 | AV23: 32 | AW23: 33 | AX23: 34 | AY23: 35
B25: DISCRIMINAÇÃO | C25: PERÍODO | E25: PERÍODO | F25: DIAS | G25: OBSERVAÇÃO | P25: ANUÊNIO - 1
B26: INSS | C26: ='MTS - MAPA DE TEMPO DE SERVIÇO'!D9 -> 0 | D26: a | E26: ='MTS - MAPA DE TEMPO DE SERVIÇO'!G9 -> 0 | F26: ='MTS - MAPA DE TEMPO DE SERVIÇO'!H9 -> 0 | G26: C.T.S. INSS - FLS.: | J26: ='MTS - MAPA DE TEMPO DE SERVIÇO'!K6 -> 0 | L26: OFÍCIO - FLS.: | N26: ='MTS - MAPA DE TEMPO DE SERVIÇO'!O6 -> 0 | P26: ANOS | Q26: 1 | R26: 2 | S26: 3 | T26: 4 | U26: 5 | V26: 6 | W26: 7 | X26: 8 | Y26: 9 | Z26: 10 | AA26: 11 | AB26: 12 | AC26: 13 | AD26: 14 | AE26: 15 | AF26: 16 | AG26: 17 | AH26: 18 | AI26: 19 | AJ26: 20 | AK26: 21 | AL26: 22 | AM26: 23 | AN26: 24 | AO26: 25 | AP26: 26 | AQ26: 27 | AR26: 28 | AS26: 29 | AT26: 30 | AU26: 31 | AV26: 32 | AW26: 33 | AX26: 34 | AY26: 35
B27: OUTROS PODERES | C27: ='MTS - MAPA DE TEMPO DE SERVIÇO'!D10 -> 0 | D27: a | E27: ='MTS - MAPA DE TEMPO DE SERVIÇO'!G10 -> 0 | F27: ='MTS - MAPA DE TEMPO DE SERVIÇO'!H10 -> 0 | G27: C.T.S. / M.T.S. - FLS.: | J27: ='MTS - MAPA DE TEMPO DE SERVIÇO'!#REF! -> #REF! | L27: OFÍCIO - FLS.: | N27: ='MTS - MAPA DE TEMPO DE SERVIÇO'!O7 -> 0 | P27: ATS % | Q27: 0.01 | R27: 0.02 | S27: 0.03 | T27: 0.04 | U27: 0.05 | V27: 0.06 | W27: 0.07 | X27: 0.08 | Y27: 0.09 | Z27: 0.1 | AA27: 0.11 | AB27: 0.12 | AC27: 0.13 | AD27: 0.14 | AE27: 0.15 | AF27: 0.16 | AG27: 0.17 | AH27: 0.18 | AI27: 0.19 | AJ27: 0.2 | AK27: 0.21 | AL27: 0.22 | AM27: 0.23 | AN27: 0.24 | AO27: 0.25 | AP27: 0.26 | AQ27: 0.27 | AR27: 0.28 | AS27: 0.29 | AT27: 0.3 | AU27: 0.31 | AV27: 0.32 | AW27: 0.33 | AX27: 0.34 | AY27: 0.35
B28: OUTROS PODERES | C28: ='MTS - MAPA DE TEMPO DE SERVIÇO'!D11 -> 0 | D28: a | E28: ='MTS - MAPA DE TEMPO DE SERVIÇO'!G11 -> 0 | F28: =IF(C28=0,0,IF(E28=0,0,E28-C28+1)) -> 0 | G28: C.T.S. / M.T.S. - FLS.: | J28: ='MTS - MAPA DE TEMPO DE SERVIÇO'!#REF! -> #REF! | L28: OFÍCIO - FLS.: | N28: ='MTS - MAPA DE TEMPO DE SERVIÇO'!O8 -> 0
B29: FORÇAS ARMADAS | C29: ='MTS - MAPA DE TEMPO DE SERVIÇO'!D12 -> 0 | D29: a | E29: ='MTS - MAPA DE TEMPO DE SERVIÇO'!G12 -> 0 | F29: ='MTS - MAPA DE TEMPO DE SERVIÇO'!H12 -> 0 | G29: C.T.S. / M.T.S. - FLS.: | J29: ='MTS - MAPA DE TEMPO DE SERVIÇO'!K9 -> 0 | P29: ANUÊNIO - 2 | Q29: 1 | R29: 2 | S29: 3 | T29: 4 | U29: 5 | V29: 6 | W29: 7 | X29: 8 | Y29: 9 | Z29: 10 | AA29: 11 | AB29: 12 | AC29: 13 | AD29: 14 | AE29: 15 | AF29: 16 | AG29: 17 | AH29: 18 | AI29: 19 | AJ29: 20 | AK29: 21 | AL29: 22 | AM29: 23 | AN29: 24 | AO29: 25 | AP29: 26 | AQ29: 27 | AR29: 28 | AS29: 29 | AT29: 30
B30: ÓRGÃO ORIGEM | C30: ='MTS - MAPA DE TEMPO DE SERVIÇO'!D13 -> 0 | D30: a | E30: ='MTS - MAPA DE TEMPO DE SERVIÇO'!G13 -> 0 | F30: ='MTS - MAPA DE TEMPO DE SERVIÇO'!H13 -> 0 | G30: C.T.S. / M.T.S. - FLS.: | J30: ='MTS - MAPA DE TEMPO DE SERVIÇO'!K10 -> 0 | P30: ATS % | Q30: 0.015 | R30: 0.03 | S30: 0.045 | T30: 0.06 | U30: 0.075 | V30: 0.09 | W30: 0.105 | X30: 0.12 | Y30: 0.135 | Z30: 0.15 | AA30: 0.165 | AB30: 0.18 | AC30: 0.195 | AD30: 0.21 | AE30: 0.225 | AF30: 0.24 | AG30: 0.255 | AH30: 0.27 | AI30: 0.285 | AJ30: 0.3 | AK30: 0.315 | AL30: 0.33 | AM30: 0.345 | AN30: 0.36 | AO30: 0.375 | AP30: 0.39 | AQ30: 0.405 | AR30: 0.42 | AS30: 0.435 | AT30: 0.45
B31: ÓRGÃO ORIGEM | C31: ='MTS - MAPA DE TEMPO DE SERVIÇO'!D14 -> 0 | D31: a | E31: ='MTS - MAPA DE TEMPO DE SERVIÇO'!G14 -> 0 | F31: =IF(C31=0,0,IF(E31=0,0,E31-C31+1))-N31 -> 0 | J31: FALTAS / LICENÇA SEM VCTOS : | N31: ='MTS - MAPA DE TEMPO DE SERVIÇO'!H19+'MTS - MAPA DE TEMPO DE SERVIÇO'!H20 -> 0
B32: ÓRGÃO ORIGEM | C32: ='MTS - MAPA DE TEMPO DE SERVIÇO'!D15 -> 0 | D32: a | E32: ='MTS - MAPA DE TEMPO DE SERVIÇO'!G15 -> 0 | F32: ='MTS - MAPA DE TEMPO DE SERVIÇO'!H15 -> 0 | H32: =SUM(F26:F32)+F33+F34 -> 0 | J32: =ROUNDDOWN(H32/365,0) -> 0 | K32: anos e | L32: =(H32/365-J32)*365 -> 0 | M32: dias. | P32: ANUÊNIO - 3 | Q32: 1 | R32: 2 | S32: 3 | T32: 4 | U32: 5 | V32: 6 | W32: 7 | X32: 8 | Y32: 9 | Z32: 10 | AA32: 11 | AB32: 12 | AC32: 13 | AD32: 14 | AE32: 15 | AF32: 16
B33: LICENÇA ESPECIAL | C33: PERÍODOS | E33: ='MTS - MAPA DE TEMPO DE SERVIÇO'!G16 -> 0 | F33: =IF(E6=B208,O80,IF(E33=0,0,E33*2*90)) -> 0 | G33: Licença especial não gozada e computada em dobro. | N33: =SUM(F27:F33) -> 0 | O33: =SUM($F$27:$F$33)+$G$46 -> 0 | P33: ATS % | Q33: 0.1 | R33: 0.12 | S33: 0.14 | T33: 0.16 | U33: 0.18 | V33: 0.2 | W33: 0.22 | X33: 0.24 | Y33: 0.26 | Z33: 0.28 | AA33: 0.3 | AB33: 0.32 | AC33: 0.34 | AD33: 0.36 | AE33: 0.38 | AF33: 0.4
B34: FÉRIAS EM DOBRO | C34: ANOS | E34: ='MTS - MAPA DE TEMPO DE SERVIÇO'!G17 -> 0 | F34: =IF(E34=0,0,E34*2*30) -> 0 | G34: Férias não gozadas e computadas em dobro. | N34: =ROUNDDOWN(N33/365,0) -> 0 | O34: =ROUNDDOWN($O$33/365,0) -> 0
A35: 32421 | B35: BÔNUS ESPECIAL | F35: =IF(K2=O4,N35,IF(K2=O5,M35,0)) -> 0 | G35: Acréscimo constitucional para professores (EC 20/98 e EC 41/03). | M35: =IF(E2=B123,IF(D12="X",IF(G10="X",ROUNDDOWN(SUM(F26:F34)*0.2,0),ROUNDDOWN(SUM(F26:F34)*0.17,0)),0),0) -> 0 | N35: =IF(E2="VOLUNTÁRIA ESPECIAL",IF(D12="X",IF(G10="X",ROUNDDOWN(SUM(F26:F34)*0.2,0),ROUNDDOWN(SUM(F26:F34)*0.17,0)),0),0) -> 0 | P35: ANUÊNIO - 4 | Q35: 1 | R35: 2 | S35: 3 | T35: 4 | U35: 5 | V35: 6 | W35: 7 | X35: 8 | Y35: 9 | Z35: 10 | AA35: 11 | AB35: 12 | AC35: 13 | AD35: 14 | AE35: 15 | AF35: 16 | AG35: 17 | AH35: 18 | AI35: 19 | AJ35: 20 | AK35: 21 | AL35: 22 | AM35: 23 | AN35: 24 | AO35: 25 | AP35: 26 | AQ35: 27 | AR35: 28 | AS35: 29 | AT35: 30 | AU35: 31 | AV35: 32 | AW35: 33 | AX35: 34 | AY35: 35
A36: 34298 | B36: Subtotal | G36: Computando os tempos fictos, até a data da publicação da EC 20 | P36: ATS % | Q36: 0 | R36: 0 | S36: 0.02 | T36: 0.04 | U36: 0.06 | V36: 0.08 | W36: 0.1 | X36: 0.12 | Y36: 0.14 | Z36: 0.16 | AA36: 0.18 | AB36: 0.2 | AC36: 0.22 | AD36: 0.24 | AE36: 0.26 | AF36: 0.28 | AG36: 0.3 | AH36: 0.32 | AI36: 0.34 | AJ36: 0.36 | AK36: 0.38 | AL36: 0.4 | AM36: 0.42 | AN36: 0.44 | AO36: 0.46 | AP36: 0.48 | AQ36: 0.5 | AR36: 0.52 | AS36: 0.54 | AT36: 0.56 | AU36: 0.58 | AV36: 0.6 | AW36: 0.62 | AX36: 0.64 | AY36: 0.66
A37: 36144 | B37: ANTERIOR | C37: =IF(C38<36145,C38,0) -> 0 | D37: a | E37: =IF(E38<>0,IF(E38<36145,E38,"REVER"),0) -> 0 | F37: =IF(E37<=A37,IF(F38<>0,SUM(F26:F35),0),0) -> 0 | G37: de | H37: =E38 -> 0 | I37: , o servidor totalizava | K37: =ROUNDDOWN(F37/365,0) -> 0 | L37: anos e | M37: =(F37/365-K37)*365 -> 0 | N37: dias.
B38: EMENDA 20/98 | C38: =IF(C26>0,C26,IF(C27>0,C27,IF(C28>0,C28,IF(C29>0,C29,IF(C30>0,C30,IF(C31>0,C31,IF(C32>0,C32,0))))))) -> 0 | E38: =MAX(E26:E32) -> 0 | F38: =MAX(F26:F32) -> 0 | G38: não podendo se aposentar pela legislação então vigente. | P38: TRIÊNIOS | Q38: 1 - RJ
B39: EC 20/98 | C39: =IF(C45>=36145,C45,"REVER") -> REVER | E39: =IF(E46<=38036,E46,"REVER") -> REVER | P39: TRI - RJ | Q39: 3 | R39: 6 | S39: 9 | T39: 12 | U39: 15 | V39: 18 | W39: 21 | X39: 24 | Y39: 27 | Z39: 30 | AA39: 33 | AB39: 36
B40: COMPLEMENTAÇÃO NECESSÁRIA | P40: ATS % | Q40: 0.1 | R40: 0.15 | S40: 0.2 | T40: 0.25 | U40: 0.3 | V40: 0.35 | W40: 0.4 | X40: 0.45 | Y40: 0.5 | Z40: 0.55 | AA40: 0.6 | AB40: 0.65
B41: DADOS | C41: =IF(E41>0,IF(E2=B115,E41,IF(E2=B116,E41,IF(E2=B122,E41,))),0) -> 0 | D41: =IF(E41>0,IF(K2=O5,IF(E2=B123,E41,0)),0) -> FALSE | E41: =IF($E$2=B122,IF($G$10="X",(25*365)-$F$37,(30*365)-$F$37),IF($G$10="X",(30*365)-$F$37,(35*365)-$F$37)) -> 12775 | G41: TEMPO CONVERTIDO
A42: =IF($K$2=$O$2,0,IF($K$2=$O$3,IF($E$46<$Q$12,IF($D$14="x",$A$44,IF($G$14="x",$A$44,0)),0),$A$44)) -> 0 | B42: FALTAVAM : | E42: =IF(N8<Q11,IF(K2=O4,C41,IF(K2=O5,D41,0)),0) -> 0 | F42: DIAS | H42: =IF(E42>0,IF(K2=O4,"HÁ PEDÁGIO A CUMPRIR",IF(K2=O5,IF(E2=B123,"HÁ PEDÁGIO A CUMPRIR",E70))),"NÃO HÁ PEDÁGIO A CUMPRIR") -> NÃO HÁ PEDÁGIO A CUMPRIR | K42: =IF(E41>0,ROUNDDOWN(E41/365,0),0) -> 35 | L42: anos e | M42: =(E41/365-K42)*365 -> 0 | N42: dias. | P42: TRIÊNIOS - 2 | Q42: 3 | R42: 6 | S42: 9 | T42: 12 | U42: 15 | V42: 18 | W42: 21 | X42: 24 | Y42: 27 | Z42: 30 | AA42: 33 | AB42: 36 | AC42: 39 | AD42: 42 | AE42: 45 | AF42: 48 | AG42: 51
A43: =IF($K$2=$O$2,0,IF($K$2=$O$4,IF($E$46<$Q$13,$A$44,0),$A$44)) -> 0 | B43: PEDÁGIO : | E43: =IF(E42>0,IF(E2=B122,ROUNDUP(E42*0.4,0),ROUNDUP(E42*0.2,0)),0) -> 0 | H43: =ROUNDDOWN(E43/365,0) -> 0 | I43: anos | J43: =ROUNDDOWN(O43/30,0) -> 0 | K43: meses e | M43: =O43-(J43*30) -> 0 | N43: dias. | O43: =(E43/365-H43)*365 -> 0 | P43: ATS % | Q43: 0.03 | R43: 0.06 | S43: 0.09 | T43: 0.12 | U43: 0.15 | V43: 0.18 | W43: 0.21 | X43: 0.24 | Y43: 0.27 | Z43: 0.3 | AA43: 0.33 | AB43: 0.36 | AC43: 0.39 | AD43: 0.42 | AE43: 0.45 | AF43: 0.48 | AG43: 0.51
A44: =IF(AND(C45>=Q11,E46<Q12),E46-C45+1,IF(F47<>0,F47,0)) -> 0 | B44: T. COMPLEMENTAR | E44: =IF(E42>0,E42+E43,0) -> 0 | H44: =ROUNDDOWN(E44/365,0) -> 0 | I44: anos | J44: =ROUNDDOWN(O44/30,0) -> 0 | K44: meses e | M44: =O44-(J44*30) -> 0 | N44: dias. | O44: =(E44/365-H44)*365 -> 0
A45: =IF($C$45="REVER",0,IF($E$46="REVER",0,$F$46)) -> 0 | B45: TEMPO APÓS | C45: =IF(C51<>0,IF(AND(C51>=36145,C51<38037),C51,"REVER"),0) -> 0 | D45: a | E45: =IF('MTS - MAPA DE TEMPO DE SERVIÇO'!$G$46<CRÍTICA_IGP1!$E$46,'MTS - MAPA DE TEMPO DE SERVIÇO'!$G$46,$E$46) -> 0 | F45: =IF(E45<=E46,F46,G46) -> 0 | G45: Período computado após a EC 20/98. | K45: =ROUNDDOWN($F$45/365,0) -> 0 | L45: anos e | M45: =($F$45/365-K45)*365 -> 0 | N45: dias. | P45: TRIÊNIOS - 3 | Q45: 3 | R45: 6 | S45: 9 | T45: 12 | U45: 15 | V45: 18 | W45: 21 | X45: 24 | Y45: 27 | Z45: 30 | AA45: 33 | AB45: 36
E46: =IF(AND($E$51<>0,'FICHA FUNCIONAL'!$E$23>=36145),IF(AND($E$51>=36145,$E$51<38037),IF(AND($K$2=$O$3,$G$14="X"),$I$46,IF($K$2=$O$4,$H$46,$E$51)),"REVER"),"REVER") -> REVER | F46: =IF(AND(C45<>"rever",E46<>"rever"),SUM(F47:F50),0) -> 0 | G46: =IF(OR(E45=0,K2=O2),0,IF(K2=O3,A42,IF(K2=O4,A43,A44))) -> 0 | H46: =IF(AND($E$51>=36145,$E$51<=37985),$E$51,"REVER") -> REVER | I46: =IF(AND($E$51>=36145,$E$51<38037),$E$51,"REVER") -> REVER | P46: ATS % | Q46: 0.08 | R46: 0.16 | S46: 0.26 | T46: 0.36 | U46: 0.46 | V46: 0.56 | W46: 0.66 | X46: 0.76 | Y46: 0.86 | Z46: 0.96 | AA46: 1.06 | AB46: 1.16
B47: INSS | C47: ='MTS - MAPA DE TEMPO DE SERVIÇO'!D37 -> 0 | D47: a | E47: ='MTS - MAPA DE TEMPO DE SERVIÇO'!G37 -> 0 | F47: ='MTS - MAPA DE TEMPO DE SERVIÇO'!H37 -> 0 | G47: C.T.S. INSS - FLS.: | J47: ='MTS - MAPA DE TEMPO DE SERVIÇO'!K27 -> 0 | L47: OFÍCIO - FLS.: | N47: ='MTS - MAPA DE TEMPO DE SERVIÇO'!O27 -> 0
B48: OUTROS PODERES | C48: ='MTS - MAPA DE TEMPO DE SERVIÇO'!D38 -> 0 | D48: a | E48: ='MTS - MAPA DE TEMPO DE SERVIÇO'!G38 -> 0 | F48: =IF(C48=0,0,IF(E48=0,0,E48-C48+1)) -> 0 | G48: C.T.S. / M.T.S. - FLS.: | J48: ='MTS - MAPA DE TEMPO DE SERVIÇO'!K28 -> 0 | P48: TRIÊNIOS - 4 | Q48: 3 | R48: 6 | S48: 9 | T48: 12 | U48: 15 | V48: 18 | W48: 21 | X48: 24 | Y48: 27 | Z48: 30 | AA48: 33 | AB48: 36 | AC48: 39 | AD48: 42 | AE48: 45 | AF48: 48 | AG48: 51 | AH48: 54 | AI48: 57 | AJ48: 60
B49: ÓRGÃO ORIGEM | C49: ='MTS - MAPA DE TEMPO DE SERVIÇO'!D39 -> 0 | D49: a | E49: ='MTS - MAPA DE TEMPO DE SERVIÇO'!G39 -> 0 | F49: =IF(C49=0,0,IF(E49=0,0,E49-C49+1-N50)) -> 0 | G49: C.T.S. / M.T.S. - FLS.: | J49: ='MTS - MAPA DE TEMPO DE SERVIÇO'!K29 -> anos | P49: ATS % | Q49: 0.05 | R49: 0.1 | S49: 0.15 | T49: 0.2 | U49: 0.25 | V49: 0.3 | W49: 0.35 | X49: 0.4 | Y49: 0.45 | Z49: 0.5 | AA49: 0.55 | AB49: 0.6 | AC49: 0.65 | AD49: 0.7 | AE49: 0.75 | AF49: 0.8 | AG49: 0.85 | AH49: 0.9 | AI49: 0.95 | AJ49: 1
B50: ÓRGÃO ORIGEM | C50: ='MTS - MAPA DE TEMPO DE SERVIÇO'!D40 -> 0 | D50: a | E50: ='MTS - MAPA DE TEMPO DE SERVIÇO'!I45 -> 25567 | F50: ='MTS - MAPA DE TEMPO DE SERVIÇO'!H40 -> 0 | J50: FALTAS / LICENÇA SEM VCTOS : | N50: =IF(AND('MTS - MAPA DE TEMPO DE SERVIÇO'!H42<>0,'MTS - MAPA DE TEMPO DE SERVIÇO'!N35="SIM"),'MTS - MAPA DE TEMPO DE SERVIÇO'!H41,'MTS - MAPA DE TEMPO DE SERVIÇO'!H41+'MTS - MAPA DE TEMPO DE SERVIÇO'!H42) -> 0
C51: =IF($C$47>0,$C$47,IF($C$48>0,$C$48,IF($C$49>0,$C$49,IF($C$50>0,$C$50,0)))) -> 0 | E51: =MAX(E47:E50) -> 25567 | H51: =SUM($F$48:$F$50) -> 0 | I51: TS ÓRGÃO | J51: =SUM(F49:F50) -> 0 | P51: TRIÊNIOS - 5 | Q51: 3 | R51: 6 | S51: 9 | T51: 12 | U51: 15 | V51: 18 | W51: 21 | X51: 24 | Y51: 27 | Z51: 30 | AA51: 33 | AB51: 36
A52: =IF(OR(K2=O2,K2=O4),0,IF(K2=O3,IF(D14="X",0,IF(G14="X",A59,0)),A59)) -> 0 | B52: SUBTOTAL APÓS EC 20/98 | D52: =IF(C39="REVER",C39,IF(E39="REVER",E39,"PERÍODO OK")) -> REVER | F52: =F37+F45 -> 0 | H52: =ROUNDDOWN(F52/365,0) -> 0 | I52: anos e | J52: =(F52/365-H52)*365 -> 0 | K52: dias. | P52: ATS % | Q52: 0.1 | R52: 0.15 | S52: 0.2 | T52: 0.25 | U52: 0.28 | V52: 0.31 | W52: 0.34 | X52: 0.37 | Y52: 0.4
B54: INSS | C54: ='MTS - MAPA DE TEMPO DE SERVIÇO'!D53 -> 0 | D54: a | E54: ='MTS - MAPA DE TEMPO DE SERVIÇO'!G53 -> 0 | F54: ='MTS - MAPA DE TEMPO DE SERVIÇO'!H53 -> 0 | G54: C.T.S. INSS - FLS.: | J54: ='MTS - MAPA DE TEMPO DE SERVIÇO'!K34 -> 0 | L54: OFÍCIO - FLS.: | N54: ='MTS - MAPA DE TEMPO DE SERVIÇO'!O34 -> 0 | P54: TRIÊNIOS - 6 | Q54: 3 | R54: 4 | S54: 5 | T54: 6 | U54: 7 | V54: 8 | W54: 9 | X54: 10 | Y54: 11 | Z54: 12 | AA54: 13 | AB54: 14 | AC54: 15 | AD54: 16 | AE54: 17 | AF54: 18 | AG54: 19 | AH54: 20 | AI54: 21 | AJ54: 22 | AK54: 23 | AL54: 24 | AM54: 25 | AN54: 26 | AO54: 27 | AP54: 28 | AQ54: 29 | AR54: 30
B55: OUTROS PODERES | C55: ='MTS - MAPA DE TEMPO DE SERVIÇO'!D54 -> 0 | D55: a | E55: ='MTS - MAPA DE TEMPO DE SERVIÇO'!G54 -> 0 | F55: =IF(C55=0,0,IF(E55=0,0,E55-C55+1)) -> 0 | G55: C.T.S. / M.T.S. - FLS.: | J55: ='MTS - MAPA DE TEMPO DE SERVIÇO'!K35 -> 0 | P55: ATS % | Q55: 0.03 | R55: 0.04 | S55: 0.05 | T55: 0.06 | U55: 0.07 | V55: 0.08 | W55: 0.09 | X55: 0.1 | Y55: 0.11 | Z55: 0.12 | AA55: 0.13 | AB55: 0.14 | AC55: 0.15 | AD55: 0.16 | AE55: 0.17 | AF55: 0.18 | AG55: 0.19 | AH55: 0.2 | AI55: 0.21 | AJ55: 0.22 | AK55: 0.23 | AL55: 0.24 | AM55: 0.25 | AN55: 0.26 | AO55: 0.27 | AP55: 0.28 | AQ55: 0.29 | AR55: 0.3
B56: ÓRGÃO ORIGEM | C56: ='MTS - MAPA DE TEMPO DE SERVIÇO'!D55 -> 0 | D56: a | E56: ='MTS - MAPA DE TEMPO DE SERVIÇO'!G55 -> 0 | F56: =IF(C56=0,0,IF(E56=0,0,E56-C56+1)) -> 0 | G56: C.T.S. / M.T.S. - FLS.: | J56: ='MTS - MAPA DE TEMPO DE SERVIÇO'!K36 -> 0
B57: ÓRGÃO ORIGEM | C57: ='MTS - MAPA DE TEMPO DE SERVIÇO'!D56 -> 0 | D57: a | E57: ='MTS - MAPA DE TEMPO DE SERVIÇO'!G56 -> 0 | F57: ='MTS - MAPA DE TEMPO DE SERVIÇO'!H56 -> 0 | J57: FALTAS / LICENÇA SEM VCTOS : | N57: =IF(AND('MTS - MAPA DE TEMPO DE SERVIÇO'!H58<>0,'MTS - MAPA DE TEMPO DE SERVIÇO'!N51="SIM"),'MTS - MAPA DE TEMPO DE SERVIÇO'!H57,'MTS - MAPA DE TEMPO DE SERVIÇO'!H57+'MTS - MAPA DE TEMPO DE SERVIÇO'!H58) -> 0 | P57: TRIÊNIOS - 7 | Q57: 3 | R57: 6 | S57: 9 | T57: 12 | U57: 15 | V57: 18 | W57: 21 | X57: 24 | Y57: 27 | Z57: 30 | AA57: 33
C58: =IF(C54>0,C54,IF(C55>0,C55,IF(C56>0,C56,IF(C57>0,C57,"REVER")))) -> REVER | E58: =IF(E57>0,E57,IF(E56>0,E56,IF(E55>0,E55,IF(E54>0,E54,"REVER")))) -> REVER | P58: ATS % | Q58: 0.1 | R58: 0.14 | S58: 0.18 | T58: 0.22 | U58: 0.25 | V58: 0.3 | W58: 0.32 | X58: 0.35 | Y58: 0.4 | Z58: 0.45 | AA58: 0.5
A59: =IF(OR(C59="REVER",E59="REVER"),IF(F54<>0,F54,SUM(F54:F57)),SUM(F54:F57)) -> 0 | B59: TEMPO APÓS EC 41 | C59: =IF($C$58>=38037,$C$58,"REVER") -> REVER | D59: a | E59: =IF($E$58>=38037,$E$58,"REVER") -> REVER | F59: =IF(C59>=Q12,A52,0) -> 0 | G59: Periodo computado após a EC 20/98. | K59: =ROUNDDOWN(F59/365,0) -> 0 | L59: anos e | M59: =(F59/365-K59)*365 -> 0 | N59: dias. | O59: =SUM(F27:F33)+H51+H60 -> 0
F60: TS PÚBLICO APÓS 19/02/04 (EC 41) | H60: =SUM($F$55:$F$57) -> 0 | I60: TS ÓRGÃO | J60: =SUM(F56:F57) -> 0 | O60: =ROUNDDOWN(O59/365,0) -> 0 | P60: TRIÊNIOS - 8 | Q60: 3 | R60: 6 | S60: 9 | T60: 12 | U60: 15 | V60: 18 | W60: 21 | X60: 24 | Y60: 27 | Z60: 30 | AA60: 33 | AB60: 34 | AC60: 35
B61: TOTAL GERAL | D61: =IF(C59="REVER",C59,IF(E59="REVER",E59,"OK")) -> REVER | F61: =F52+F59 -> 0 | H61: =ROUNDDOWN(F61/365,0) -> 0 | I61: anos e | J61: =(F61/365-H61)*365 -> 0 | K61: dias. | O61: =IF($N$10<$Q$11,'MTS - MAPA DE TEMPO DE SERVIÇO'!$H$19,IF($N$10<$Q$13,'MTS - MAPA DE TEMPO DE SERVIÇO'!H19+'MTS - MAPA DE TEMPO DE SERVIÇO'!H41,IF($N$10<$Q$12,'MTS - MAPA DE TEMPO DE SERVIÇO'!H19+'MTS - MAPA DE TEMPO DE SERVIÇO'!H41,'MTS - MAPA DE TEMPO DE SERVIÇO'!$H$19+'MTS - MAPA DE TEMPO DE SERVIÇO'!$H$41+'MTS - MAPA DE TEMPO DE SERVIÇO'!$H$57))) -> 0 | P61: ATS % | Q61: 0.03 | R61: 0.06 | S61: 0.09 | T61: 0.12 | U61: 0.15 | V61: 0.18 | W61: 0.21 | X61: 0.24 | Y61: 0.27 | Z61: 0.3 | AA61: 0.33 | AB61: 0.34 | AC61: 0.35
B63: TEMPO FALTANTE A CUMPRIR : | J63: TEMPO CONVERTIDO | O63: =IF($N$10<$Q$11,'MTS - MAPA DE TEMPO DE SERVIÇO'!$H$20,IF($N$10<$Q$13,'MTS - MAPA DE TEMPO DE SERVIÇO'!$H$20+'MTS - MAPA DE TEMPO DE SERVIÇO'!$H$42,IF($N$10<$Q$12,'MTS - MAPA DE TEMPO DE SERVIÇO'!$H$20+'MTS - MAPA DE TEMPO DE SERVIÇO'!$H$42,'MTS - MAPA DE TEMPO DE SERVIÇO'!$H$20+'MTS - MAPA DE TEMPO DE SERVIÇO'!$H$42+'MTS - MAPA DE TEMPO DE SERVIÇO'!$H$58))) -> 0 | P63: TRI - 9 | Q63: 3 | R63: 6 | S63: 9 | T63: 12 | U63: 15 | V63: 18 | W63: 21 | X63: 24 | Y63: 27 | Z63: 30 | AA63: 33
C64: =IF($E$2=$B$117,"NÃO CABE",IF($E$2=$B$119,"NÃO CABE",IF($E$2=$B$120,"NÃO CABE",IF($E$2=$B$121,"NÃO CABE",IF($C$65>0,$C$65,"NADA A CUMPRIR"))))) -> NADA A CUMPRIR | H64: =IF($C$64="NÃO CABE",0,IF($C$65>0,ROUNDDOWN($C$65/365,0),0)) -> 0 | I64: anos e | J64: =IF($C$64="NÃO CABE",0,IF($C$65>0,($C$65/365-H64)*365,0)) -> 0 | K64: dias. | O64: EC47/41/20 | P64: ATS % | Q64: 0.1 | R64: 0.16 | S64: 0.22 | T64: 0.28 | U64: 0.34 | V64: 0.4 | W64: 0.46 | X64: 0.52 | Y64: 0.58 | Z64: 0.64 | AA64: 0.7
C65: =VLOOKUP(K2,P86:AF93,2,FALSE) -> 0 | E65: =VLOOKUP(K2,P86:AF93,17,FALSE) -> #VALUE! | H65: =IF($C$64="NÃO CABE",0,IF($C$65>0,ROUNDDOWN($C$65/365,0),0)) -> 0 | I65: anos | J65: =ROUNDDOWN(N66/30,0) -> 0 | K65: meses e | M65: =N66-(J65*30) -> 0 | N65: dias. | O65: EC41/20
N66: =IF($C$64="NÃO CABE",0,IF($C$65>0,($C$65/365-$H$65)*365,0)) -> 0 | O66: EC41 | P66: TRI - 10 | Q66: 3 | R66: 6 | S66: 9 | T66: 12 | U66: 15 | V66: 18 | W66: 21 | X66: 24
B67: SINTESE: | C67: ADICIONAL POR TEMPO DE SERVIÇO | I67: =IF($O$10=0,0,IF($G$15=$O$68,$O$67,"REVER TIPO DE ADICIONAL")) -> 0 | O67: =IF($O$10<$D$156,VLOOKUP($E$6,$B$157:$Q$254,3,FALSE),IF($O$10<$E$156,VLOOKUP($E$6,$B$157:$Q$254,4,FALSE),VLOOKUP($E$6,$B$157:$Q$254,5,FALSE))) -> 0 | P67: ATS % | Q67: 0.05 | R67: 0.1 | S67: 0.15 | T67: 0.25 | U67: 0.35 | V67: 0.45 | W67: 0.55 | X67: 0.65
B68: ADMISSÃO : | C68: =IF(N8=0,"FALTA DATA",IF(N8>=Q14,"APÓS CF/88: CONCURSO?","ANTERIOR CF/88")) -> FALTA DATA | K68: TP CARGO: | N68: =IF($K$2=$O$3,$Q$4,IF($K$2=$O$4,$R$4,IF($K$2=$O$5,$T$4,IF($K$2=$O$6,$S$4,IF($K$2=$O$7,$U$4,"NÃO CABE"))))) -> NÃO CABE | O68: =VLOOKUP($E$6,$B$157:$C$254,2,FALSE) -> TRIÊNIO
C69: =IF(OR($J$8=0,$J$9=0),0,IF(OR($J$8<$N$8,$J$9<$N$8),"REVER INÍCIO DE CARGO E/OU CARREIRA","INÍCIO DE CARGO E/OU CARREIRA - OK")) -> 0 | K69: TP CARREIRA: | N69: =IF($K$2=$O$6,S6,IF($K$2=$O$7,$U$6,"NÃO CABE")) -> NÃO CABE | P69: TRI - 11 | Q69: 3 | R69: 6 | S69: 9 | T69: 12 | U69: 15 | V69: 18 | W69: 21 | X69: 24 | Y69: 27 | Z69: 30 | AA69: 33 | AB69: 36 | AC69: 39
B70: IDADE : | E70: =IF($E$2=$L$136,$O$136,IF($E$2=$L$137,$O$137,IF($E$2=$L$138,$O$138,IF($E$2=$L$139,$O$139,IF($E$2=$L$140,$O$140,$O$141))))) -> FALSE | K70: TSP PÚBLICO: | N70: =IF($K$2=$O$3,$Q$7,IF($K$2=$O$6,$S$7,IF($K$2=$O$7,$U$7,$O$76))) -> OK | P70: ATS % | Q70: 0.065 | R70: 0.13 | S70: 0.195 | T70: 0.26 | U70: 0.325 | V70: 0.39 | W70: 0.455 | X70: 0.52 | Y70: 0.585 | Z70: 0.65 | AA70: 0.715 | AB70: 0.78 | AC70: 0.845
B71: TEMPO FALTANTE A CUMPRIR: | F71: =C64 -> NADA A CUMPRIR | J71: DIAS
B72: ENQUADRAMENTO: | E72: =IF($BC$115<=$BC$113,VLOOKUP($C$8,$BB$116:$BH$155,2,FALSE),IF($BC$115<=$BD$113,VLOOKUP($C$8,$BB$116:$BH$155,3,FALSE),IF($BC$115<=$BE$113,VLOOKUP($C$8,$BB$116:$BH$155,4,FALSE),IF($BC$115<=$BF$113,VLOOKUP($C$8,$BB$116:$BH$155,5,FALSE),IF($BC$115<=$BG$113,VLOOKUP($C$8,$BB$116:$BH$155,6,FALSE),VLOOKUP($C$8,$BB$116:$BH$155,7,FALSE)))))) -> #REF! | J72: =IF(#REF!<=$BC$113,VLOOKUP($C$8,$BB$116:$BH$155,2,FALSE),IF(#REF!<=$BD$113,VLOOKUP($C$8,$BB$116:$BH$155,3,FALSE),IF(#REF!<=$BE$113,VLOOKUP($C$8,$BB$116:$BH$155,4,FALSE),IF(#REF!<=$BF$113,VLOOKUP($C$8,$BB$116:$BH$155,5,FALSE),IF(#REF!<=$BG$113,VLOOKUP($C$8,$BB$116:$BH$155,6,FALSE),VLOOKUP($C$8,$BB$116:$BH$155,7,FALSE)))))) -> #REF! | O72: OPÇÃO DO SERVIDOR | P72: QUINQUÊNIO - 1
B73: FUNDAMENTAÇÃO: | D73: =IF($K$2=$O$2,VLOOKUP($E$2,$BN$7:$BU$16,8,FALSE),IF($K$2=$O$6,VLOOKUP($E$2,$BN$7:$BU$16,3,FALSE),IF($K$2=$O$4,VLOOKUP($E$2,$BN$7:$BU$16,5,FALSE),IF($K$2=$O$7,VLOOKUP($E$2,$BN$7:$BU$16,6,FALSE),IF($K$2=$O$3,IF($D$14="X",VLOOKUP($E$2,$BN$7:$BU$16,4,FALSE),IF($G$14="X",VLOOKUP($E$2,$BN$7:$BU$16,2,FALSE),"REVER FUNDAMENTAÇÃO E/OU MODALIDADE")),IF(AND($K$2=$O$5,$D$12="X"),VLOOKUP($O$8,$BN$7:$BU$16,7,FALSE),IF($K$2=$O$5,VLOOKUP($E$2,$BN$7:$BU$16,7,FALSE),"REVER FUNDAMENTAÇÃO E/OU MODALIDADE"))))))) -> REVER FUNDAMENTAÇÃO E/OU MODALIDADE | O73: =IF($O$75=$O$2,VLOOKUP($O$74,$BN$7:$BU$16,8,FALSE),IF($O$75=$O$6,VLOOKUP($O$74,$BN$7:$BU$16,3,FALSE),IF($O$75=$O$4,VLOOKUP($O$74,$BN$7:$BU$16,5,FALSE),IF($O$75=$O$7,VLOOKUP($O$74,$BN$7:$BU$16,6,FALSE),IF($O$75=$O$3,IF($D$14="X",VLOOKUP($O$74,$BN$7:$BU$16,4,FALSE),IF($G$14="X",VLOOKUP($O$74,$BN$7:$BU$16,2,FALSE),"REVER FUNDAMENTAÇÃO E/OU MODALIDADE")),IF(AND($O$75=$O$5,$D$12="X"),VLOOKUP($O$8,$BN$7:$BU$16,7,FALSE),IF($O$75=$O$5,VLOOKUP($O$74,$BN$7:$BU$16,7,FALSE),"REVER FUNDAMENTAÇÃO E/OU MODALIDADE"))))))) -> #N/A | P73: ANOS | Q73: 5 | R73: 10 | S73: 15 | T73: 20 | U73: 25 | V73: 30 | W73: 35 | X73: 40 | Y73: 45 | Z73: 50 | AA73: 55 | AB73: 60
B74: IDADE X TEMPO CONTRIBUIÇÃO (TEMPO FALTANTE) : | I74: =AB22 -> NÃO SATISFAZ TEMPO DE CONTRIBUIÇÃO E/OU IDADE | O74: ='RESUMO CONCLUSIVO'!B77 -> #N/A | P74: ATS % | Q74: 0.05 | R74: 0.1 | S74: 0.15 | T74: 0.2 | U74: 0.25 | V74: 0.3 | W74: 0.35 | X74: 0.4 | Y74: 0.45 | Z74: 0.5 | AA74: 0.55 | AB74: 0.6
B75: POSSIBILIDADES | K75: PROPORÇÃO : | N75: =IF($K$2=$O$2,J127,IF($K$2=$O$3,J128,IF($K$2=$O$4,J129,IF($K$2=$O$5,J130,"NÃO CABE")))) -> NÃO CABE | O75: ='RESUMO CONCLUSIVO'!B79 -> #N/A | P75: ATS ATÉ EC 20/98 COM LE: | S75: =IF(ISERROR(HLOOKUP($J$202,$Q$73:$W$74,2)),0,HLOOKUP($J$202,$Q$73:$W$74,2)) -> 0 | T75: ATS APÓS EC20 : | W75: =IF(ISERROR(HLOOKUP($K$202,$Q$73:$W$74,2)),0,HLOOKUP($K$202,$Q$73:$W$74,2)) -> 0 | X75: ATS APÓS EC41/03 : | AB75: =IF(ISERROR(HLOOKUP($L$202,$Q$73:$W$74,2)),0,HLOOKUP($L$202,$Q$73:$W$74,2)) -> 0
B76: MODALIDADE | C76: FUNDAMENTAÇÃO | F76: TEMPO | H76: ATS | I76: IDADE | J76: PARIDADE | K76: ANTES MP 167/04 | N76: =IF(N75="NÃO CABE",0,N75) -> 0 | O76: =IF($K$2=$O$2,IF($O$10<$Q$15,IF($F$71<180,"NÃO CABE",$O$77),$O$77),$O$77) -> OK
A77: =IF(C77=0,"",A96) | B77: =IF(A96="SIM",B96,0) -> 0 | C77: =IF(A96="SIM",C96,0) -> 0 | F77: =IF(C77=C96,G96,IF(C77=C97,G97,IF(C77=C98,G98,IF(C77=C99,G99,IF(C77=C100,G100,0))))) -> 0 | H77: =IF(A77="NÃO",0,VLOOKUP(C77,C96:$M$111,4,FALSE)) -> #N/A | I77: =IF(A77="NÃO","NÃO",VLOOKUP(C77,C96:$M$111,3,FALSE)) -> #N/A | J77: =IF(A77="NÃO","NÃO",VLOOKUP(C77,C96:$M$111,6,FALSE)) -> #N/A | K77: PROPORÇÃO EM DIAS | N77: =IF(K2=O3,IF(M129>=N129,N128,"NÃO CABE"),"NÃO CABE") -> NÃO CABE | O77: =IF($F$71="NADA A CUMPRIR","OK",IF($F$71="NÃO CABE","NÃO CABE",IF(AND(K2=O3,OR(E2=B118,E2=B119,E2=B120,E2=B121)),"NÃO CABE","NÃO CUMPRE"))) -> OK
A78: =IF(C78=0,"",A97) | B78: =IF(A97="SIM",B97,0) -> 0 | C78: =IF(A97="SIM",C97,0) -> 0 | F78: =IF(C78=C97,G97,IF(C78=C98,G98,IF(C78=C99,G99,IF(C78=C100,G100,IF(C78=C101,G101,0))))) -> 0 | H78: =IF(A78="NÃO",0,VLOOKUP(C78,C97:$M$111,4,FALSE)) -> #N/A | I78: =IF(A78="NÃO","NÃO",VLOOKUP(C78,C97:$M$111,3,FALSE)) -> #N/A | J78: =IF(A78="NÃO","NÃO",VLOOKUP(C78,C97:$M$111,6,FALSE)) -> #N/A | K78: APÓS MP 167/04 | N78: =IF(N77="NÃO CABE",0,N77) -> 0 | P78: QUINQUÊNIO - 2 | Q78: 5 | R78: 10 | S78: 15 | T78: 20 | U78: 25 | V78: 30 | W78: 35 | X78: 40 | Y78: 45 | Z78: 50 | AA78: 55 | AB78: 60
A79: =IF(C79=0,"",A98) | B79: =IF(A98="SIM",B98,0) -> 0 | C79: =IF(A98="SIM",C98,0) -> 0 | F79: =IF(C79=C98,G98,IF(C79=C99,G99,IF(C79=C100,G100,IF(C79=C101,G101,IF(C79=C102,G102,0))))) -> 0 | H79: =IF(A79="NÃO",0,VLOOKUP(C79,C98:$M$111,4,FALSE)) -> #N/A | I79: =IF(A79="NÃO","NÃO",VLOOKUP(C79,C98:$M$111,3,FALSE)) -> #N/A | J79: =IF(A79="NÃO","NÃO",VLOOKUP(C79,C98:$M$111,6,FALSE)) -> #N/A | O79: NOVA FRIBURGO - TODOS | P79: ATS % | Q79: 0.1 | R79: 0.2 | S79: 0.3 | T79: 0.4 | U79: 0.5 | V79: 0.6 | W79: 0.7 | X79: 0.8 | Y79: 0.9 | Z79: 1 | AA79: 1.1 | AB79: 1.2
A80: =IF(C80=0,"",A99) | B80: =IF(A99="SIM",B99,0) -> 0 | C80: =IF(A99="SIM",C99,0) -> 0 | F80: =IF(C80=C99,G99,IF(C80=C100,G100,IF(C80=C101,G101,IF(C80=C102,G102,IF(C80=C103,G103,0))))) -> 0 | H80: =IF(A80="NÃO",0,VLOOKUP(C80,C99:$M$111,4,FALSE)) -> #N/A | I80: =IF(A80="NÃO","NÃO",VLOOKUP(C80,C99:$M$111,3,FALSE)) -> #N/A | J80: =IF(A80="NÃO","NÃO",VLOOKUP(C80,C99:$M$111,6,FALSE)) -> #N/A | O80: =IF(E6=CRÍTICA_IGP1!B208,IF(E33=0,0,E33*4*90),IF(AND(E6=B208,D12="X",E33<>0),E33*2*180,0)) -> 0
A81: =IF(C81=0,"",A100) | B81: =IF(A100="SIM",B100,0) -> 0 | C81: =IF(A100="SIM",C100,0) -> 0 | F81: =IF(C81=C100,G100,IF(C81=C101,G101,IF(C81=C102,G102,IF(C81=C103,G103,IF(C81=C104,G104,0))))) -> 0 | H81: =IF(A81="NÃO",0,VLOOKUP(C81,C100:$M$111,4,FALSE)) -> #N/A | I81: =IF(A81="NÃO","NÃO",VLOOKUP(C81,C100:$M$111,3,FALSE)) -> #N/A | J81: =IF(A81="NÃO","NÃO",VLOOKUP(C81,C100:$M$111,6,FALSE)) -> #N/A | P81: QUINQUÊNIO - 2 | Q81: 5 | R81: 10 | S81: 15 | T81: 20 | U81: 25 | V81: 30 | W81: 35
A82: =IF(C82=0,"",A101) | B82: =IF(A101="SIM",B101,0) -> 0 | C82: =IF(A101="SIM",C101,0) -> 0 | F82: =IF(C82=C101,G101,IF(C82=C102,G102,IF(C82=C103,G103,IF(C82=C104,G104,IF(C82=C105,G105,0))))) -> 0 | H82: =IF(A82="NÃO",0,VLOOKUP(C82,C101:$M$111,4,FALSE)) -> #N/A | I82: =IF(A82="NÃO","NÃO",VLOOKUP(C82,C101:$M$111,3,FALSE)) -> #N/A | J82: =IF(A82="NÃO","NÃO",VLOOKUP(C82,C101:$M$111,6,FALSE)) -> #N/A | P82: ATS % | Q82: 0.1 | R82: 0.15 | S82: 0.2 | T82: 0.25 | U82: 0.3 | V82: 0.35 | W82: 0.4
A83: =IF(C83=0,"",A102) | B83: =IF(A102="SIM",B102,0) -> 0 | C83: =IF(A102="SIM",C102,0) -> 0 | F83: =IF(C83=C102,G102,IF(C83=C103,G103,IF(C83=C104,G104,IF(C83=C105,G105,IF(C83=C106,G106,0))))) -> 0 | H83: =IF(A83="NÃO",0,VLOOKUP(C83,C102:$M$111,4,FALSE)) -> #N/A | I83: =IF(A83="NÃO","NÃO",VLOOKUP(C83,C102:$M$111,3,FALSE)) -> #N/A | J83: =IF(A83="NÃO","NÃO",VLOOKUP(C83,C102:$M$111,6,FALSE)) -> #N/A
A84: =IF(C84=0,"",A103) | B84: =IF(A103="SIM",B103,0) -> 0 | C84: =IF(A103="SIM",C103,0) -> 0 | F84: =IF(C84=C103,G103,IF(C84=C104,G104,IF(C84=C105,G105,IF(C84=C106,G106,IF(C84=C107,G107,0))))) -> 0 | H84: =IF(A84="NÃO",0,VLOOKUP(C84,C103:$M$111,4,FALSE)) -> #N/A | I84: =IF(A84="NÃO","NÃO",VLOOKUP(C84,C103:$M$111,3,FALSE)) -> #N/A | J84: =IF(A84="NÃO","NÃO",VLOOKUP(C84,C103:$M$111,6,FALSE)) -> #N/A | P84: T E M P O F A L T A N T E | V84: A N O S | AA84: D I A S | AF84: TEMPO
A85: =IF(C85=0,"",A104) | B85: =IF(A104="SIM",B104,0) -> 0 | C85: =IF(A104="SIM",C104,0) -> 0 | F85: =IF(C85=C104,G104,IF(C85=C105,G105,IF(C85=C106,G106,IF(C85=C107,G107,IF(C85=C108,G108,0))))) -> 0 | H85: =IF(A85="NÃO",0,VLOOKUP(C85,C104:$M$111,4,FALSE)) -> #N/A | I85: =IF(A85="NÃO","NÃO",VLOOKUP(C85,C104:$M$111,3,FALSE)) -> #N/A | J85: =IF(A85="NÃO","NÃO",VLOOKUP(C85,C104:$M$111,6,FALSE)) -> #N/A | P85: MOD/REG | Q85: TTCONT | R85: CARGO | S85: CARREIRA | T85: TSCP | U85: IDADE | V85: TTCONT | W85: CARGO | X85: CARREIRA | Y85: TSCP | Z85: IDADE | AA85: TTCONT | AB85: CARGO | AC85: CARREIRA | AD85: TSCP | AE85: IDADE | AF85: FALTANTE
A86: =IF(C86=0,"",A105) | B86: =IF(A105="SIM",B105,0) -> 0 | C86: =IF(A105="SIM",C105,0) -> 0 | F86: =IF(C86=C105,G105,IF(C86=C106,G106,IF(C86=C107,G107,IF(C86=C108,G108,IF(C86=C109,G109,0))))) -> 0 | H86: =IF(A86="NÃO",0,VLOOKUP(C86,C105:$M$111,4,FALSE)) -> #N/A | I86: =IF(A86="NÃO","NÃO",VLOOKUP(C86,C105:$M$111,3,FALSE)) -> #N/A | J86: =IF(A86="NÃO","NÃO",VLOOKUP(C86,C105:$M$111,6,FALSE)) -> #N/A | P86: REGRAS ANTES EC20 | Q86: =IF($E$2=$B$122,$R$148,$R$147) -> 12775 | R86: NÃO CABE | S86: NÃO CABE | T86: =IF($D$10="x",IF(OR($E$2=$B$115,$E$2=$B$118),IF($F$61<(35*365),(35*365)-$F$61,0),IF(OR($E$2=$B$116,$E$2=$B$122),IF($F$61<(30*365),(30*365)-$F$61,0),"REVER")),IF($G$10="x",IF(OR($E$2=$B$115,$E$2=$B$118),IF($F$61<(30*365),(30*365)-$F$61,0),IF(OR($E$2=$B$116,$E$2=$B$122),IF($F$61<(25*365),(25*365)-$F$61,0),"NÃO CABE")),"REVER FUNDAMENTAÇÃO E/OU MODALIDADE")) -> REVER FUNDAMENTAÇÃO E/OU MODALIDADE | U86: =IF($E$2=$B$117,IF($D$10="X",IF($O$9>=(65*365+15),0,(65*365+15)-$O$9),IF($G$10="X",IF($O$9>=(60*365+14),0,(60*365+14)-$O$9),"MARQUE O SEXO")),IF(OR($E$2=$B$118,$E$2=$B$119),IF($O$9>=(70*365+18),0,(70*365+18)-$O$9),"REVER FUNDAMENTAÇÃO E/OU MODALIDADE")) -> REVER FUNDAMENTAÇÃO E/OU MODALIDADE | V86: =ROUNDDOWN($Q$86/365,0) -> 35 | W86: =IF($R$86="NÃO CABE",0,ROUNDDOWN($R$86/365,0)) -> 0 | X86: =IF($S$86="NÃO CABE",0,ROUNDDOWN($S$86/365,0)) -> 0 | Y86: =IF(OR($T$86="NÃO CABE",$T$86="REVER FUNDAMENTAÇÃO E/OU MODALIDADE",$T$86="REVER"),0,ROUNDDOWN($T$86/365,0)) -> 0 | Z86: =IF(OR($U$86="NÃO CABE",$U$86="MARQUE O SEXO",$U$86="REVER FUNDAMENTAÇÃO E/OU MODALIDADE"),0,ROUNDDOWN($U$86/365,0)) -> 0 | AA86: =(($Q$86/365)-$V$86)*365 -> 0 | AB86: =IF($R$86="NÃO CABE",0,(($R$86/365)-$W$86)*365) -> 0 | AC86: =IF($S$86="NÃO CABE",0,(($S$86/365)-$X$86)*365) -> 0 | AD86: =IF(OR($T$86="NÃO CABE",$T$86="REVER"),0,(($T$86/365)-$Y$86)*365) -> #VALUE! | AE86: =IF(OR($U$86="NÃO CABE",$U$86="MARQUE O SEXO",$U$86="REVER FUNDAMENTAÇÃO E/OU MODALIDADE"),0,(($U$86/365)-$Z$86)*365) -> 0 | AF86: =MAX($X$97:$X$101) -> #VALUE!
A87: =IF(C87=0,"",A106) | B87: =IF(A106="SIM",B106,0) -> 0 | C87: =IF(A106="SIM",C106,0) -> 0 | F87: =IF(C87=C106,G106,IF(C87=C107,G107,IF(C87=C108,G108,IF(C87=C109,G109,IF(C87=C110,G110,0))))) -> 0 | H87: =IF(A87="NÃO",0,VLOOKUP(C87,C106:$M$111,4,FALSE)) -> #N/A | I87: =IF(A87="NÃO","NÃO",VLOOKUP(C87,C106:$M$111,3,FALSE)) -> #N/A | J87: =IF(A87="NÃO","NÃO",VLOOKUP(C87,C106:$M$111,6,FALSE)) -> #N/A | P87: REGRA PERMANENTE | Q87: =$Q$146 -> 12775 | R87: =IF($O$13>=(5*365),0,(5*365)-$O$13) -> 1825 | S87: NÃO CABE | T87: =IF($O$15>=(10*365),0,(10*365)-$O$15) -> 3650 | U87: =IF($E$2=$B$115,IF($D$10="X",IF($O$9>=(60*365+15),0,(60*365+15)-$O$9),IF($G$10="X",IF($O$9>=(55*365+14),0,(55*365+14)-$O$9),"MARQUE O SEXO")),IF($E$2=$B$116,IF($D$10="X",IF($O$9>=(55*365+14),0,(55*365+14)-O9),IF($G$10="X",IF($O$9>=(50*365+14),0,(50*365+14)-$O$9),"MARQUE O SEXO")),IF($E$2=$B$117,IF($D$10="X",IF($O$9>=(65*365+16),0,(65*365+16)-$O$9),IF($G$10="X",IF($O$9>=(60*365+15),0,(60*365+15)-$O$9),"MARQUE O SEXO")),IF(OR($E$2=$B$118,$E$2=$B$119),IF($O$9>=(70*365+19),0,(70*365+19)-$O$9),"REVER FUNDAMENTAÇÃO E/OU MODALIDADE")))) -> REVER FUNDAMENTAÇÃO E/OU MODALIDADE | V87: =ROUNDDOWN($Q$87/365,0) -> 35 | W87: =IF($R$87="NÃO CABE",0,ROUNDDOWN($R$87/365,0)) -> 5 | X87: =IF($S$87="NÃO CABE",0,ROUNDDOWN($S$87/365,0)) -> 0 | Y87: =IF($T$87="NÃO CABE",0,ROUNDDOWN($T$87/365,0)) -> 10 | Z87: =IF(OR($U$87="NÃO CABE",$U$87="MARQUE O SEXO",$U$87="REVER FUNDAMENTAÇÃO E/OU MODALIDADE"),0,ROUNDDOWN($U$87/365,0)) -> 0 | AA87: =(($Q$87/365)-$V$87)*365 -> 0 | AB87: =IF($R$87="NÃO CABE",0,(($R$87/365)-$W$87)*365) -> 0 | AC87: =IF($S$87="NÃO CABE",0,(($S$87/365)-$X$87)*365) -> 0 | AD87: =IF($T$87="NÃO CABE",0,(($T$87/365)-$Y$87)*365) -> 0 | AE87: =IF(OR($U$87="NÃO CABE",$U$87="MARQUE O SEXO",$U$87="REVER FUNDAMENTAÇÃO E/OU MODALIDADE"),0,(($U$87/365)-$Z$87)*365) -> 0 | AF87: =MAX($X$97:$X$101) -> #VALUE!
A88: =IF(C88=0,"",A107) | B88: =IF(A107="SIM",B107,0) -> 0 | C88: =IF(A107="SIM",C107,0) -> 0 | F88: =IF(C88=C107,G107,IF(C88=C108,G108,IF(C88=C109,G109,IF(C88=C110,G110,IF(C88=C111,G111,0))))) -> 0 | H88: =IF(A88="NÃO",0,VLOOKUP(C88,C107:$M$111,4,FALSE)) -> #N/A | I88: =IF(A88="NÃO","NÃO",VLOOKUP(C88,C107:$M$111,3,FALSE)) -> #N/A | J88: =IF(A88="NÃO","NÃO",VLOOKUP(C88,C107:$M$111,6,FALSE)) -> #N/A | P88: TRANSIÇÃO EMENDA 20 | Q88: =$Q$145 -> FALSE | R88: =IF($O$13>=(5*365),0,(5*365)-$O$13) -> 1825 | S88: NÃO CABE | T88: =$F$71 -> NADA A CUMPRIR | U88: =IF(OR($E$2=$B$115,$E$2=$B$116,$E$2=$B$122),IF($D$10="X",IF($O$9>=(53*365+14),0,(53*365+14)-$O$9),IF($G$10="X",IF($O$9>=(48*365+12),0,(48*365+12)-$O$9),"MARQUE O SEXO")),"REVER FUNDAMENTAÇÃO E/OU MODALIDADE") -> REVER FUNDAMENTAÇÃO E/OU MODALIDADE | V88: =ROUNDDOWN($Q$88/365,0) -> 0 | W88: =IF($R$88="NÃO CABE",0,ROUNDDOWN($R$88/365,0)) -> 5 | X88: =IF($S$88="NÃO CABE",0,ROUNDDOWN($S$88/365,0)) -> 0 | Y88: =IF(OR($T$88="MARQUE O SEXO",$T$88="REVER FUNDAMENTAÇÃO E/OU MODALIDADE",$T$88="NÃO CABE",$T$88="NADA A CUMPRIR"),0,ROUNDDOWN($T$88/365,0)) -> 0 | Z88: =IF(OR($U$88="NÃO CABE",$U$88="MARQUE O SEXO",$U$88="REVER FUNDAMENTAÇÃO E/OU MODALIDADE"),0,ROUNDDOWN($U$88/365,0)) -> 0 | AA88: =(($Q$88/365)-$V$88)*365 -> 0 | AB88: =IF($R$88="NÃO CABE",0,(($R$88/365)-$W$88)*365) -> 0 | AC88: =IF($S$88="NÃO CABE",0,(($S$88/365)-$X$88)*365) -> 0 | AD88: =IF(OR($T$88="MARQUE O SEXO",$T$88="REVER FUNDAMENTAÇÃO E/OU MODALIDADE",$T$88="NÃO CABE",$T$88="NADA A CUMPRIR"),0,(($T$88/365)-$Y$88)*365) -> 0 | AE88: =IF(OR($U$88="NÃO CABE",$U$88="MARQUE O SEXO",$U$88="REVER FUNDAMENTAÇÃO E/OU MODALIDADE"),0,(($U$88/365)-$Z$88)*365) -> 0 | AF88: =MAX($X$97:$X$101) -> #VALUE!
A89: =IF(C89=0,"",A108) | B89: =IF(A108="SIM",B108,0) -> 0 | C89: =IF(A108="SIM",C108,0) -> 0 | F89: =IF(C89=C108,G108,IF(C89=C109,G109,IF(C89=C110,G110,IF(C89=C111,G111,IF(C89=C112,G112,0))))) -> 0 | H89: =IF(A89="NÃO",0,VLOOKUP(C89,C108:$M$111,4,FALSE)) -> #N/A | I89: =IF(A89="NÃO","NÃO",VLOOKUP(C89,C108:$M$111,3,FALSE)) -> #N/A | J89: =IF(A89="NÃO","NÃO",VLOOKUP(C89,C108:$M$111,6,FALSE)) -> #N/A | P89: TRANSIÇÃO_ART. 2º_EC41 | Q89: =$Q$145 -> FALSE | R89: =IF($O$13>=(5*365),0,(5*365)-$O$13) -> 1825 | S89: NÃO CABE | T89: =$F$71 -> NADA A CUMPRIR | U89: =IF($E$2=$B$123,IF($D$10="X",IF($O$9>=(53*365+14),0,(53*365+14)-$O$9),IF($G$10="X",IF($O$9>=(48*365+12),0,(48*365+12)-$O$9),"MARQUE O SEXO")),"REVER FUNDAMENTAÇÃO E/OU MODALIDADE") -> REVER FUNDAMENTAÇÃO E/OU MODALIDADE | V89: =ROUNDDOWN($Q$89/365,0) -> 0 | W89: =IF($R$89="NÃO CABE",0,ROUNDDOWN($R$89/365,0)) -> 5 | X89: =IF($S$89="NÃO CABE",0,ROUNDDOWN($S$89/365,0)) -> 0 | Y89: =IF(OR($T$89="NÃO CABE",$T$89="NADA A CUMPRIR"),0,ROUNDDOWN($T$89/365,0)) -> 0 | Z89: =IF(OR($U$89="NÃO CABE",$U$89="MARQUE O SEXO",$U$89="REVER FUNDAMENTAÇÃO E/OU MODALIDADE"),0,ROUNDDOWN($U$89/365,0)) -> 0 | AA89: =(($Q$89/365)-$V$89)*365 -> 0 | AB89: =IF($R$89="NÃO CABE",0,(($R$89/365)-$W$89)*365) -> 0 | AC89: =IF($S$89="NÃO CABE",0,(($S$89/365)-$X$89)*365) -> 0 | AD89: =IF(OR($T$89="NÃO CABE",$T$89="NADA A CUMPRIR"),0,(($T$89/365)-$Y$89)*365) -> 0 | AE89: =IF(OR($U$89="NÃO CABE",$U$89="MARQUE O SEXO",$U$89="REVER FUNDAMENTAÇÃO E/OU MODALIDADE"),0,(($U$89/365)-$Z$89)*365) -> 0 | AF89: =MAX($X$97:$X$101) -> #VALUE!
A90: =IF(C90=0,"",A109) | B90: =IF(A109="SIM",B109,0) -> 0 | C90: =IF(A109="SIM",C109,0) -> 0 | F90: =IF(C90=C109,G109,IF(C90=C110,G110,IF(C90=C111,G111,IF(C90=C112,G112,IF(C90=C113,G113,0))))) -> 0 | H90: =IF(A90="NÃO",0,VLOOKUP(C90,C109:$M$111,4,FALSE)) -> #N/A | I90: =IF(A90="NÃO","NÃO",VLOOKUP(C90,C109:$M$111,3,FALSE)) -> #N/A | J90: =IF(A90="NÃO","NÃO",VLOOKUP(C90,C109:$M$111,6,FALSE)) -> #N/A | P90: TRANSIÇÃO_ART. 6º_EC41 | Q90: =$Q$146 -> 12775 | R90: =IF($O$13>=(5*365),0,(5*365)-$O$13) -> 1825 | S90: =IF($O$14>=(10*365),0,(10*365)-$O$13) -> 3650 | T90: =IF($O$15>=(20*365),0,(20*365)-$O$15) -> 7300 | U90: =IF($E$2=$B$115,IF($D$10="X",IF($O$9>=(60*365+15),0,(60*365+15)-$O$9),IF($G$10="X",IF($O$9>=(55*365+14),0,(55*365+14)-$O$9),"MARQUE O SEXO")),IF($E$2=$B$116,IF($D$10="X",IF($O$9>=(55*365+14),0,(55*365+14)-$O$9),IF($G$10="X",IF($O$9>=(50*365+14),0,(50*365+14)-$O$9),"MARQUE O SEXO")),"REVER FUNDAMENTAÇÃO E/OU MODALIDADE")) -> REVER FUNDAMENTAÇÃO E/OU MODALIDADE | V90: =ROUNDDOWN($Q$90/365,0) -> 35 | W90: =IF($R$90="NÃO CABE",0,ROUNDDOWN($R$90/365,0)) -> 5 | X90: =IF($S$90="NÃO CABE",0,ROUNDDOWN($S$90/365,0)) -> 10 | Y90: =IF($T$90="NÃO CABE",0,ROUNDDOWN($T$90/365,0)) -> 20 | Z90: =IF(OR($U$90="NÃO CABE",$U$90="MARQUE O SEXO",$U$90="REVER FUNDAMENTAÇÃO E/OU MODALIDADE"),0,ROUNDDOWN($U$90/365,0)) -> 0 | AA90: =(($Q$90/365)-$V$90)*365 -> 0 | AB90: =IF($R$90="NÃO CABE",0,(($R$90/365)-$W$90)*365) -> 0 | AC90: =IF($S$90="NÃO CABE",0,(($S$90/365)-$X$90)*365) -> 0 | AD90: =IF($T$90="NÃO CABE",0,(($T$90/365)-$Y$90)*365) -> 0 | AE90: =IF(OR($U$90="NÃO CABE",$U$90="MARQUE O SEXO",$U$90="REVER FUNDAMENTAÇÃO E/OU MODALIDADE"),0,(($U$90/365)-$Z$90)*365) -> 0 | AF90: =MAX($X$97:$X$101) -> #VALUE!
A91: =IF(C91=0,"",A110) | B91: =IF(A110="SIM",B110,0) -> 0 | C91: =IF(A110="SIM",C110,0) -> 0 | F91: =IF(C91=C110,G110,IF(C91=C111,G111,IF(C91=C112,G112,IF(C91=C113,G113,IF(C91=C114,G114,0))))) -> 0 | H91: =IF(A91="NÃO",0,VLOOKUP(C91,C110:$M$111,4,FALSE)) -> #N/A | I91: =IF(A91="NÃO","NÃO",VLOOKUP(C91,C110:$M$111,3,FALSE)) -> #N/A | J91: =IF(A91="NÃO","NÃO",VLOOKUP(C91,C110:$M$111,6,FALSE)) -> #N/A | P91: TRANSIÇÃO_EMENDA 47 | Q91: =$Q$93 -> 0 | R91: =$R$93 -> 1825 | S91: =$S$93 -> 5475 | T91: =$T$93 -> 9125 | U91: =($Z$93/2)*365+$AE$91 -> #VALUE! | V91: =$V$93 -> 0 | W91: =$W$93 -> 5 | X91: =$X$93 -> 15 | Y91: =$Y$93 -> 25 | Z91: =IF(OR($U$91="NÃO CABE",$U$91="MARQUE O SEXO E/OU OBSERVE TEMPO DE CONTRIBUIÇÃO",$U$91="REVER FUNDAMENTAÇÃO E/OU MODALIDADE",$U$91="NADA A CUMPRIR"),0,ROUNDDOWN($U$91/365,0)) -> #VALUE! | AA91: =$AA$93 -> 0 | AB91: =$AB$93 -> 0 | AC91: =$AC$93 -> 0 | AD91: =$AD$93 -> 0 | AE91: =$AE$93 -> #VALUE! | AF91: =MAX($Q$91:$U$91) -> #VALUE!
A92: =IF(C92=0,"",A111) | B92: =IF(A111="SIM",B111,0) -> 0 | C92: =IF(A111="SIM",C111,0) -> 0 | F92: =IF(C92=C111,G111,IF(C92=C112,G112,IF(C92=C113,G113,IF(C92=C114,G114,IF(C92=C115,G115,0))))) -> 0 | H92: =IF(A92="NÃO",0,VLOOKUP(C92,C111:$M$111,4,FALSE)) -> #N/A | I92: =IF(A92="NÃO","NÃO",VLOOKUP(C92,C111:$M$111,3,FALSE)) -> #N/A | J92: =IF(A92="NÃO","NÃO",VLOOKUP(C92,C111:$M$111,6,FALSE)) -> #N/A | P92: PREENCHA A REGRA DESEJADA | Q92: =$Q$93 -> 0 | R92: =$R$93 -> 1825 | S92: =$S$93 -> 5475 | T92: =$T$93 -> 9125 | U92: =($Z$93/2)*365+$AE$92 -> #VALUE! | V92: =$V$93 -> 0 | W92: =$W$93 -> 5 | X92: =$X$93 -> 15 | Y92: =$Y$93 -> 25 | Z92: =IF(OR($U$92="NÃO CABE",$U$92="MARQUE O SEXO E/OU OBSERVE TEMPO DE CONTRIBUIÇÃO",$U$92="REVER FUNDAMENTAÇÃO E/OU MODALIDADE",$U$92="NADA A CUMPRIR"),0,ROUNDDOWN($U$92/365,0)) -> #VALUE! | AA92: =$AA$93 -> 0 | AB92: =$AB$93 -> 0 | AC92: =$AC$93 -> 0 | AD92: =$AD$93 -> 0 | AE92: =$AE$93 -> #VALUE! | AF92: =MAX($Q$91:$U$91) -> #VALUE!
B93: Virgílio de Oliveira Souza | D93: =IF(OR(E6=B225,E6=B237,E6=B248),IF(L237>=25,"FAZ JUS A 1/6 DA REMUNERAÇÃO",IF(L248>=25,"FAZ JUS A 1/6 DA REMUNERAÇÃO",IF(L225>=25,"FAZ JUS A 1/6 DA REMUNERAÇÃO",0))),0) -> 0 | P93: TRANSIÇÃO_EMENDA 47 | Q93: =IF($D$10="X",$AC$6,IF($G$10="X",$AC$7,0)) -> 0 | R93: =IF($O$13>=(5*365),0,(5*365)-$O$13) -> 1825 | S93: =IF($O$14>=(15*365),0,(15*365)-$O$13) -> 5475 | T93: =IF($O$15>=(25*365),0,(25*365)-$O$15) -> 9125 | U93: =IF($D$10="X",IF(OR($AD$21>0,$AC$6>0),IF($AD$21>$AC$6,$AD$21,$AC$6),0),IF($G$10="X",IF(OR($AD$21>0,$AC$7>0),IF($AD$21>$AC$7,$AD$21,$AC$7),0),"MARQUE O SEXO E/OU OBSERVE TEMPO DE CONTRIBUIÇÃO")) -> MARQUE O SEXO E/OU OBSERVE TEMPO DE CONTRIBUIÇÃO | V93: =ROUNDDOWN($Q$93/365,0) -> 0 | W93: =IF($R$93="NÃO CABE",0,ROUNDDOWN($R$93/365,0)) -> 5 | X93: =IF($S$93="NÃO CABE",0,ROUNDDOWN($S$93/365,0)) -> 15 | Y93: =IF($T$93="NÃO CABE",0,ROUNDDOWN($T$93/365,0)) -> 25 | Z93: =IF(OR($U$93="NÃO CABE",$U$93="MARQUE O SEXO E/OU OBSERVE TEMPO DE CONTRIBUIÇÃO",$U$93="REVER FUNDAMENTAÇÃO E/OU MODALIDADE",$U$93="NADA A CUMPRIR"),0,ROUNDDOWN($U$93/365,0)) -> 0 | AA93: =(($Q$93/365)-$V$93)*365 -> 0 | AB93: =IF($R$93="NÃO CABE",0,(($R$93/365)-$W$93)*365) -> 0 | AC93: =IF($S$93="NÃO CABE",0,(($S$93/365)-$X$93)*365) -> 0 | AD93: =IF($T$93="NÃO CABE",0,(($T$93/365)-$Y$93)*365) -> 0 | AE93: =IF(OR($U$93="NÃO CABE",$U$93="MARQUE O SEXO",$U$93="REVER FUNDAMENTAÇÃO E/OU MODALIDADE",$U$93="NADA A CUMPRIR"),0,(($U$93/365)-$Z$93)*365) -> #VALUE! | AF93: =IF($AD$21>$Q$93,$AD$21,$Q$93) -> REVER TEMPO E/OU IDADE
T94: DT HOJE
A95: SÍNTESE | B95: MODALIDADE: | C95: FUNDAMENTAÇÃO | E95: IDADE | F95: ATS | G95: TEMPO | H95: PARIDADE | I95: CARGO | J95: CARREIRA | K95: T. SERV. PÚBL. | L95: CRÍTICA | M95: CRITICA 2 | N95: ORDEM | T95: DT FUTURA | U95: T E M P O F A L T A N T E | AA95: DT | AB95: DT
A96: =IF(AND(L96="SIM",M96="SIM"),"SIM","NÃO") -> NÃO | B96: VOLUNTÁRIA INTEGRAL | C96: TRANSIÇÃO_EMENDA 47 | E96: =VI_TRANS_EC47!$C$81 -> NÃO | F96: =VI_TRANS_EC47!F81 -> 0 | G96: =VI_TRANS_EC47!H81 -> NÃO | H96: =VI_TRANS_EC47!I81 -> NÃO | I96: =VI_TRANS_EC47!J81 -> NÃO | J96: =VI_TRANS_EC47!K81 -> NÃO | K96: =VI_TRANS_EC47!M81 -> NÃO | L96: =VI_TRANS_EC47!N81 -> NÃO | M96: =IF(L96="SIM",IF($F$96>=$F$97,"SIM",IF($F$97>=$F$98,"SIM",IF($F$98>=$F$99,"SIM",IF($F$99>=$F$100,"SIM",IF($F$100>=$F$101,"SIM",IF($F$101>=$F$102,"SIM",IF($F$102>=$F$103,"SIM","NÃO"))))))),"NÃO") -> NÃO | N96: 1 | P96: TRANSIÇÃO_EMENDA 47 | U96: MODALIDADE / REGRA DE OPÇÃO | Y96: ANO | Z96: DIAS | AA96: HOJE | AB96: FUTURA
A97: =IF(AND(L97="SIM",M97="SIM"),"SIM","NÃO") -> NÃO | B97: VOLUNTÁRIA INTEGRAL | C97: TRANSIÇÃO_ART. 6º_EC41 | E97: ='VI_ART. 6º'!C80 -> NÃO | F97: ='VI_ART. 6º'!F80 -> 0 | G97: ='VI_ART. 6º'!H80 -> NÃO | H97: ='VI_ART. 6º'!I80 -> NÃO | I97: ='VI_ART. 6º'!J80 -> NÃO | J97: ='VI_ART. 6º'!K80 -> NÃO | K97: ='VI_ART. 6º'!M80 -> NÃO | L97: ='VI_ART. 6º'!N80 -> NÃO | M97: =IF(L97="SIM",IF($F$96>=$F$97,"SIM",IF($F$97>=$F$98,"SIM",IF($F$98>=$F$99,"SIM",IF($F$99>=$F$100,"SIM",IF($F$100>=$F$101,"SIM",IF($F$101>=$F$102,"SIM",IF($F$102>=$F$103,"SIM","NÃO"))))))),"NÃO") -> NÃO | N97: 2 | P97: TRANSIÇÃO_ART. 6º_EC41 | U97: =VLOOKUP('FICHA FUNCIONAL'!$E$6,$P$86:$U$93,1,FALSE) -> PREENCHA A REGRA DESEJADA | V97: CONTRIBUIÇÃO | W97: =VLOOKUP($K$2,$P$86:$AF$93,2,FALSE) -> 0 | X97: =IF(AND($W$97<>"NÃO CABE",$W$97<>"NADA A CUMPRIR",$W$97<>"MARQUE O SEXO",$W$97<>"REVER FUNDAMENTAÇÃO E/OU MODALIDADE"),$W$97,0) -> 0 | Y97: =VLOOKUP($K$2,$P$86:$AF$93,7,FALSE) -> 0 | Z97: =VLOOKUP($K$2,$P$86:$AF$93,12,FALSE) -> 0 | AA97: ='FICHA FUNCIONAL'!$E$23 -> 0 | AB97: =$AA$97+$W$102 -> #VALUE!
A98: =IF(AND(L98="SIM",M98="SIM"),"SIM","NÃO") -> NÃO | B98: VOLUNTÁRIA INTEGRAL | C98: TRANSIÇÃO EMENDA 20 | E98: =VI_TRANS_EC20!C82 -> NÃO | F98: =VI_TRANS_EC20!F82 -> 0 | G98: =VI_TRANS_EC20!H82 -> NÃO | H98: =VI_TRANS_EC20!I82 -> NÃO | I98: =VI_TRANS_EC20!J82 -> NÃO | J98: =VI_TRANS_EC20!K82 -> SIM | K98: =VI_TRANS_EC20!M82 -> NÃO | L98: =VI_TRANS_EC20!N82 -> NÃO | M98: =IF(L98="SIM",IF($F$96>=$F$97,"SIM",IF($F$97>=$F$98,"SIM",IF($F$98>=$F$99,"SIM",IF($F$99>=$F$100,"SIM",IF($F$100>=$F$101,"SIM",IF($F$101>=$F$102,"SIM",IF($F$102>=$F$103,"SIM","NÃO"))))))),"NÃO") -> NÃO | N98: 3 | P98: TRANSIÇÃO EMENDA 20 | U98: =VLOOKUP('FICHA FUNCIONAL'!$E$6,$P$86:$U$93,1,FALSE) -> PREENCHA A REGRA DESEJADA | V98: CARGO | W98: =VLOOKUP('FICHA FUNCIONAL'!$E$6,$P$86:$U$93,3,FALSE) -> 1825 | X98: =IF(AND($W$98<>"NÃO CABE",$W$98<>"NADA A CUMPRIR",$W$98<>"MARQUE O SEXO",$W$98<>"REVER FUNDAMENTAÇÃO E/OU MODALIDADE"),$W$98,0) -> 1825 | Y98: =VLOOKUP($K$2,$P$86:$AF$93,8,FALSE) -> 5 | Z98: =VLOOKUP($K$2,$P$86:$AF$93,13,FALSE) -> 0 | AA98: ='FICHA FUNCIONAL'!$E$23 -> 0 | AB98: =$AA$97+$W$102 -> #VALUE!
A99: =IF(AND(L99="SIM",M99="SIM"),"SIM","NÃO") -> NÃO | B99: VOLUNTÁRIA INTEGRAL | C99: REGRA PERMANENTE | E99: =VI_RP_EC20!C79 -> NÃO | F99: =VI_RP_EC20!F79 -> 0 | G99: =VI_RP_EC20!H79 -> NÃO | H99: =VI_RP_EC20!I79 -> NÃO | I99: =VI_RP_EC20!J79 -> NÃO | J99: =VI_RP_EC20!K79 -> SIM | K99: =VI_RP_EC20!M79 -> NÃO | L99: =VI_RP_EC20!N79 -> NÃO | M99: =IF(L99="SIM",IF($F$96>=$F$97,"SIM",IF($F$97>=$F$98,"SIM",IF($F$98>=$F$99,"SIM",IF($F$99>=$F$100,"SIM",IF($F$100>=$F$101,"SIM",IF($F$101>=$F$102,"SIM",IF($F$102>=$F$103,"SIM","NÃO"))))))),"NÃO") -> NÃO | N99: 4 | P99: VI_RP_REDAÇÃO EMENDA Nº 20/98 | U99: =VLOOKUP('FICHA FUNCIONAL'!$E$6,$P$86:$U$93,1,FALSE) -> PREENCHA A REGRA DESEJADA | V99: CARREIRA | W99: =VLOOKUP('FICHA FUNCIONAL'!$E$6,$P$86:$U$93,4,FALSE) -> 5475 | X99: =IF(AND($W$99<>"NÃO CABE",$W$99<>"NADA A CUMPRIR",$W$99<>"MARQUE O SEXO",$W$99<>"REVER FUNDAMENTAÇÃO E/OU MODALIDADE"),$W$99,0) -> 5475 | Y99: =VLOOKUP($K$2,$P$86:$AF$93,9,FALSE) -> 15 | Z99: =VLOOKUP($K$2,$P$86:$AF$93,14,FALSE) -> 0 | AA99: ='FICHA FUNCIONAL'!$E$23 -> 0 | AB99: =$AA$97+$W$102 -> #VALUE!
A100: =IF(AND(L100="SIM",M100="SIM"),"SIM","NÃO") -> NÃO | B100: VOLUNTÁRIA INTEGRAL | C100: REGRAS ANTES EC20 | E100: =VI_REAEC20!C78 -> SIM | F100: =VI_REAEC20!F78 -> 0 | G100: =VI_REAEC20!H78 -> NÃO | H100: =VI_REAEC20!I78 -> NÃO | I100: =VI_REAEC20!J78 -> SIM | J100: =VI_REAEC20!K78 -> SIM | K100: =VI_REAEC20!M78 -> NÃO | L100: =VI_REAEC20!N78 -> NÃO | M100: =IF(L100="SIM",IF($F$96>=$F$97,"SIM",IF($F$97>=$F$98,"SIM",IF($F$98>=$F$99,"SIM",IF($F$99>=$F$100,"SIM",IF($F$100>=$F$101,"SIM",IF($F$101>=$F$102,"SIM",IF($F$102>=$F$103,"SIM","NÃO"))))))),"NÃO") -> NÃO | N100: 5 | P100: REGRAS ANTES EC20 | U100: =VLOOKUP('FICHA FUNCIONAL'!$E$6,$P$86:$U$93,1,FALSE) -> PREENCHA A REGRA DESEJADA | V100: TSCP | W100: =VLOOKUP('FICHA FUNCIONAL'!$E$6,$P$86:$U$93,5,FALSE) -> 9125 | X100: =IF(AND($W$100<>"NÃO CABE",$W$100<>"NADA A CUMPRIR",$W$100<>"MARQUE O SEXO",$W$100<>"REVER FUNDAMENTAÇÃO E/OU MODALIDADE",$W$100<>"REVER"),$W$100,0) -> 9125 | Y100: =VLOOKUP($K$2,$P$86:$AF$93,10,FALSE) -> 25 | Z100: =VLOOKUP($K$2,$P$86:$AF$93,15,FALSE) -> 0 | AA100: ='FICHA FUNCIONAL'!$E$23 -> 0 | AB100: =$AA$97+$W$102 -> #VALUE!
A101: =IF(AND(L101="SIM",M101="SIM"),"SIM","NÃO") -> NÃO | B101: VOLUNTÁRIA ESPECIAL | C101: REGRAS ANTES EC20 | E101: =VE_RAEC20!C88 -> SIM | F101: =VE_RAEC20!F88 -> 0 | G101: =VE_RAEC20!H88 -> NÃO | H101: =VE_RAEC20!I88 -> NÃO | I101: =VE_RAEC20!J88 -> SIM | J101: =VE_RAEC20!K88 -> SIM | K101: =VE_RAEC20!M88 -> NÃO | L101: =VE_RAEC20!N88 -> NÃO | M101: =IF(L101="SIM",IF($F$96>=$F$97,"SIM",IF($F$97>=$F$98,"SIM",IF($F$98>=$F$99,"SIM",IF($F$99>=$F$100,"SIM",IF($F$100>=$F$101,"SIM",IF($F$101>=$F$102,"SIM",IF($F$102>=$F$103,"SIM","NÃO"))))))),"NÃO") -> NÃO | N101: 6 | P101: REGRAS ANTES EC20 | U101: =VLOOKUP('FICHA FUNCIONAL'!$E$6,$P$86:$U$93,1,FALSE) -> PREENCHA A REGRA DESEJADA | V101: IDADE | W101: =VLOOKUP('FICHA FUNCIONAL'!$E$6,$P$86:$U$93,6,FALSE) -> #VALUE! | X101: =IF(AND($W$101<>"NÃO CABE",$W$101<>"NADA A CUMPRIR",$W$101<>"MARQUE O SEXO",$W$101<>"REVER FUNDAMENTAÇÃO E/OU MODALIDADE"),$W$101,0) -> #VALUE! | Y101: =VLOOKUP($K$2,$P$86:$AF$93,11,FALSE) -> #VALUE! | Z101: =VLOOKUP($K$2,$P$86:$AF$93,16,FALSE) -> #VALUE! | AA101: ='FICHA FUNCIONAL'!$E$23 -> 0 | AB101: =$AA$97+$W$102 -> #VALUE!
A102: =IF(AND(L102="SIM",M102="SIM"),"SIM","NÃO") -> NÃO | B102: VOLUNTÁRIA ESPECIAL | C102: TRANSIÇÃO_ART. 6º_EC41 | E102: =VE_ART_6º!C89 -> NÃO | F102: =VE_ART_6º!F89 -> 0 | G102: =VE_ART_6º!H89 -> NÃO | H102: =VE_ART_6º!I89 -> NÃO | I102: =VE_ART_6º!J89 -> NÃO | J102: =VE_ART_6º!K89 -> NÃO | K102: =VE_ART_6º!M89 -> NÃO | L102: =VE_ART_6º!N89 -> NÃO | M102: =IF(L102="SIM",IF($F$96>=$F$97,"SIM",IF($F$97>=$F$98,"SIM",IF($F$98>=$F$99,"SIM",IF($F$99>=$F$100,"SIM",IF($F$100>=$F$101,"SIM",IF($F$101>=$F$102,"SIM",IF($F$102>=$F$103,"SIM","NÃO"))))))),"NÃO") -> NÃO | N102: 7 | P102: TRANSIÇÃO_ART. 6º_EC41 | W102: =MAX($W$97:$W$101) -> #VALUE!
A103: =IF(AND(L103="SIM",M103="SIM"),"SIM","NÃO") -> NÃO | B103: VOLUNTÁRIA ESPECIAL | C103: TRANSIÇÃO EMENDA 20 | E103: =VE_TRANS_EC20!C90 -> NÃO | F103: =VE_TRANS_EC20!F90 -> 0 | G103: =VE_TRANS_EC20!H90 -> NÃO | H103: =VE_TRANS_EC20!I90 -> NÃO | I103: =VE_TRANS_EC20!J90 -> NÃO | J103: =VE_TRANS_EC20!K90 -> SIM | K103: =VE_TRANS_EC20!M90 -> NÃO | L103: =VE_TRANS_EC20!N90 -> NÃO | M103: =IF(L103="SIM",IF($F$103>=$F$104,"SIM",IF($F$104>=$F$105,"SIM",IF($F$105>=$F$106,"SIM",IF($F$106>=$F$107,"SIM",IF($F$107>=$F$108,"SIM",IF($F$108>=$F$109,"SIM",IF($F$109>=$F$110,"SIM","NÃO"))))))),"NÃO") -> NÃO | N103: 8 | P103: TRANSIÇÃO EMENDA 20
A104: =IF(AND(L104="SIM",M104="SIM"),"SIM","NÃO") -> NÃO | B104: VOLUNTÁRIA ESPECIAL | C104: REGRA PERMANENTE | E104: =VE_RP_EC20!$C$91 -> NÃO | F104: =VE_RP_EC20!$F$91 -> 0 | G104: =VE_RP_EC20!$H$91 -> NÃO | H104: =VE_RP_EC20!$I$91 -> NÃO | I104: =VE_RP_EC20!$J$91 -> NÃO | J104: =VE_RP_EC20!$K$91 -> SIM | K104: =VE_RP_EC20!$M$91 -> NÃO | L104: =VE_RP_EC20!$N$91 -> NÃO | M104: =IF(L104="SIM",IF($F$103>=$F$104,"SIM",IF($F$104>=$F$105,"SIM",IF($F$105>=$F$106,"SIM",IF($F$106>=$F$107,"SIM",IF($F$107>=$F$108,"SIM",IF($F$108>=$F$109,"SIM",IF($F$109>=$F$110,"SIM","NÃO"))))))),"NÃO") -> NÃO | N104: 9 | P104: VE_RP_REDAÇÃO EMENDA Nº 20
...

Sheet INSTRUÇÃO
O1: FAAP - MÓDULO 1 - R3.1
B2: PLANILHA PARA SIMULAÇÃO DE MODALIDADES / REGRAS DE OPÇÃO DE APOSENTADORIAS
B5: 1) | C5: O que é?
B6: É uma ferramenta de preenchimento simplificado, cujo resultado avaliará as condições para aposentadoria de determinado servidor, apresentando críticas automáticas à medida em que os dados são inseridos nos campos próprios, permitindo uma segura conclusão quanto à possibilidade ou não de sua aposentação, considerando o preenchimento das condições constitucionais e das Emendas Constitucionais que promoveram reformas na previdência dos servidores públicos.
B8: Caso o servidor atenda os requisitos legais para aposentadoria, uma cópia das planilhas "ficha funcional", "mapa de tempo de serviço" e "conclusão" poderá, se o órgão jurisdicionado entender pertinente, ser inserida no respectivo processo a ser encaminhado ao Tribunal de Contas do Estado do Rio de Janeiro (TCE) como documentação subsidiária comprobatória de capacidade legal de aposentadoria, otimizando a processualidade dos citados atos, portanto, a apreciação da situação pelo jurisdicionado e pelo TCE, minimizando o risco de falhas quanto ao tempo de contribuição, a idade, a fundamentação legal do ato, e as consequentes tramitações (devoluções / diligência, etc.), acelerando o procedimento de decisão final no processo mediante a confiabilidade que a planilha apresenta.
B10: Caso o servidor não atenda de imediato os requisitos para aposentadoria de acordo com a modalidade e a regra escolhida, são oferecidas, se a situção funcional do servidor permitir, alternativas de modalidades e regras para aposentadoria que podem ser escolhidas e aplicadas ao caso concreto na forma que o jurisdcionado e o interessado (servidor) considerarem mais apropriada.
B11: 2) | C11: Objetivo
B12: Disponibilizar aos jurisdicionados ferramenta facilitadora da análise dos vários expedientes de aposentadoria, ainda em sua fase inicial, apresentando, se for o caso, ao servidor interessado um leque de possibilidades para que possa expressar a sua opção pelo cenário que lhe for mais favorável, agilizando a construção processual pelo órgão jurisdicionado e garantindo a qualidade do resultado.
B16: 3) | C16: Quem pode usar a planilha?
B17: Órgãos dos Poderes Executivo, Legislativo, Judiciário, Ministério Público, Tribunal de Contas e as entidades da Administração Indireta vinculadas ao Regime Jurídico Único, incluídas as Fundações Públicas de Direito Público, instituídas e mantidas pelos referidos poderes.
B21: INSTRUÇÕES DE PREENCHIMENTO
B24: I - | C24: DA FICHA FUNCIONAL
B26: 1 - | C26: MODALIDADE DE APOSENTADORIA: escolher em um rol de possibilidades (lista suspensa) aquela modalidade que melhor se aplicar ao caso do servidor candidato à aposentadoria, após preenchimento total dos demais itens, ou a qualquer instante, se desejar, considerando eventuais críticas que impeçam a aposentação na modalidade escolhida.
B30: 2 - | C30: REGRA DE OPÇÃO: escolher em um rol de possibilidades (lista suspensa) a fundamentação que seja possível, considerando a modalidade escolhida no campo "modalidade de aposentadoria". Qualquer incompatibilidade será apontada na síntese, na ficha de conclusão.
B34: 3 - | C34: FUNDAMENTAÇÃO A CONSTAR DO ATO: automaticamente é disponibilizada a ÚNICA fundamentação legal que deverá constar do ato considerando a modalidade de aposentadoria e a regra de opção escolhidas.
B37: 4 - | C37: ENTE DA FEDERAÇÃO: escolher, na lista suspensa, o Ente da Federação a que se refere.
B39: 5 - | C39: PODER: no campo definido, escolher em uma lista suspensa qual o Poder a que está vinculado.
B41: 6 - | C41: ÓRGÃO / ENTIDADE: este campo é livre para a digitação do nome do órgão da Administração Direta ou Autárquica ou Fundação Pública de direito público da Administração Indireta.
B44: 7 - | C44: NOME DO SERVIDOR: esse campo é livre para digitação. Digite o nome do interessado (servidor) como constante dos seus assentamentos funcionais.
B47: 8 - | C47: MATRÍCULA: indique a matrícula do ex-servidor em que se dá a jubilação (aposentação).
B49: 9 - | C49: CARGO: campo livre para digitação. Digite o cargo em que se dá a aposentadoria do ex-servidor, como consta dos seus assentamentos;
B50: 9.1 - | C50: DESDE: indique a data em que se deu o inicio do exercício no cargo específico em que o servidor está se aposentando.
B52: 10 - | C52: CARREIRA: campo livre para digitação. Digite a carreira em que se dá a aposentadoria do ex-servidor (que deve ser no mesmo órgão e Poder), como consta dos seus assentamentos;
... B62: 12.1 - | C62: IDADE: campo bloqueado para digitação que informa a idade do servidor na data de sua aposentadoria. Alteração automática que depende das datas de nascimento e validade do ato concessório.
C64: obs.: caso a data de validade seja a data da publicação, temos duas condições: 1) para efeito apenas de simulação de condição para aposentadoria, esta validade deverá ser estimada, haja vista inexistir ato a ser publicado ainda; 2) caso a Administração do órgão queira incluir no respectivo processo de aposentadoria as 3 planilhas resultantes do presente preenchimento, deverá retificar a data de validade com base naquela relativa à publicação efetivamente realizada e, a partir dessa retificação, providenciar as impressões das abas: ficha funcional, MTS - mapa de tempo de serviço e resumo conclusivo e suas juntadas aos autos de aposentação para remessa.
B70: 13 - | C70: C. P. F.: campo livre para digitação. Digite o número de inscrição do servidor no cadastro geral de contribuintes - CPF.
B72: 14 - | C72: VALIDADE: indique a data de validade do ato concessório do beneficio.
C74: obs.: caso a data de validade seja a data da publicação, temos duas condições: 1) para efeito apenas de simulação de condição para aposentadoria, esta validade deverá ser estimada, haja vista inexistir ato a ser publicado ainda; 2) caso a Administração do órgão queira incluir no respectivo processo de aposentadoria as 3 planilhas resultantes do presente preenchimento, deverá retificar a data de validade com base naquela relativa à publicação efetivamente realizada e, a partir dessa retificação, providenciar as impressões das abas: ficha funcional, MTS - mapa de tempo de serviço e resumo conclusivo e suas juntadas aos autos de aposentação para remessa.
C75: obs.2: VERIFICAÇÃO QUANTO À APOSENTADORIA COMPULSÓRIA: Se o servidor atingiu 70 anos antes da data de validade indicada no campo 14, uma mensagem em cor amarela será apresentada com a indicação da data de validade que deverá ser colocada no campo 14. Se o servidor não atingiu 70 anos antes da data de validade indicada no campo 14, será apresentada uma mensagem quanto ao número de dias restantes até o servidor atingir 70 anos e a data respectiva, de forma a subsidiar possíveis simulações.
B77: 15 - | C77: SEXO: marque "X" na opção a que se refere quanto ao sexo.
B79: 16 - | C79: EFETIVO MAGISTÉRIO: marque um "X" na opção que confere com a situação do ex-servidor (caso a aposentadoria se dê aos 25 anos de exercício exclusivo em funções de magistério, se mulher, ou 30 anos, se homem).
B82: 17 - | C82: REDAÇÃO DADA PELA: marque um "X" em uma das opções quando se fundamentar em regra permanente (campo 2 - regra de opção), considerando a data da validade do ato concessório.
C84: obs.: caso a data de validade seja a data da publicação, temos duas condições: 1) para efeito apenas de simulação de condição para aposentadoria, esta validade deverá ser estimada, haja vista inexistir ato a ser publicado ainda; 2) caso a Administração do órgão queira incluir no respectivo processo de aposentadoria as 3 planilhas resultantes do presente preenchimento, deverá retificar a data de validade com base naquela relativa à publicação efetivamente realizada e, a partir dessa retificação, providenciar as impressões das abas: ficha funcional, MTS - mapa de tempo de serviço e resumo conclusivo e suas juntadas aos autos de aposentação para remessa.
B90: 18 - | C90: TEMPO NO CARGO: campo bloqueado para digitação. A informação é lançada automaticamente, dependendo da data de início do exercício no cargo efetivo e a validade da aposentadoria.
C92: obs.: caso a data de validade da aposentadoria seja a data da publicação, temos duas condições: 1) para efeito apenas de simulação de condição para aposentadoria, esta validade deverá ser estimada, haja vista inexistir ato a ser publicado ainda; 2) caso a Administração do órgão queira incluir no respectivo processo de aposentadoria as 3 planilhas resultantes do presente preenchimento, deverá retificar a data de validade com base naquela relativa à publicação efetivamente realizada e, a partir dessa retificação, providenciar as impressões das abas: ficha funcional, MTS - mapa de tempo de serviço e resumo conclusivo e suas juntadas aos autos de aposentação para remessa.
B98: 19 - | C98: TEMPO NA CARREIRA: campo bloqueado para digitação. A informação é lançada automaticamente, dependendo da data de início do exercício na carreira em que se dará a aposentadoria e a validade do ato concessório.
C100: obs.: caso a data de validade seja a data da publicação, temos duas condições: 1) para efeito apenas de simulação de condição para aposentadoria, esta validade deverá ser estimada, haja vista inexistir ato a ser publicado ainda; 2) caso a Administração do órgão queira incluir no respectivo processo de aposentadoria as 3 planilhas resultantes do presente preenchimento, deverá retificar a data de validade com base naquela relativa à publicação efetivamente realizada e, a partir dessa retificação, providenciar as impressões das abas: ficha funcional, MTS - mapa de tempo de serviço e resumo conclusivo e suas juntadas aos autos de aposentação para remessa.
B106: 20 - | C106: VALIDADE DA REGRA: campo bloqueado para digitação. Alteração automática que depende da regra de aposentação.
B108: 21 - | C108: CONCLUSÃO: campo preenchido automaticamente, consistindo em uma síntese de tudo digitado até o momento, apontando críticas que impedem a aposentadoria do servidor nas condições informadas (fundamentação imprópria, falta de tempo de serviço, idade inferior à necessária, etc.), ou ratificando que até o momento, as condições para aposentadoria estão satisfeitas, mencionando, ainda, a data possível para a aposentadoria na regra/modalidade escolhida.
B112: II - | C112: DO MTS - MAPA DE TEMPO DE SERVIÇO E/OU CONTRIBUIÇÃO
B114: 1 - | C114: SITUAÇÃO ANTES DA E. C. nº 20/98: esse campo deve ser preenchido somente com os dados do servidor referentes a períodos anteriores à Emenda Constituicional nº 20/98 (EC nº 20/98). Acaso seja digitada uma data posterior a 15/12/98, o totalizador apresentará a informação "REVER", em vermelho.
B118: 2 - | C118: DISCRIMINAÇÃO: preencher os períodos apresentados para fins de contagem do tempo de contribuição / serviço, anteriores a 16/12/98.
B121: 3 - | C121: INSS: célula livre para digitação. Indique os períodos, computando na célula de tempo em dias o total líquido constante de certidão emitida pelo órgão previdenciário do Regime Geral de Previdência Social - RGPS, observando-se a impossibilidade de contagem dos tempos concomitantes.
B125: 4 - | C125: OUTROS PODERES- INSS: digitação de tempo de serviço / contribuição vinculados a outros órgãos da Administração Pública Direta e/ou Indireta (incluindo suas Empresas Públicas e Sociedades de Economia Mista) no âmbito federal, estadual, municipal ou distrital.
C127: Nas células "total dias" desbloqueadas, poderão ser apontados o tempo total constante de certidão ou início, término e total. Nas células "total dias" bloqueadas, apontar somente a data inicial e final.
C128: Observar a impossibilidade de contagem de tempo concomitante.
B130: 4.1 - | C130: OUTROS PODERES: célula livre para digitação. Computando na célula de tempo em número de dias o total líquido constante de declaração / certidão emitida pelo órgão de Previdência dos Servidores (Regime Próprio dos Servidores Públicos - RPPS) do Ente
C132: Federado, quando os períodos forem intercalados, observando-se a impossibilidade de contagem dos tempos concomitantes.
B134: 4.2 - | C134: OUTROS PODERES: digite o período quando ininterrupto. A célula de tempo em dias é calculada automaticamente, observando-se a impossibilidade de contagem dos períodos concomitantes.
B137: 5 - | C137: FORÇAS ARMADAS: célula livre para digitação. Indique o período, computando na célula de tempo em dias o total constante de certidão discriminativa e/ou certificado de reservista.
B140: 6 - | C140: ÓRGÃO DE ORIGEM: digitação de tempo de serviço / contribuição de todos os períodos referentes ao servidor enquanto vinculado ao Regime Próprio dos Servidores do Ente Federado em que se dará a aposentadoria.
B143: 6.1 - | C143: ÓRGÃO DE ORIGEM: célula livre para digitação. Indique os períodos intercalados e o tempo em dias constante dos assentamentos funcionais do servidor;
B145: 6.2 - | C145: ÓRGÃO DE ORIGEM: indique o período ininterrupto e o cálculo do tempo ocorre automaticamente.
B147: 7 - | C147: LICENÇA ESPECIAL: se a legislação permitia em data anterior à Emenda Constitucional nº 20/98 a contagem em dobro, para fins de aposentadoria, somente poderão ser computadas as licenças não fruídas, em quantidade de períodos cumpridos (ex. 1, 2, 3, 5...)
B150: 8 - | C150: FÉRIAS EM DOBRO: se a legislação permitia em data anterior à Emenda Constitucional nº 20/98, a contagem em dobro para fins de aposentadoria, somente poderão ser computadas as férias não usufruídas, em quantidade de períodos cumpridos (ex. 1; 2; 3, 5...).
B153: 9 - | C153: BÔNUS ESPECIAL DE MAGISTÉRIO: célula bloqueada para digitação. Nos casos de Transição da Emenda nº 20/98 e art. 2º da Emenda nº 41/03, é concedido um incremento no tempo de contribuição do professor, para que se equivalha aos demais servidores que precisam cumprir a totalidade do tempo de contribuição.
B157: 10 - | C157: FALTAS: célula livre para digitação. Aponte as faltas ocorridas antes de 15/12/98 (Antes da Emenda nº 20/98)
B159: 11 - | C159: LICENÇA SEM VENCIMENTOS: indique o total de licenças sem vencimentos, em número de dias, nos períodos a seguir:
B161: 11.1 - | C161: LICENÇA SEM VENCIMENTOS: período anterior à Emenda Constitucional nº 20/98 (até 15/12/1998);
B163: 12 - | C163: SUBTOTAL: células bloqueadas para digitação. Os cálculos são automáticos. Totalização parcial dos períodos computados antes da Emenda Constitucional nº 20/98.
... B208: 17.6 - | C208: LICENÇA SEM VENCIMENTOS: célula livre para digitação. Indique o total de licenças sem vencimentos no período entre a Emenda Constitucional nº 20/98 até a validade da regra pela Emenda Constitucional nº 41/2003 (de 16/12/1998 até 19/02/2004, se regra permanente com redação da EC 20/98, ou de 16/12/1998 até 30/12/2003, se regra de transição da EC 20/98);
C211: Uma vez digitada alguma quantidade de dias de licença, deverá ser apontado no quadro à direita se houve ou não contribuição para o RPPS no período de licença.
C214: obs. 1: quando forem lançados períodos de licença sem vencimentos, aparecerá, automaticamente, o questionamento sobre se houve, ou não, contribuição ao Regime Próprio de Previdência dos Servidores Públicos - RPPS. Responda se "SIM, NÃO ou NÃO CABE, conforme o caso, para que a licença seja ou não computada.
B217: 18 - | C217: SUBTOTAL: células bloqueadas para digitação. Os cálculos são automáticos. Totalização parcial dos períodos computados a partir de 16/12/1998 até 30/12/2003, ou 19/02/2004, conforme o caso em que se enquadre a fundamentação do ato de aposentadoria.
B220: 19 - | C220: DESDE O INÍCIO: subtotal parcial. Células bloqueadas para digitação. Os cálculos são automáticos. Totalização parcial dos períodos computados desde o início até 30/12/2003, ou 19/02/2004, conforme o caso em que se enquadre a fundamentação do ato de aposentadoria.
B224: 20 - | C224: SITUAÇÃO APÓS A EMENDA Nº 41/03: esse campo deve ser preenchido somente com os dados relativos ao servidor referentes períodos a partir 20/02/2004 (publicação da Medida Provisória - MP nº 167/04 que regulamentou o cálculo da média para fins de proventos). Acaso seja digitada uma data anterior a 20/02/2004, o totalizador apresentará a informação "REVER", em vermelho.
B228: 20.1 - | C228: DISCRIMINAÇÃO: preencher os períodos apresentados para fins de contagem do tempo de contribuição / serviços, a partir de 20/02/2004 até o dia anterior ao da validade do ato de aposentadoria.
C230: obs.: caso a data de validade seja a data da publicação, temos duas condições: 1) para efeito apenas de simulação de condição para aposentadoria, esta validade deverá ser estimada, haja vista inexistir ato a ser publicado ainda; 2) caso a Administração do órgão queira incluir no respectivo processo de aposentadoria as 3 planilhas resultantes do presente preenchimento, deverá retificar a data de validade com base naquela relativa à publicação efetivamente realizada e, a partir dessa retificação, providenciar as impressões das abas: ficha funcional, MTS - mapa de tempo de serviço e resumo conclusivo e suas juntadas aos autos de aposentação para remessa.
B232: 20.2 - | C232: INSS: célula livre para digitação. Indique os períodos a partir 20/02/04, conforme o caso (acima), computando na célula de tempo em dias o total líquido constante de certidão emitida pelo órgão previdenciário do Regime Geral de Previdência Social - RGPS, observando-se a impossibilidade de contagem dos tempos concomitantes.
B236: 20.3 - | C236: OUTROS PODERES - INSS: digitação de tempo de serviços / contribuições vinculados a outros órgãos da Administração Pública no âmbito federal, estadual, municipal ou distrital, relativos ao período a partir de 20/02/2004. Observar a impossibilidade de contagem de tempo concomitante.
B239: 20.4 - | C239: ÓRGÃO DE ORIGEM: indique o período ininterrupto a partir de 20/02/2004, conforme o caso, e o cálculo do tempo ocorre automaticamente.
B242: 20.5 - | C242: FALTAS: célula livre para digitação. Aponte as faltas ocorridas a partir de 20/02/2004, conforme o caso.
B244: 20.6 - | C244: LICENÇA SEM VENCIMENTOS: Indicar os períodos de licença sem vencimentos, a partir de 20/02/2004.
C246: Uma vez digitada alguma quantidade de dias de licença, deverá ser apontado no quadro à direita se houve ou não contribuição para o RPPS no período de licença.
C249: obs.1: quando forem lançados períodos de licença sem vencimentos, aparecerá, automaticamente, o questionamento sobre se houve, ou não, contribuição ao Regime Próprio de Previdência dos Servidores Públicos - RPPS. Responda se "SIM, NÃO ou NÃO CABE, conforme o caso, para que a licença seja ou não computada.
B252: 21 - | C252: SUBTOTAL: células bloqueadas para digitação. Os cálculos são automáticos. Totalização parcial dos períodos computados a partir de 20/02/2004 até o dia anterior ao da validade da aposentadoria.
C254: obs.: caso a data de validade seja a data da publicação, temos duas condições: 1) para efeito apenas de simulação de condição para aposentadoria, esta validade deverá ser estimada, haja vista inexistir ato a ser publicado ainda; 2) caso a Administração do órgão queira incluir no respectivo processo de aposentadoria as 3 planilhas resultantes do presente preenchimento, deverá retificar a data de validade com base naquela relativa à publicação efetivamente realizada e, a partir dessa retificação, providenciar as impressões das abas: ficha funcional, MTS - mapa de tempo de serviço e resumo conclusivo e suas juntadas aos autos de aposentação para remessa.
B256: 22 - | C256: SITUAÇÃO GERAL: informação geral sobre o tempo computado para aposentadoria.
B258: 23 - | C258: TOTAL GERAL: Células bloqueadas para digitação. Os cálculos são automáticos. Totalização geral dos períodos computados desde o início até o dia anterior ao da aposentadoria, considerando todos os tempos averbados, antes da EC nº 20/98, entre a EC nº 20/98 até 30/12/03 (ou 19/02/2004), conforme a fundamentação legal do ato e a partir de 20/02/2004.
B262: 24 - | C262: CONCLUSÃO: essa área da tela é automaticamente preenchida a partir das digitações dos dados do interessado quanto aos assentamentos funcionais e mapa de tempo de serviço. Serve de crítica para que a Administração de Pessoal possa conhecer o melhor cenário para a aposentadoria do servidor interessado e este, buscar a melhor opção para a jubilação, com relação aos proventos e paridade.
B267: 25 - | C267: TEMPO FALTANTE: campo automaticamente preenchido, se for o caso, a partir das digitações efetuadas no mapa de tempo de serviço / contribuição, considerando-se a modalidade de aposentadoria e a regra de opção escolhidas.
B270: 26 - | C270: CRÍTICAS: área automaticamente preenchida a partir das digitações da ficha funcional (I) e do mapa de tempo de serviço / contribuição (II), considerando a modalidade de aposentadoria e a regra de opção escolhidas, apontando críticas que impedem a aposentadoria do servidor nas condições informadas (fundamentação imprópria, falta de tempo de serviço, idade inferior à necessária, etc.), ou ratificando que as condições para aposentadoria estão satisfeitas.
B276: III - | C276: DO RESUMO CONCLUSIVO
B278: 1 - | C278: RESUMO CONCLUSIVO: este formulário é preenchido automaticamente, a partir dos in put da (I) ficha funcional e do (II) mapa de tempo de serviço/contribuição - MTS. Todos os campos são bloqueados para digitação e/ou qualquer alteração.
B281: 2 - | C281: CONDIÇÕES DE APOSENTADORIA: esta área destina-se a explicitar se as condições para a aposentação foram plenamente atendidas, com relação à modalidade e regra de opção da aposentadoria e, assim, indicando a fundamentação legal do ato, a partir da (I) ficha funcional, bem como as condições de tempo de contribuição, em conformidade com o (II) mapa de tempo de serviço/contribuição - MTS.
B286: 3 - | C286: MODALIDADE DE APOSENTADORIA ESCOLHIDA: reproduz a modalidade escolhida na simulação de cenário constante da ficha funcional (I), possibilitando, a qualquer momento, a sua alteração a partir da ficha funcional (I).
B289: 4 - | C289: REGRA DE OPÇÃO DE APOSENTADORIA ESCOLHIDA: apresenta a opção de aposentadoria escolhida na (I) ficha funcional, possibilitando, a qualquer momento, nova simulação de cenário.
B292: 5 - | C292: FUNDAMENTAÇÃO LEGAL A SER UTILIZADA NO ATO DE APOSENTADORIA: considerando a modalidade e a regra de opção de aposentadoria, é disponibilizada, automaticamente, a fundamentação legal a constar do ato de aposentadoria. É possível, a qualquer momento, nova simulação de cenário a partir da ficha funcional (I), que resultará, consequentemente, em nova e diferente fundamentação a ser reproduzida no ato de aposentação.
B297: 6 - | C297: TEMPO DE CONTRIBUIÇÃO / SERVIÇO TOTAL APURADO: é automaticamente disponibilizado o período total abrangido na apuração do tempo de contribuição / serviço, apresentando o tempo total contado para fins de aposentadoria (consolidado), a partir do mapa de contribuição / serviço - MTS.
... B341: 17 - | C341: MODALIDADE DE APOSENTADORIA / REGRA DE OPÇÃO / TEMPO / IDADE / PARIDADE: eventualmente, dependendo das condições dos dados lançados na ficha funcional (I) e no mapa de tempo de serviço / contribução (II), poderão surgir cenários alternativos para aposentação do servidor que podem ser escolhidos e aplicados ao caso concreto na forma que o jurisdcionado e o interessado (servidor) considerarem mais apropriada .
C345: Obs.: Caso não haja para o(a) servidor(a) nenhuma possibilidade de aposentadoria após a ferramenta ter sido completamente preenchida, será apresentada a mensagem "NÃO HÁ MODALIDADE E/OU REGRA QUE POSSIBILITE A APOSENTADORIA VOLUNTÁRIA".
C346: Obs.: 2 O Termo de Opção será automaticamente e totalmente preenchido no momento em que a modalidade e a regra de aposentadoria ESCOLHIDAS PELO SERVIDOR forem colocadas nos campos 1 e 2 da aba "FICHA FUNCIONAL", quando, então, também automaticamente aparecerá um "X" na opção escolhida na aba "RESUMO CONCLUSIVO", confirmando a opção.
B349: IV - | C349: DOS CENÁRIOS DE CONCESSÃO
B351: 1 - | C351: CENÁRIOS DE CONCESSÃO: esta aba é resultado automático das entradas (in put) da (I) ficha funcional e do (II) mapa de tempo de serviço/contribuição - MTS. Serve para oferecer ao servidor uma visão das possibilidades atuais e futuras de aposentadoria, informando, neste último caso, a data prevista para a aquisição de direito à aposentação em determinada regra-modalidade. Todos os campos são bloqueados para digitação e/ou qualquer alteração.
B354: 2 - | C354: CONDIÇÕES DE APOSENTADORIA: esta área destina-se a explicitar se as condições para a aposentação foram plenamente atendidas, com relação à modalidade e à regra de opção da aposentadoria e, assim, indicando se as condições foram cumpridas ou não e, nessa segunda hipótese, apresentando a variável não atendida, o tempo que falta a cumprir e disponibilizando uma previsão aproximada sobre a melhor data para a aposentadoria do servidor em cada regra e modalidade, considerando os dados inseridos na (I) ficha funcional, bem como as condições de tempo de contribuição, em conformidade com o (II) mapa de tempo de serviço/contribuição - MTS.
B360: 3 - | C360: CABEÇALHO DESCRITIVO: DE REGRA DE OPÇÃO; MODALIDADE; CONCLUSÃO; VARIÁVEL NÃO CUMPRIDA; TEMPO FALTANTE E DATA PREVISTA PARA APOSENTADORIA: reproduz as condições para a aposentação do servidor, informando se a regra / modalidade foram cumpridas, ou não, e, nessa segunda hipótese, apresenta a variável não cumprida, bem como o tempo faltante e a data aproximada, considerando os dados inseridos na simulação de cenário constante da ficha funcional (I) e no mapa de tempo de serviço/contribuição (II).
B366: 4 - | C366: TRANSIÇÃO EMENDA Nº 47/05 - VOLUNTÁRIA INTEGRAL: critica a possibilidade, ou não, de o interessado ser aposentado nessa regra/modalidade. Ressalte-se que essa regra não se aplica aos servidores ingressados após 15/12/1998, ou seja, é somente para os interessados admitidos antes da Emenda Constitucional nº 20/98.
B370: 5 - | C370: TRANS. ART. 6º DA EMENDA Nº 41/03 - VOLUNTÁRIA INTEGRAL: critica a possibilidade, ou não, do interessado ser aposentado nessa regra/modalidade. Ressalte-se que essa regra não se aplica aos servidores ingressados após 30/12/2003, ou seja, é somente para os interessados admitidos antes da Emenda Constitucional nº 41/2003.
B374: 6 - | C374: TRANS. ART. 6º DA EMENDA Nº 41/03 - VOLUNTÁRIA ESPECIAL: critica a possibilidade, ou não, do interessado ser aposentado nessa regra/modalidade. Ressalte-se que essa regra não se aplica aos servidores ingressados após 30/12/2003, ou seja, é somente para os interessados admitidos antes da Emenda Constitucional nº 41/2003. Acaso não seja informado o efetivo exercício de magistério, será requerida essa informação no campo conclusão: "CONFIRME MAGISTÉRIO".
B379: 7 - | C379: TRANSIÇÃO EMENDA Nº 20/98 - VOLUNTÁRIA INTEGRAL: critica a possibilidade, ou não, de o interessado ser aposentado nessa regra/modalidade. Ressalte-se que essa regra não se aplica aos servidores ingressados após 15/12/1998, ou seja, é somente para os interessados admitidos antes da Emenda Constitucional nº 20/1998 que tenham satisfeitos todas as condições até 30/12/2003, pois essa possibilidade foi revogada pela Emenda nº 41/03, publicada em 31/12/2003.
...

Sheet VI_REAEC20
B2: TIPO DE APOSENTADORIA | D2: : | E2: VOLUNTÁRIA INTEGRAL | J2: OPÇÃO: | K2: REGRAS ANTES EC20 | O2: REGRAS ANTES EC20 | P2: TEMPO: | Q2: ART. 40 CF | R2: EC 20 | S2: ART 6º | T2: ART. 2º | U2: EC 47
O3: REGRA PERMANENTE
B4: HISTÓRICO FUNCIONAL | O4: TRANSIÇÃO EMENDA 20 | P4: CARGO | Q4: =IF(OR($E$2=$B$86,$E$2=$B$87,E2=B88),IF($M$13>=5,"ATENDE","NÃO CUMPRE"),"NÃO CABE") -> NÃO CUMPRE | R4: =IF($N$8<$Q$11,IF($M$13>=5,"ATENDE","NÃO CUMPRE"),"REVER FUNDAMENTAÇÃO") -> NÃO CUMPRE | S4: =IF($N$8<$Q$13,IF($M$13>=5,"ATENDE","NÃO ATENDE"),"REVER FUNDAMENTAÇÃO") -> NÃO ATENDE | T4: =IF($N$8<$Q$11,IF($M$13>=5,"ATENDE","NÃO ATENDE"),"REVER FUNDAMENT.") -> NÃO ATENDE | U4: =IF($N$8<$Q$11,IF($M$13>=5,"ATENDE","NÃO ATENDE"),"REVER FUNDAMENT.") -> NÃO ATENDE
O5: TRANSIÇÃO_ART. 2º_EC41
A6: PODER | B6: ENTE DA FEDERAÇÃO: | E6: =CRÍTICA_IGP1!E6 -> ESTADO DO RIO DE JANEIRO | I6: PODER: | J6: =CRÍTICA_IGP1!J6 -> EXECUTIVO | K6: Ó R G Ã O : | M6: =CRÍTICA_IGP1!M6 -> 0 | O6: TRANSIÇÃO_ART. 6º_EC41 | P6: CARREIRA | Q6: NÃO CABE | R6: =IF($N$8<$Q$11,"NÃO CABE","REVER FUNDAM.") -> NÃO CABE | S6: =IF($N$8<$Q$13,IF($M$14>=10,"ATENDE","NÃO ATENDE"),"REVER FUNDAMEN.") -> NÃO ATENDE | T6: =IF($N$8<$Q$11,"NÃO CABE","REVER FUNDAMENT.") -> NÃO CABE | U6: =IF($N$8<$Q$11,IF($M$14>=15,"ATENDE","NÃO ATENDE"),"REVER FUNDAMENT.") -> NÃO ATENDE
A7: EXECUTIVO | B7: NOME : | C7: =CRÍTICA_IGP1!C7 -> 0 | K7: MATRÍCULA : | N7: =CRÍTICA_IGP1!N7 -> 0 | O7: TRANSIÇÃO_EMENDA 47 | P7: SERVIÇO PÚBLICO: | Q7: =IF(OR($E$2=$B$86,$E$2=$B$87,E2=B88),IF($M$15>=10,"ATENDE","NÃO CUMPRE"),O76) -> NÃO CUMPRE | R7: 0 | S7: =IF($N$8<$Q$13,IF($M$15>=20,"ATENDE","NÃO ATENDE"),"REVER FUNDAMENT.") -> NÃO ATENDE | T7: 0 | U7: =IF($N$8<$Q$11,IF($M$15>=25,"ATENDE","NÃO ATENDE"),"REVER FUNDAMENT.") -> NÃO ATENDE
A8: LEGISLATIVO | B8: CARGO : | C8: =CRÍTICA_IGP1!C8 -> 0 | I8: DESDE: | J8: =CRÍTICA_IGP1!J8 -> 0 | K8: ADMISSÃO : | N8: =CRÍTICA_IGP1!N8 -> 0
A9: JUDICIÁRIO | B9: CARREIRA: | C9: =CRÍTICA_IGP1!C9 -> 0 | I9: DESDE: | J9: =CRÍTICA_IGP1!J9 -> 0 | K9: NASCIMENTO : | N9: =CRÍTICA_IGP1!N9 -> 0 | O9: =IF($N$9=0,0,O$10-N9) -> 0
B10: SEXO : | D10: =CRÍTICA_IGP1!D10 -> 0 | E10: MASCULINO | G10: =CRÍTICA_IGP1!G10 -> 0 | H10: FEMININO | K10: VALIDADE DA REGRA: | N10: =IF($O$10=0,"-",$O$11) -> 36144 | O10: =IF($K$2=$O$3,IF($D$14="X",$R$12,IF($G$14="X",$H$19,0)),IF($K$2=$O$2,$R$11,IF($K$2=$O$4,$R$13,$H$19))) -> 36144
K11: CPF : | N11: =IF(G10="x",ROUNDDOWN((O9-12)/365,0),ROUNDDOWN((O9-14)/365,0)) -> 0 | O11: =IF($D$14="X",IF($E$45<=$O$10,$E$45,$O$10),$O$10) -> 36144 | P11: EC Nº 20/98 | Q11: 36145 | R11: =IF($H$19<36144,$H$19,36144) -> 36144
B12: EFET - MAGISTÉRIO | D12: =CRÍTICA_IGP1!D12 -> 0 | E12: SIM | G12: =CRÍTICA_IGP1!G12 -> 0 | H12: NÃO | M12: ANOS | N12: DIAS | P12: MPV 167/04 | Q12: 38037 | R12: =IF($H$19<38036,$H$19,38036) -> 38036
J13: TEMPO CARGO: | M13: =ROUNDDOWN($O$13/365,0) -> 0 | N13: =O13-(M13*365) -> 0 | O13: =IF($J$8=0,0,O$10-$J$8-$O$63-$O$61) -> 0 | P13: EC Nº 41/03 | Q13: 37986 | R13: =IF($H$19<37985,$H$19,37985) -> 37985
B14: REDAÇÃO DADA PELA | D14: =CRÍTICA_IGP1!D14 -> 0 | E14: EMENDA Nº 20/98 | G14: =CRÍTICA_IGP1!G14 -> x | H14: EMENDA Nº 41/03 | J14: TEMPO CARREIRA: | M14: =ROUNDDOWN($O$14/365,0) -> 0 | N14: =O14-(M14*365) -> 0 | O14: =IF($J$9=0,0,O$10-$J$9-$O$63-$O$61) -> 0 | P14: CONSTITUIÇÃO FEDERAL | Q14: 32421
B15: ADICIONAL POR TEMPO DE SERVIÇO: | G15: =CRÍTICA_IGP1!G15 -> TRIÊNIO | J15: TEMPO DE SERVIÇO PÚBLICO: | M15: =ROUNDDOWN($O$15/365,0) -> 0 | N15: =O15-(M15*365) -> 0 | O15: =IF(AND('MTS - MAPA DE TEMPO DE SERVIÇO'!$N$35="SIM",'MTS - MAPA DE TEMPO DE SERVIÇO'!$N$51="SIM"),$O$16,IF(AND('MTS - MAPA DE TEMPO DE SERVIÇO'!$N$35="SIM",'MTS - MAPA DE TEMPO DE SERVIÇO'!$N$51="NÃO"),$O$17,IF(AND('MTS - MAPA DE TEMPO DE SERVIÇO'!$N$35="NÃO",'MTS - MAPA DE TEMPO DE SERVIÇO'!$N$51="SIM"),$O$18,IF(AND('MTS - MAPA DE TEMPO DE SERVIÇO'!$N$35="NÃO",'MTS - MAPA DE TEMPO DE SERVIÇO'!$N$51="NÃO"),$O$19,$O$16)))) -> 0 | P15: ADIN 609-6 - decisão TCE | Q15: 35915
O16: =IF($N$10<$Q$11,SUM($F$27:$F$34),IF($N$10<$Q$12,SUM($F$27:$F$34)+$H$51-$O$20,SUM($F$27:$F$34)+$H$51+$H$60-$O$22)) -> 0
B17: DOCUMENTAÇÃO : | O17: =IF($N$10<$Q$11,SUM($F$27:$F$34),IF($N$10<$Q$12,SUM($F$27:$F$34)+$H$51-$O$20,SUM($F$27:$F$34)+$H$51-$O$20+$H$60)) -> 0 | P17: ADICIONAL POR TEMPO DE SERVIÇO
J18: DECLARAÇÃO DE ACUMULAÇÃO - FL | O18: =IF($N$10<$Q$11,SUM($F$27:$F$34),IF($N$10<$Q$12,SUM($F$27:$F$34)+$H$51,SUM($F$27:$F$34)+$H$51+$H$60-$O$21)) -> 0 | P18: ANUÊNIO
B19: ATO CONCESSÓRIO | D19: FL. | F19: VALIDADE : | H19: 40863 | J19: AUTORIDADE COMPETENTE | O19: =IF($N$10<$Q$11,SUM($F$27:$F$34),IF($N$10<$Q$12,SUM($F$27:$F$34)+$H$51,SUM($F$27:$F$34)+$H$51+$H$60)) -> 0 | P19: TRIÊNIO
B20: APOSTILA_FIXAÇÃO | D20: FL. | F20: VALOR : | J20: SERVIDOR | O20: ='MTS - MAPA DE TEMPO DE SERVIÇO'!H42 -> 0 | P20: QUINQUÊNIO
B21: REQUERIMENTO | D21: FL. | F21: PROTOCOLO NA ORIGEM - FL: | O21: ='MTS - MAPA DE TEMPO DE SERVIÇO'!H58 -> 0 | P21: DECÊNIO
O22: =SUM(O20:O21) -> 0
B23: TEMPO DE SERVIÇO: | P23: ORDEM | Q23: 1 | R23: 2 | S23: 3 | T23: 4 | U23: 5 | V23: 6 | W23: 7 | X23: 8 | Y23: 9 | Z23: 10 | AA23: 11 | AB23: 12 | AC23: 13 | AD23: 14 | AE23: 15 | AF23: 16 | AG23: 17 | AH23: 18 | AI23: 19 | AJ23: 20 | AK23: 21 | AL23: 22 | AM23: 23 | AN23: 24 | AO23: 25 | AP23: 26 | AQ23: 27 | AR23: 28 | AS23: 29 | AT23: 30 | AU23: 31 | AV23: 32 | AW23: 33 | AX23: 34 | AY23: 35
B25: DISCRIMINAÇÃO | C25: PERÍODO | E25: PERÍODO | F25: DIAS | G25: OBSERVAÇÃO | P25: ANUÊNIO - 1
B26: INSS | C26: =CRÍTICA_IGP1!C26 -> 0 | D26: a | E26: =CRÍTICA_IGP1!E26 -> 0 | F26: =CRÍTICA_IGP1!F26 -> 0 | G26: C.T.S. INSS - FLS.: | J26: =CRÍTICA_IGP1!J26 -> 0 | L26: OFÍCIO - FLS.: | N26: =CRÍTICA_IGP1!N26 -> 0 | P26: ANOS | Q26: 1 | R26: 2 | S26: 3 | T26: 4 | U26: 5 | V26: 6 | W26: 7 | X26: 8 | Y26: 9 | Z26: 10 | AA26: 11 | AB26: 12 | AC26: 13 | AD26: 14 | AE26: 15 | AF26: 16 | AG26: 17 | AH26: 18 | AI26: 19 | AJ26: 20 | AK26: 21 | AL26: 22 | AM26: 23 | AN26: 24 | AO26: 25 | AP26: 26 | AQ26: 27 | AR26: 28 | AS26: 29 | AT26: 30 | AU26: 31 | AV26: 32 | AW26: 33 | AX26: 34 | AY26: 35
B27: OUTROS PODERES | C27: =CRÍTICA_IGP1!C27 -> 0 | D27: a | E27: =CRÍTICA_IGP1!E27 -> 0 | F27: =CRÍTICA_IGP1!F27 -> 0 | G27: C.T.S. / M.T.S. - FLS.: | J27: =CRÍTICA_IGP1!J27 -> #REF! | L27: OFÍCIO - FLS.: | N27: =CRÍTICA_IGP1!N27 -> 0 | P27: ATS % | Q27: 0.01 | R27: 0.02 | S27: 0.03 | T27: 0.04 | U27: 0.05 | V27: 0.06 | W27: 0.07 | X27: 0.08 | Y27: 0.09 | Z27: 0.1 | AA27: 0.11 | AB27: 0.12 | AC27: 0.13 | AD27: 0.14 | AE27: 0.15 | AF27: 0.16 | AG27: 0.17 | AH27: 0.18 | AI27: 0.19 | AJ27: 0.2 | AK27: 0.21 | AL27: 0.22 | AM27: 0.23 | AN27: 0.24 | AO27: 0.25 | AP27: 0.26 | AQ27: 0.27 | AR27: 0.28 | AS27: 0.29 | AT27: 0.3 | AU27: 0.31 | AV27: 0.32 | AW27: 0.33 | AX27: 0.34 | AY27: 0.35
B28: OUTROS PODERES | C28: =CRÍTICA_IGP1!C28 -> 0 | D28: a | E28: =CRÍTICA_IGP1!E28 -> 0 | F28: =IF(C28=0,0,IF(E28=0,0,E28-C28+1)) -> 0 | G28: C.T.S. / M.T.S. - FLS.: | J28: =CRÍTICA_IGP1!J28 -> #REF! | L28: OFÍCIO - FLS.: | N28: =CRÍTICA_IGP1!N28 -> 0
B29: FORÇAS ARMADAS | C29: =CRÍTICA_IGP1!C29 -> 0 | D29: a | E29: =CRÍTICA_IGP1!E29 -> 0 | F29: =CRÍTICA_IGP1!F29 -> 0 | G29: C.T.S. / M.T.S. - FLS.: | J29: =CRÍTICA_IGP1!J29 -> 0 | P29: ANUÊNIO - 2 | Q29: 1 | R29: 2 | S29: 3 | T29: 4 | U29: 5 | V29: 6 | W29: 7 | X29: 8 | Y29: 9 | Z29: 10 | AA29: 11 | AB29: 12 | AC29: 13 | AD29: 14 | AE29: 15 | AF29: 16 | AG29: 17 | AH29: 18 | AI29: 19 | AJ29: 20 | AK29: 21 | AL29: 22 | AM29: 23 | AN29: 24 | AO29: 25 | AP29: 26 | AQ29: 27 | AR29: 28 | AS29: 29 | AT29: 30
B30: ÓRGÃO ORIGEM | C30: =CRÍTICA_IGP1!C30 -> 0 | D30: a | E30: =CRÍTICA_IGP1!E30 -> 0 | F30: =CRÍTICA_IGP1!F30 -> 0 | G30: C.T.S. / M.T.S. - FLS.: | J30: =CRÍTICA_IGP1!J30 -> 0 | P30: ATS % | Q30: 0.015 | R30: 0.03 | S30: 0.045 | T30: 0.06 | U30: 0.075 | V30: 0.09 | W30: 0.105 | X30: 0.12 | Y30: 0.135 | Z30: 0.15 | AA30: 0.165 | AB30: 0.18 | AC30: 0.195 | AD30: 0.21 | AE30: 0.225 | AF30: 0.24 | AG30: 0.255 | AH30: 0.27 | AI30: 0.285 | AJ30: 0.3 | AK30: 0.315 | AL30: 0.33 | AM30: 0.345 | AN30: 0.36 | AO30: 0.375 | AP30: 0.39 | AQ30: 0.405 | AR30: 0.42 | AS30: 0.435 | AT30: 0.45
B31: ÓRGÃO ORIGEM | C31: =CRÍTICA_IGP1!C31 -> 0 | D31: a | E31: =CRÍTICA_IGP1!E31 -> 0 | F31: =IF(C31=0,0,IF(E31=0,0,E31-C31+1))-N31 -> 0 | J31: FALTAS / LICENÇA SEM VCTOS : | N31: =CRÍTICA_IGP1!N31 -> 0
B32: ÓRGÃO ORIGEM | C32: =CRÍTICA_IGP1!C32 -> 0 | D32: a | E32: =IF(CRÍTICA_IGP1!$E$32<36145,CRÍTICA_IGP1!$E$32,0) -> 0 | F32: =IF(C32=0,0,IF(E32=0,0,E32-C32+1)) -> 0 | H32: =SUM(F26:F32)+F33+F34 -> 0 | J32: =ROUNDDOWN(H32/365,0) -> 0 | K32: anos e | L32: =(H32/365-J32)*365 -> 0 | M32: dias. | P32: ANUÊNIO - 3 | Q32: 1 | R32: 2 | S32: 3 | T32: 4 | U32: 5 | V32: 6 | W32: 7 | X32: 8 | Y32: 9 | Z32: 10 | AA32: 11 | AB32: 12 | AC32: 13 | AD32: 14 | AE32: 15 | AF32: 16
B33: LICENÇA ESPECIAL | C33: PERÍODOS | E33: =CRÍTICA_IGP1!E33 -> 0 | F33: =IF(E33=0,0,E33*2*90) -> 0 | G33: Licença especial não gozada e computada em dobro. | N33: =SUM(F27:F33) -> 0 | O33: =SUM($F$27:$F$33)+$F$45 -> 0 | P33: ATS % | Q33: 0.1 | R33: 0.12 | S33: 0.14 | T33: 0.16 | U33: 0.18 | V33: 0.2 | W33: 0.22 | X33: 0.24 | Y33: 0.26 | Z33: 0.28 | AA33: 0.3 | AB33: 0.32 | AC33: 0.34 | AD33: 0.36 | AE33: 0.38 | AF33: 0.4
B34: FÉRIAS EM DOBRO | C34: ANOS | E34: =CRÍTICA_IGP1!E34 -> 0 | F34: =IF(E34=0,0,E34*2*30) -> 0 | G34: Férias não gozadas e computadas em dobro. | N34: =ROUNDDOWN(N33/365,0) -> 0 | O34: =ROUNDDOWN($O$33/365,0) -> 0
A35: 32421 | B35: BÔNUS ESPECIAL | F35: =IF(K2=O4,N35,IF(K2=O5,M35,0)) -> 0 | G35: Acréscimo constitucional para professores. | M35: =IF(E2=B94,IF(D12="X",IF(G10="X",ROUNDDOWN(SUM(F26:F34)*0.2,0),ROUNDDOWN(SUM(F26:F34)*0.17,0)),0),0) -> 0 | N35: =IF(E2="VOLUNTÁRIA ESPECIAL",IF(D12="X",IF(G10="X",ROUNDDOWN(SUM(F26:F34)*0.2,0),ROUNDDOWN(SUM(F26:F34)*0.17,0)),0),0) -> 0 | P35: ANUÊNIO - 4 | Q35: 1 | R35: 2 | S35: 3 | T35: 4 | U35: 5 | V35: 6 | W35: 7 | X35: 8 | Y35: 9 | Z35: 10 | AA35: 11 | AB35: 12 | AC35: 13 | AD35: 14 | AE35: 15 | AF35: 16 | AG35: 17 | AH35: 18 | AI35: 19 | AJ35: 20 | AK35: 21 | AL35: 22 | AM35: 23 | AN35: 24 | AO35: 25 | AP35: 26 | AQ35: 27 | AR35: 28 | AS35: 29 | AT35: 30 | AU35: 31 | AV35: 32 | AW35: 33 | AX35: 34 | AY35: 35
A36: 34298 | B36: Subtotal | G36: Computando os tempos fictos, até a data da publicação da EC 20 | P36: ATS % | Q36: 0 | R36: 0 | S36: 0.02 | T36: 0.04 | U36: 0.06 | V36: 0.08 | W36: 0.1 | X36: 0.12 | Y36: 0.14 | Z36: 0.16 | AA36: 0.18 | AB36: 0.2 | AC36: 0.22 | AD36: 0.24 | AE36: 0.26 | AF36: 0.28 | AG36: 0.3 | AH36: 0.32 | AI36: 0.34 | AJ36: 0.36 | AK36: 0.38 | AL36: 0.4 | AM36: 0.42 | AN36: 0.44 | AO36: 0.46 | AP36: 0.48 | AQ36: 0.5 | AR36: 0.52 | AS36: 0.54 | AT36: 0.56 | AU36: 0.58 | AV36: 0.6 | AW36: 0.62 | AX36: 0.64 | AY36: 0.66
A37: 36144 | B37: ANTERIOR | C37: =IF(C38<36145,C38,"REVER") -> REVER | D37: a | E37: =IF(E38<36145,E38,"REVER") -> REVER | F37: =IF($E$37>$A$37,0,SUM($F$26:$F$35)) -> 0 | H37: =E38 -> REVER | I37: , o servidor totalizava | K37: =ROUNDDOWN(F37/365,0) -> 0 | L37: anos e | M37: =(F37/365-K37)*365 -> 0 | N37: dias.
B38: EMENDA 20/98 | C38: =IF(C26>0,C26,IF(C27>0,C27,IF(C28>0,C28,IF(C29>0,C29,IF(C30>0,C30,IF(C31>0,C31,IF(C32>0,C32,"REVER"))))))) -> REVER | E38: =IF(E32>0,E32,IF(E31>0,E31,IF(E30>0,E30,IF(E29>0,E29,IF(E28>0,E28,IF(E27>0,E27,IF(E26>0,F26,"REVER"))))))) -> REVER | G38: não podendo se aposentar pela legislação então vigente. | P38: TRIÊNIOS | Q38: 1 - RJ
B39: EC 20/98 | C39: =IF(C45>=36145,C45,"REVER") -> REVER | E39: =IF(E45<=38036,E45,"REVER") -> REVER | P39: TRI - RJ | Q39: 3 | R39: 6 | S39: 9 | T39: 12 | U39: 15 | V39: 18 | W39: 21 | X39: 24 | Y39: 27 | Z39: 30 | AA39: 33 | AB39: 36
B40: COMPLEMENTAÇÃO NECESSÁRIA | P40: ATS % | Q40: 0.1 | R40: 0.15 | S40: 0.2 | T40: 0.25 | U40: 0.3 | V40: 0.35 | W40: 0.4 | X40: 0.45 | Y40: 0.5 | Z40: 0.55 | AA40: 0.6 | AB40: 0.65
B41: DADOS | C41: =IF(E41>0,IF(E2=B86,E41,IF(E2=B87,E41,IF(E2=B93,E41,))),0) -> 12775 | D41: =IF(E41>0,IF(K2=O5,IF(E2=B94,E41,0)),0) -> FALSE | E41: =IF($E$2=B93,IF($G$10="X",(25*365)-$F$37,(30*365)-$F$37),IF($G$10="X",(30*365)-$F$37,(35*365)-$F$37)) -> 12775 | G41: TEMPO CONVERTIDO
A42: =IF($K$2=$O$2,0,IF($K$2=$O$3,IF($E$45<$Q$12,IF($D$14="x",$A$44,IF($G$14="x",$A$44,0)),0),$A$44)) -> 0 | B42: FALTAVAM : | E42: =IF(K2=O4,C41,IF(K2=O5,D41,0)) -> 0 | F42: DIAS | H42: =IF(E42>0,IF(K2=O4,"HÁ PEDÁGIO A CUMPRIR",IF(K2=O5,IF(E2=B94,"HÁ PEDÁGIO A CUMPRIR",E71))),"NÃO HÁ PEDÁGIO A CUMPRIR") -> NÃO HÁ PEDÁGIO A CUMPRIR | K42: =IF(E41>0,ROUNDDOWN(E41/365,0),0) -> 35 | L42: anos e | M42: =(E41/365-K42)*365 -> 0 | N42: dias. | P42: TRIÊNIOS - 2 | Q42: 3 | R42: 6 | S42: 9 | T42: 12 | U42: 15 | V42: 18 | W42: 21 | X42: 24 | Y42: 27 | Z42: 30 | AA42: 33 | AB42: 36 | AC42: 39 | AD42: 42 | AE42: 45 | AF42: 48 | AG42: 51
A43: =IF($K$2=$O$2,0,IF($K$2=$O$4,IF($E$45<$Q$13,$A$44,0),$A$44)) -> 0 | B43: PEDÁGIO : | E43: =IF(E42>0,IF(E2=B93,ROUNDUP(E42*0.4,0),ROUNDUP(E42*0.2,0)),0) -> 0 | H43: =ROUNDDOWN(E43/365,0) -> 0 | I43: anos | J43: =ROUNDDOWN(O43/30,0) -> 0 | K43: meses e | M43: =O43-(J43*30) -> 0 | N43: dias. | O43: =(E43/365-H43)*365 -> 0 | P43: ATS % | Q43: 0.03 | R43: 0.06 | S43: 0.09 | T43: 0.12 | U43: 0.15 | V43: 0.18 | W43: 0.21 | X43: 0.24 | Y43: 0.27 | Z43: 0.3 | AA43: 0.33 | AB43: 0.36 | AC43: 0.39 | AD43: 0.42 | AE43: 0.45 | AF43: 0.48 | AG43: 0.51
A44: =IF(AND(C45>=Q11,E45<Q12),A45,0) -> 0 | B44: T. COMPLEMENTAR | E44: =IF(E42>0,E42+E43,0) -> 0 | H44: =ROUNDDOWN(E44/365,0) -> 0 | I44: anos | J44: =ROUNDDOWN(O44/30,0) -> 0 | K44: meses e | M44: =O44-(J44*30) -> 0 | N44: dias. | O44: =(E44/365-H44)*365 -> 0
A45: =IF($C$45="REVER",0,IF($E$45="REVER",0,$F$46)) -> 0 | B45: TEMPO APÓS | C45: =IF(AND(C51>=36145,C51<38037),C51,"REVER") -> REVER | D45: a | E45: =IF(AND($E$51>=36145,$E$51<38037),IF(AND($K$2=$O$3,$D$14="X"),$H$46,IF($K$2=$O$4,$G$46,$E$51)),"REVER") -> REVER | F45: =IF(K2=O2,0,IF(K2=O3,A42,IF(K2=O4,A43,A44))) -> 0 | G45: Período computado após a EC 20/98. | K45: =ROUNDDOWN(F45/365,0) -> 0 | L45: anos e | M45: =(F45/365-K45)*365 -> 0 | N45: dias. | P45: TRIÊNIOS - 3 | Q45: 3 | R45: 6 | S45: 9 | T45: 12 | U45: 15 | V45: 18 | W45: 21 | X45: 24 | Y45: 27 | Z45: 30 | AA45: 33 | AB45: 36
F46: =SUM(F47:F50) -> 0 | G46: =IF(AND($E$51>=36145,$E$51<=37985),$E$51,"REVER") -> REVER | H46: =IF(AND($E$51>=36145,$E$51<38037),$E$51,"REVER") -> REVER | P46: ATS % | Q46: 0.08 | R46: 0.16 | S46: 0.26 | T46: 0.36 | U46: 0.46 | V46: 0.56 | W46: 0.66 | X46: 0.76 | Y46: 0.86 | Z46: 0.96 | AA46: 1.06 | AB46: 1.16
B47: INSS | C47: =CRÍTICA_IGP1!C47 -> 0 | D47: a | E47: =CRÍTICA_IGP1!E47 -> 0 | F47: =CRÍTICA_IGP1!F47 -> 0 | G47: C.T.S. INSS - FLS.: | J47: =CRÍTICA_IGP1!J47 -> 0 | L47: OFÍCIO - FLS.: | N47: =CRÍTICA_IGP1!N47 -> 0
B48: OUTROS PODERES | C48: =CRÍTICA_IGP1!C48 -> 0 | D48: a | E48: =CRÍTICA_IGP1!E48 -> 0 | F48: =IF(C48=0,0,IF(E48=0,0,E48-C48+1)) -> 0 | G48: C.T.S. / M.T.S. - FLS.: | J48: =CRÍTICA_IGP1!J48 -> 0 | P48: TRIÊNIOS - 4 | Q48: 3 | R48: 6 | S48: 9 | T48: 12 | U48: 15 | V48: 18 | W48: 21 | X48: 24 | Y48: 27 | Z48: 30 | AA48: 33 | AB48: 36 | AC48: 39 | AD48: 42 | AE48: 45 | AF48: 48 | AG48: 51 | AH48: 54 | AI48: 57 | AJ48: 60
B49: ÓRGÃO ORIGEM | C49: =CRÍTICA_IGP1!C49 -> 0 | D49: a | E49: =CRÍTICA_IGP1!E49 -> 0 | F49: =IF(C49=0,0,IF(E49=0,0,E49-C49+1)) -> 0 | G49: C.T.S. / M.T.S. - FLS.: | J49: =CRÍTICA_IGP1!J49 -> anos | P49: ATS % | Q49: 0.05 | R49: 0.1 | S49: 0.15 | T49: 0.2 | U49: 0.25 | V49: 0.3 | W49: 0.35 | X49: 0.4 | Y49: 0.45 | Z49: 0.5 | AA49: 0.55 | AB49: 0.6 | AC49: 0.65 | AD49: 0.7 | AE49: 0.75 | AF49: 0.8 | AG49: 0.85 | AH49: 0.9 | AI49: 0.95 | AJ49: 1
B50: ÓRGÃO ORIGEM | C50: =CRÍTICA_IGP1!C50 -> 0 | D50: a | E50: =CRÍTICA_IGP1!E50 -> 25567 | F50: =IF(C50=0,0,IF(E50=0,0,E50-C50+1))-N50 -> 0 | J50: FALTAS / LICENÇA SEM VCTOS : | N50: =CRÍTICA_IGP1!N50 -> 0
C51: =IF($C$47>0,$C$47,IF($C$48>0,$C$48,IF($C$49>0,$C$49,IF($C$50>0,$C$50,"REVER")))) -> REVER | E51: =IF($E$50>0,$E$50,IF($E$49>0,$E$49,IF($E$48>0,$E$48,IF($E$47>0,$E$47,"REVER")))) -> 25567 | F51: TS PÚBLICO ENTRE 16/12/98 E 19/02/04 | H51: =SUM($F$48:$F$50) -> 0 | I51: TS ÓRGÃO | J51: =SUM(F49:F50) -> 0 | P51: TRIÊNIOS - 5 | Q51: 3 | R51: 6 | S51: 9 | T51: 12 | U51: 15 | V51: 18 | W51: 21 | X51: 24 | Y51: 27 | Z51: 30 | AA51: 33 | AB51: 36
A52: =IF(OR(K2=O2,K2=O4),0,IF(K2=O3,IF(D14="X",0,IF(G14="X",A59,0)),A59)) -> 0 | B52: SUBTOTAL APÓS EC 20/98 | D52: =IF(C39="REVER",C39,IF(E39="REVER",E39,"PERÍODO OK")) -> REVER | F52: =F37+F45 -> 0 | H52: =ROUNDDOWN(F52/365,0) -> 0 | I52: anos e | J52: =(F52/365-H52)*365 -> 0 | K52: dias. | P52: ATS % | Q52: 0.1 | R52: 0.15 | S52: 0.2 | T52: 0.25 | U52: 0.28 | V52: 0.31 | W52: 0.34 | X52: 0.37 | Y52: 0.4
B54: INSS | C54: =CRÍTICA_IGP1!C54 -> 0 | D54: a | E54: =CRÍTICA_IGP1!E54 -> 0 | F54: =CRÍTICA_IGP1!F54 -> 0 | G54: C.T.S. INSS - FLS.: | J54: =CRÍTICA_IGP1!J54 -> 0 | L54: OFÍCIO - FLS.: | N54: =CRÍTICA_IGP1!N54 -> 0 | P54: TRIÊNIOS - 6 | Q54: 3 | R54: 4 | S54: 5 | T54: 6 | U54: 7 | V54: 8 | W54: 9 | X54: 10 | Y54: 11 | Z54: 12 | AA54: 13 | AB54: 14 | AC54: 15 | AD54: 16 | AE54: 17 | AF54: 18 | AG54: 19 | AH54: 20 | AI54: 21 | AJ54: 22 | AK54: 23 | AL54: 24 | AM54: 25 | AN54: 26 | AO54: 27 | AP54: 28 | AQ54: 29 | AR54: 30
B55: OUTROS PODERES | C55: =CRÍTICA_IGP1!C55 -> 0 | D55: a | E55: =CRÍTICA_IGP1!E55 -> 0 | F55: =IF(C55=0,0,IF(E55=0,0,E55-C55+1)) -> 0 | G55: C.T.S. / M.T.S. - FLS.: | J55: =CRÍTICA_IGP1!J55 -> 0 | P55: ATS % | Q55: 0.03 | R55: 0.04 | S55: 0.05 | T55: 0.06 | U55: 0.07 | V55: 0.08 | W55: 0.09 | X55: 0.1 | Y55: 0.11 | Z55: 0.12 | AA55: 0.13 | AB55: 0.14 | AC55: 0.15 | AD55: 0.16 | AE55: 0.17 | AF55: 0.18 | AG55: 0.19 | AH55: 0.2 | AI55: 0.21 | AJ55: 0.22 | AK55: 0.23 | AL55: 0.24 | AM55: 0.25 | AN55: 0.26 | AO55: 0.27 | AP55: 0.28 | AQ55: 0.29 | AR55: 0.3
B56: ÓRGÃO ORIGEM | C56: =CRÍTICA_IGP1!C56 -> 0 | D56: a | E56: =CRÍTICA_IGP1!E56 -> 0 | F56: =IF(C56=0,0,IF(E56=0,0,E56-C56+1)) -> 0 | G56: C.T.S. / M.T.S. - FLS.: | J56: =CRÍTICA_IGP1!J56 -> 0
B57: ÓRGÃO ORIGEM | C57: =CRÍTICA_IGP1!C57 -> 0 | D57: a | E57: =CRÍTICA_IGP1!E57 -> 0 | F57: =IF(C57=0,0,IF(E57=0,0,E57-C57+1))-N57 -> 0 | J57: FALTAS / LICENÇA SEM VCTOS : | N57: =CRÍTICA_IGP1!N57 -> 0 | P57: TRIÊNIOS - 7 | Q57: 3 | R57: 6 | S57: 9 | T57: 12 | U57: 15 | V57: 18 | W57: 21 | X57: 24 | Y57: 27 | Z57: 30 | AA57: 33
C58: =IF(C54>0,C54,IF(C55>0,C55,IF(C56>0,C56,IF(C57>0,C57,"REVER")))) -> REVER | E58: =IF(E57>0,E57,IF(E56>0,E56,IF(E55>0,E55,IF(E54>0,E54,"REVER")))) -> REVER | P58: ATS % | Q58: 0.1 | R58: 0.14 | S58: 0.18 | T58: 0.22 | U58: 0.25 | V58: 0.3 | W58: 0.32 | X58: 0.35 | Y58: 0.4 | Z58: 0.45 | AA58: 0.5
A59: =IF(C59="REVER",0,IF(E59="REVER",0,SUM(F54:F57))) -> 0 | B59: TEMPO APÓS EC 41 | C59: =IF($C$58>=38037,$C$58,"REVER") -> REVER | D59: a | E59: =IF($E$58>=38037,$E$58,"REVER") -> REVER | F59: =IF(C59>=Q12,A52,0) -> 0 | G59: Periodo computado após a EC 20/98. | K59: =ROUNDDOWN(F59/365,0) -> 0 | L59: anos e | M59: =(F59/365-K59)*365 -> 0 | N59: dias. | O59: =SUM(F27:F33)+H51+H60 -> 0
F60: TS PÚBLICO APÓS 19/02/04 (EC 41) | H60: =SUM($F$55:$F$57) -> 0 | I60: TS ÓRGÃO | J60: =SUM(F56:F57) -> 0 | O60: =ROUNDDOWN(O59/365,0) -> 0 | P60: TRIÊNIOS - 8 | Q60: 3 | R60: 6 | S60: 9 | T60: 12 | U60: 15 | V60: 18 | W60: 21 | X60: 24 | Y60: 27 | Z60: 30 | AA60: 33 | AB60: 34 | AC60: 35
B61: TOTAL GERAL | D61: =IF(C59="REVER",C59,IF(E59="REVER",E59,"OK")) -> REVER | F61: =F52+F59 -> 0 | H61: =ROUNDDOWN(F61/365,0) -> 0 | I61: anos e | J61: =(F61/365-H61)*365 -> 0 | K61: dias. | O61: =IF($N$10<$Q$11,'MTS - MAPA DE TEMPO DE SERVIÇO'!$H$19,IF($N$10<$Q$13,'MTS - MAPA DE TEMPO DE SERVIÇO'!H19+'MTS - MAPA DE TEMPO DE SERVIÇO'!H41,IF($N$10<$Q$12,'MTS - MAPA DE TEMPO DE SERVIÇO'!H19+'MTS - MAPA DE TEMPO DE SERVIÇO'!H41,'MTS - MAPA DE TEMPO DE SERVIÇO'!$H$19+'MTS - MAPA DE TEMPO DE SERVIÇO'!$H$41+'MTS - MAPA DE TEMPO DE SERVIÇO'!$H$57))) -> 0 | P61: ATS % | Q61: 0.03 | R61: 0.06 | S61: 0.09 | T61: 0.12 | U61: 0.15 | V61: 0.18 | W61: 0.21 | X61: 0.24 | Y61: 0.27 | Z61: 0.3 | AA61: 0.33 | AB61: 0.34 | AC61: 0.35
B63: TEMPO FALTANTE A CUMPRIR : | J63: TEMPO CONVERTIDO | O63: =IF($N$10<$Q$11,'MTS - MAPA DE TEMPO DE SERVIÇO'!$H$20,IF($N$10<$Q$13,'MTS - MAPA DE TEMPO DE SERVIÇO'!$H$20+'MTS - MAPA DE TEMPO DE SERVIÇO'!$H$42,IF($N$10<$Q$12,'MTS - MAPA DE TEMPO DE SERVIÇO'!$H$20+'MTS - MAPA DE TEMPO DE SERVIÇO'!$H$42,'MTS - MAPA DE TEMPO DE SERVIÇO'!$H$20+'MTS - MAPA DE TEMPO DE SERVIÇO'!$H$42+'MTS - MAPA DE TEMPO DE SERVIÇO'!$H$58))) -> 0 | P63: TRI - 9 | Q63: 3 | R63: 6 | S63: 9 | T63: 12 | U63: 15 | V63: 18 | W63: 21 | X63: 24 | Y63: 27 | Z63: 30 | AA63: 33
C64: =IF(E2=B88,"NÃO CABE",IF(E2=B90,"NÃO CABE",IF(E2=B91,"NÃO CABE",IF(E2=B92,"NÃO CABE",IF(C65>0,C65,"NADA A CUMPRIR"))))) -> 12775 | H64: =IF($C$64="NÃO CABE",0,IF($C$65>0,ROUNDDOWN($C$65/365,0),0)) -> 35 | I64: anos e | J64: =IF($C$64="NÃO CABE",0,IF($C$65>0,($C$65/365-H64)*365,0)) -> 0 | K64: dias. | O64: EC47/41/20 | P64: ATS % | Q64: 0.1 | R64: 0.16 | S64: 0.22 | T64: 0.28 | U64: 0.34 | V64: 0.4 | W64: 0.46 | X64: 0.52 | Y64: 0.58 | Z64: 0.64 | AA64: 0.7
C65: =IF(K2=O2,IF(E2=B93,R119,R118),IF(K2=O3,Q117,IF(K2=O6,Q117,IF(K2=O4,Q116,IF(K2=O5,Q116,IF($K$2=O7,Q120,0)))))) -> 12775 | H65: =IF($C$64="NÃO CABE",0,IF($C$65>0,ROUNDDOWN($C$65/365,0),0)) -> 35 | I65: anos | J65: =ROUNDDOWN(N66/30,0) -> 0 | K65: meses e | M65: =N66-(J65*30) -> 0 | N65: dias. | O65: EC41/20
N66: =IF($C$64="NÃO CABE",0,IF($C$65>0,($C$65/365-$H$65)*365,0)) -> 0 | O66: EC41 | P66: TRI - 10 | Q66: 3 | R66: 6 | S66: 9 | T66: 12 | U66: 15 | V66: 18 | W66: 21 | X66: 24
B67: SINTESE: | C67: ADICIONAL POR TEMPO DE SERVIÇO | I67: =IF($O$10=0,0,IF($G$15=$O$68,$O$67,"REVER TIPO DE ADICIONAL")) -> 0 | O67: =IF($O$10<$D$127,VLOOKUP($E$6,$B$128:$Q$225,3,FALSE),IF($O$10<$E$127,VLOOKUP($E$6,$B$128:$Q$225,4,FALSE),VLOOKUP($E$6,$B$128:$Q$225,5,FALSE))) -> 0 | P67: ATS % | Q67: 0.05 | R67: 0.1 | S67: 0.15 | T67: 0.25 | U67: 0.35 | V67: 0.45 | W67: 0.55 | X67: 0.65
B68: ENQUADRAMENTO: | E68: =IF($BC$86<=$BC$84,VLOOKUP($C$8,$BB$87:$BH$126,2,FALSE),IF($BC$86<=$BD$84,VLOOKUP($C$8,$BB$87:$BH$126,3,FALSE),IF($BC$86<=$BE$84,VLOOKUP($C$8,$BB$87:$BH$126,4,FALSE),IF($BC$86<=$BF$84,VLOOKUP($C$8,$BB$87:$BH$126,5,FALSE),IF($BC$86<=$BG$84,VLOOKUP($C$8,$BB$87:$BH$126,6,FALSE),VLOOKUP($C$8,$BB$87:$BH$126,7,FALSE)))))) -> #N/A | J68: =IF($BC$83<=$BC$84,VLOOKUP($C$8,$BB$87:$BH$126,2,FALSE),IF($BC$83<=$BD$84,VLOOKUP($C$8,$BB$87:$BH$126,3,FALSE),IF($BC$83<=$BE$84,VLOOKUP($C$8,$BB$87:$BH$126,4,FALSE),IF($BC$83<=$BF$84,VLOOKUP($C$8,$BB$87:$BH$126,5,FALSE),IF($BC$83<=$BG$84,VLOOKUP($C$8,$BB$87:$BH$126,6,FALSE),VLOOKUP($C$8,$BB$87:$BH$126,7,FALSE)))))) -> #N/A | K68: PROPORÇÃO : | N68: =IF($K$2=$O$2,J98,IF($K$2=$O$3,J99,IF($K$2=$O$4,J100,IF($K$2=$O$5,J101,"NÃO CABE")))) -> NÃO CABE | O68: =VLOOKUP($E$6,$B$128:$C$225,2,FALSE) -> TRIÊNIO
B69: FUNDAMENTO: | E69: =K2 -> REGRAS ANTES EC20 | K69: ANTES MP 167/04 | N69: =IF(N68="NÃO CABE",0,N68) -> 0 | P69: TRI - 11 | Q69: 3 | R69: 6 | S69: 9 | T69: 12 | U69: 15 | V69: 18 | W69: 21 | X69: 24 | Y69: 27 | Z69: 30 | AA69: 33 | AB69: 36 | AC69: 39
B70: MODALIDADE: | E70: =E2 -> VOLUNTÁRIA INTEGRAL | K70: PROPORÇÃO EM DIAS | N70: =IF(K2=O3,IF(M100>=N100,N99,"NÃO CABE"),"NÃO CABE") -> NÃO CABE | P70: ATS % | Q70: 0.065 | R70: 0.13 | S70: 0.195 | T70: 0.26 | U70: 0.325 | V70: 0.39 | W70: 0.455 | X70: 0.52 | Y70: 0.585 | Z70: 0.65 | AA70: 0.715 | AB70: 0.78 | AC70: 0.845
B71: IDADE | E71: =IF($E$2=$L$107,$O$107,IF($E$2=$L$108,$O$108,IF($E$2=$L$109,$O$109,IF($E$2=$L$110,$O$110,IF($E$2=$L$111,$O$111,$O$112))))) -> NADA A CRITICAR | K71: APÓS MP 167/04 | N71: =IF(N70="NÃO CABE",0,N70) -> 0
B72: TEMPO FALTANTE A CUMPRIR: | F72: =IF(AND(K2=O2,OR(J8>=36145,J9>=36145)),"INCOMPATÍVEL",C64) -> 12775 | J72: DIAS | P72: QUINQUÊNIO - 1
B73: ADMISSÃO : | C73: =IF(N8=0,"FALTA DATA",IF(N8>=Q14,"APÓS CF/88: CONCURSO?","ANTERIOR CF/88")) -> FALTA DATA | J73: TEMPO NO CARGO: | M73: =IF($K$2=$O$3,$Q$4,IF($K$2=$O$4,$R$4,IF($K$2=$O$5,$T$4,IF($K$2=$O$6,$S$4,IF($K$2=$O$7,$U$4,"NÃO CABE"))))) -> NÃO CABE | P73: ANOS | Q73: 5 | R73: 10 | S73: 15 | T73: 20 | U73: 25 | V73: 30 | W73: 35 | X73: 40 | Y73: 45 | Z73: 50 | AA73: 55 | AB73: 60
C74: =IF(OR($J$8=0,$J$9=0),0,IF(OR($J$8<$N$8,$J$9<$N$8),"REVER INÍCIO DE CARGO E/OU CARREIRA","INÍCIO DE CARGO E/OU CARREIRA - OK")) -> 0 | J74: TEMPO NA CARREIRA: | M74: =IF($K$2=$O$6,S6,IF($K$2=$O$7,$U$6,"NÃO CABE")) -> NÃO CABE | P74: ATS % | Q74: 0.05 | R74: 0.1 | S74: 0.15 | T74: 0.2 | U74: 0.25 | V74: 0.3 | W74: 0.35 | X74: 0.4 | Y74: 0.45 | Z74: 0.5 | AA74: 0.55 | AB74: 0.6
B75: Virgílio de Oliveira Souza | D75: =IF(OR(E6=B196,E6=B208,E6=B219),IF(L208>=25,"FAZ JUS A 1/6 DA REMUNERAÇÃO",IF(L219>=25,"FAZ JUS A 1/6 DA REMUNERAÇÃO",IF(L196>=25,"FAZ JUS A 1/6 DA REMUNERAÇÃO",0))),0) -> 0 | J75: TEMPO SERVIÇO PÚBLICO: | M75: =IF($K$2=$O$3,$Q$7,IF($K$2=$O$6,$S$7,IF($K$2=$O$7,$U$7,$O$75))) -> NÃO CUMPRE | O75: =IF($K$2=$O$2,IF($O$10<$Q$15,IF($F$72<180,"NÃO CABE",$O$76),$O$76),$O$76) -> NÃO CUMPRE | P75: ATS ATÉ EC 20/98 COM LE: | S75: =IF(ISERROR(HLOOKUP($J$173,$Q$73:$W$74,2)),0,HLOOKUP($J$173,$Q$73:$W$74,2)) -> 0 | T75: ATS APÓS EC20 : | W75: =IF(ISERROR(HLOOKUP($K$173,$Q$73:$W$74,2)),0,HLOOKUP($K$173,$Q$73:$W$74,2)) -> 0 | X75: ATS APÓS EC41/03 : | AB75: =IF(ISERROR(HLOOKUP($L$173,$Q$73:$W$74,2)),0,HLOOKUP($L$173,$Q$73:$W$74,2)) -> 0
O76: =IF($F$72="NADA A CUMPRIR","OK",IF($F$72="NÃO CABE","NÃO CABE","NÃO CUMPRE")) -> NÃO CUMPRE
B77: MODALIDADE: | C77: IDADE | E77: FUNDAMENTAÇÃO | F77: ATS | H77: TEMPO | I77: PARIDADE | J77: CARGO | K77: CARREIRA | M77: T. SERV. PÚBL. | N77: CRÍTICA | P77: QUINQUÊNIO - 2 | Q77: 5 | R77: 10 | S77: 15 | T77: 20 | U77: 25 | V77: 30 | W77: 35 | X77: 40 | Y77: 45 | Z77: 50 | AA77: 55 | AB77: 60
B78: VOLUNTÁRIA INTEGRAL | C78: =IF(OR($E$71="NADA A CRITICAR",$E$71="ATENDE LIMITE MÍNIMO DE IDADE"),"SIM","NÃO") -> SIM | E78: REGRAS ANTES EC20 | F78: =$I$67 -> 0 | H78: =IF(OR($F$72="NADA A CUMPRIR",$F$72="NÃO CABE"),"SIM","NÃO") -> NÃO | I78: =IF(N78="SIM","SIM","NÃO") -> NÃO | J78: =IF(OR($M$73="NÃO CABE",$M$73="ATENDE"),"SIM","NÃO") -> SIM | K78: =IF(OR($M$74="NÃO CABE",$M$74="ATENDE"),"SIM","NÃO") -> SIM | M78: =IF(OR($M$75="ATENDE",$M$75="OK"),"SIM","NÃO") -> NÃO | N78: =IF($N$8>=36145,"NÃO",IF(AND(C78="SIM",H78="SIM",J78="SIM",K78="SIM",M78="SIM"),"SIM","NÃO")) -> NÃO | P78: ATS % | Q78: 0.1 | R78: 0.2 | S78: 0.3 | T78: 0.4 | U78: 0.5 | V78: 0.6 | W78: 0.7 | X78: 0.8 | Y78: 0.9 | Z78: 1 | AA78: 1.1 | AB78: 1.2
B79: VOLUNTÁRIA INTEGRAL | C79: =IF(OR($E$71="NADA A CRITICAR",$E$71="ATENDE LIMITE MÍNIMO DE IDADE"),"SIM","NÃO") -> SIM | E79: REGRA PERMANENTE | H79: =IF(OR($F$72="NADA A CUMPRIR",$F$72="NÃO CABE"),"SIM","NÃO") -> NÃO | I79: =IF($D$14="X",IF($N$79="SIM","SIM","NÃO"),"NÃO") -> NÃO | J79: =IF(OR($M$73="NÃO CABE",$M$73="ATENDE"),"SIM","NÃO") -> SIM | K79: =IF(OR($M$74="NÃO CABE",$M$74="ATENDE"),"SIM","NÃO") -> SIM | M79: =IF(OR($M$75="ATENDE",$M$75="OK"),"SIM","NÃO") -> NÃO | N79: =IF(AND(C79="SIM",H79="SIM",J79="SIM",K79="SIM",M79="SIM"),"SIM","NÃO") -> NÃO
B80: VOLUNTÁRIA INTEGRAL | C80: =IF(OR($E$71="NADA A CRITICAR",$E$71="ATENDE LIMITE MÍNIMO DE IDADE"),"SIM","NÃO") -> SIM | E80: ART. 6º EC 41 | H80: =IF(OR($F$72="NADA A CUMPRIR",$F$72="NÃO CABE"),"SIM","NÃO") -> NÃO | I80: =IF(N80="SIM","SIM","NÃO") -> NÃO | J80: =IF(OR($M$73="NÃO CABE",$M$73="ATENDE"),"SIM","NÃO") -> SIM | K80: =IF(OR($M$74="NÃO CABE",$M$74="ATENDE"),"SIM","NÃO") -> SIM | M80: =IF(OR($M$75="ATENDE",$M$75="OK"),"SIM","NÃO") -> NÃO | N80: =IF(AND(C80="SIM",H80="SIM",J80="SIM",K80="SIM",M80="SIM"),"SIM","NÃO") -> NÃO | P80: QUINQUÊNIO - 2 | Q80: 5 | R80: 10 | S80: 15 | T80: 20 | U80: 25 | V80: 30 | W80: 35
B81: VOLUNTÁRIA INTEGRAL | C81: =IF(OR($E$71="NADA A CRITICAR",$E$71="ATENDE LIMITE MÍNIMO DE IDADE"),"SIM","NÃO") -> SIM | E81: TRANSIÇÃO EC 47 | H81: =IF(OR($F$72="NADA A CUMPRIR",$F$72="NÃO CABE"),"SIM","NÃO") -> NÃO | I81: =IF(N81="SIM","SIM","NÃO") -> NÃO | J81: =IF(OR($M$73="NÃO CABE",$M$73="ATENDE"),"SIM","NÃO") -> SIM | K81: =IF(OR($M$74="NÃO CABE",$M$74="ATENDE"),"SIM","NÃO") -> SIM | M81: =IF(OR($M$75="ATENDE",$M$75="OK"),"SIM","NÃO") -> NÃO | N81: =IF(AND(C81="SIM",H81="SIM",J81="SIM",K81="SIM",M81="SIM"),"SIM","NÃO") -> NÃO | P81: ATS % | Q81: 0.1 | R81: 0.15 | S81: 0.2 | T81: 0.25 | U81: 0.3 | V81: 0.35 | W81: 0.4
B82: VOLUNTÁRIA INTEGRAL | C82: =IF(OR($E$71="NADA A CRITICAR",$E$71="ATENDE LIMITE MÍNIMO DE IDADE"),"SIM","NÃO") -> SIM | E82: TRANSIÇÃO EC 20 | H82: =IF(OR($F$72="NADA A CUMPRIR",$F$72="NÃO CABE"),"SIM","NÃO") -> NÃO | I82: =IF(N82="SIM","SIM","NÃO") -> NÃO | J82: =IF(OR($M$73="NÃO CABE",$M$73="ATENDE"),"SIM","NÃO") -> SIM | K82: =IF(OR($M$74="NÃO CABE",$M$74="ATENDE"),"SIM","NÃO") -> SIM | M82: =IF(OR($M$75="ATENDE",$M$75="OK"),"SIM","NÃO") -> NÃO | N82: =IF(AND(C82="SIM",H82="SIM",J82="SIM",K82="SIM",M82="SIM"),"SIM","NÃO") -> NÃO
BC83: =SUM(F30:F32) -> 0 | BI83: D.20152 | BJ83: REAL | BK83: REAL | BL83: DECRETO
BB84: CATEGORIA FUNCIONAL / ANOS | BC84: 5 | BD84: 10 | BE84: 15 | BF84: 20 | BG84: 25 | BH84: >25 | BI84: 01/06/94 | BJ84: 01/07/94 | BK84: 34820 | BL84: 34851
B85: MODALIDADES | D85: NÃO MEXER
B86: VOLUNTÁRIA INTEGRAL | BC86: =(BC83+F45+F59)/365 -> 0 | BI86: 0.45 | BL86: 21.517/95
B87: VOLUNTÁRIA ESPECIAL | BB87: PROF. DOCENTE II, NÍVEL "A" | BC87: REFERÊNCIA 1 | BD87: REFERÊNCIA 2 | BE87: REFERÊNCIA 3 | BF87: REFERÊNCIA 4 | BG87: REFERÊNCIA 5 | BH87: REFERÊNCIA 6 | BI87: =#REF!*1.45 -> #REF! | BJ87: 80.64 | BK87: 100 | BL87: 112
B88: VOLUNTÁRIA PROPORCIONAL POR IDADE | BB88: PROF. ASSIST. ADM. EDUCACIONAL II, NÍVEL "A" | BC88: REFERÊNCIA 1 | BD88: REFERÊNCIA 2 | BE88: REFERÊNCIA 3 | BF88: REFERÊNCIA 4 | BG88: REFERÊNCIA 5 | BH88: REFERÊNCIA 6 | BI88: =#REF!*1.45 -> #REF! | BJ88: 90.32 | BK88: 100 | BL88: 125.44
B89: COMPULSÓRIA INTEGRAL | BB89: PROF. DOCENTE II, NÍVEL "B" | BC89: REFERÊNCIA 2 | BD89: REFERÊNCIA 3 | BE89: REFERÊNCIA 4 | BF89: REFERÊNCIA 5 | BG89: REFERÊNCIA 6 | BH89: REFERÊNCIA 7 | BI89: =#REF!*1.45 -> #REF! | BJ89: 101.15 | BK89: 101.15 | BL89: 140.4
B90: COMPULSÓRIA PROPORCIONAL | BB90: PROF. ASSIST. ADM. EDUCACIONAL II, NÍVEL "B" | BC90: REFERÊNCIA 2 | BD90: REFERÊNCIA 3 | BE90: REFERÊNCIA 4 | BF90: REFERÊNCIA 5 | BG90: REFERÊNCIA 6 | BH90: REFERÊNCIA 7 | BI90: =#REF!*1.45 -> #REF! | BJ90: 113.29 | BK90: 113.29 | BL90: 157.35
B91: INVALIDEZ INTEGRAL | BB91: PROF. DOCENTE I, NÍVEL "C" | BC91: REFERÊNCIA 3 | BD91: REFERÊNCIA 4 | BE91: REFERÊNCIA 5 | BF91: REFERÊNCIA 6 | BG91: REFERÊNCIA 7 | BH91: REFERÊNCIA 8 | BI91: =#REF!*1.45 -> #REF! | BJ91: 126.89 | BK91: 129.89 | BL91: 176.23
B92: INVALIDEZ PROPORCIONAL | BB92: PROF. DOCENTE II, NÍVEL "C" | BC92: REFERÊNCIA 3 | BD92: REFERÊNCIA 4 | BE92: REFERÊNCIA 5 | BF92: REFERÊNCIA 6 | BG92: REFERÊNCIA 7 | BH92: REFERÊNCIA 8 | BI92: =A125*1.45 -> 0 | BJ92: 80.64 | BK92: 100 | BL92: 112
B93: VOL. PROPORCIONAL T. CONTRIBUIÇÃO | BB93: SUPERVISOR EDUCACIONAL, NÍVEL "C" | BC93: REFERÊNCIA 3 | BD93: REFERÊNCIA 4 | BE93: REFERÊNCIA 5 | BF93: REFERÊNCIA 6 | BG93: REFERÊNCIA 7 | BH93: REFERÊNCIA 8 | BI93: =A126*1.45 -> 0 | BJ93: 90.32 | BK93: 100 | BL93: 125.44
B94: VOLUNTÁRIA COM REDUTOR | BB94: ORIENTADOR PROFISSIONAL, NÍVEL "C" | BC94: REFERÊNCIA 3 | BD94: REFERÊNCIA 4 | BE94: REFERÊNCIA 5 | BF94: REFERÊNCIA 6 | BG94: REFERÊNCIA 7 | BH94: REFERÊNCIA 8 | BI94: =A127*1.45 -> 0 | BJ94: 101.15 | BK94: 101.15 | BL94: 140.4
BB95: PROF. INSPETOR ESCOLAR, NÍVEL "C" | BC95: REFERÊNCIA 3 | BD95: REFERÊNCIA 4 | BE95: REFERÊNCIA 5 | BF95: REFERÊNCIA 6 | BG95: REFERÊNCIA 7 | BH95: REFERÊNCIA 8 | BI95: =A128*1.45 -> 1.45 | BJ95: 113.29 | BK95: 113.29 | BL95: 157.35
BB96: PROF. ASSIST. ADM. EDUCACIONAL I, NÍVEL "C" | BC96: REFERÊNCIA 3 | BD96: REFERÊNCIA 4 | BE96: REFERÊNCIA 5 | BF96: REFERÊNCIA 6 | BG96: REFERÊNCIA 7 | BH96: REFERÊNCIA 8 | BI96: =A128*1.45 -> 1.45 | BJ96: 126.89 | BK96: 126.89 | BL96: 176.23
B97: ANÁLISE DE PROPORCIONALIDADE | BB97: PROF. ASSIST. ADM. EDUCACIONAL II, NÍVEL "C" | BC97: REFERÊNCIA 3 | BD97: REFERÊNCIA 4 | BE97: REFERÊNCIA 5 | BF97: REFERÊNCIA 6 | BG97: REFERÊNCIA 7 | BH97: REFERÊNCIA 8 | BI97: =A129*1.45 -> 2.9 | BJ97: 126.89 | BK97: 126.89 | BL97: 176.23
B98: REGRAS ANTES EC20 | I98: REGRAS ANTES EC20 | J98: =IF(E2=B88,H99,IF(E2=B90,H99,IF(E2=B92,H99,IF(E2=B93,H99,"NÃO CABE")))) -> NÃO CABE | L98: PROPORCIONAL EM DIAS | BB98: PROF. DOCENTE I, NÍVEL "D" | BC98: REFERÊNCIA 4 | BD98: REFERÊNCIA 5 | BE98: REFERÊNCIA 6 | BF98: REFERÊNCIA 7 | BG98: REFERÊNCIA 8 | BH98: REFERÊNCIA 9 | BI98: =A130*1.45 -> #VALUE! | BJ98: 142.12 | BK98: 142.12 | BL98: 197.38
B99: REGRA PERMANENTE | E99: =IF($F$99="NÃO CABE","NÃO CABE",IF($G$10="X",$F$99/30,$F$99/35)) -> NÃO CABE | F99: =IF(E2="VOLUNTÁRIA ESPECIAL","NÃO CABE",IF(E2="VOLUNTÁRIA INTEGRAL","NÃO CABE",IF(E2="COMPULSÓRIA INTEGRAL","NÃO CABE",IF(E2="INVALIDEZ INTEGRAL","NÃO CABE",ROUNDDOWN(F61/365,0))))) -> NÃO CABE | H99: =IF(E99>1,1,E99) -> 1 | I99: REGRA PERMANENTE | J99: =IF($E$2=$B$88,H99,IF($E$2=$B$90,H99,IF($E$2=$B$92,H99,"NÃO CABE"))) -> NÃO CABE | L99: =IF($F$99="NÃO CABE","NÃO CABE",IF($G$10="X",$F$61/10950,$F$61/12775)) -> NÃO CABE | M99: =IF(L99>1,1,L99) -> 1 | N99: =IF($E$2=$B$88,M99,IF($E$2=$B$90,M99,IF($E$2=$B$92,M99,"NÃO CABE"))) -> NÃO CABE | BB99: PROF. DOCENTE II, NÍVEL "D" | BC99: REFERÊNCIA 4 | BD99: REFERÊNCIA 5 | BE99: REFERÊNCIA 6 | BF99: REFERÊNCIA 7 | BG99: REFERÊNCIA 8 | BH99: REFERÊNCIA 9 | BI99: =A132*1.45 -> 5.8 | BJ99: 90.32 | BK99: 100 | BL99: 125.44
B100: TRANSIÇÃO EMENDA 20 | E100: =IF(E2=B93,IF(C65>0,"TEMPO A CUMPRIR",IF(F100=1,75%,IF(F100=2,80%,IF(F100=3,85%,IF(F100=4,90%,IF(F100=5,95%,IF(F100>=6,100%,70%))))))),"NÃO CABE") -> NÃO CABE | F100: =IF(G10="X",ROUNDDOWN((F61-(25*365+E43))/365,0),ROUNDDOWN((F61-(30*365+E43))/365,0)) -> -30 | I100: TRANSIÇÃO EMENDA 20 | J100: =IF(E2=B93,E100,"NÃO CABE") -> NÃO CABE | M100: =O10 -> 36144 | N100: 38037 | BB100: SUPERVISOR EDUCACIONAL, NÍVEL "D" | BC100: REFERÊNCIA 4 | BD100: REFERÊNCIA 5 | BE100: REFERÊNCIA 6 | BF100: REFERÊNCIA 7 | BG100: REFERÊNCIA 8 | BH100: REFERÊNCIA 9
B101: TRANSIÇÃO_ART. 2º_EC41 | E101: MULHER | F101: =IF($D$12="X",50-$N$11,55-$N$11) -> 55 | H101: =IF($G$10="X",IF($O$9>=17532,IF($O$10>=38718,1-($F$101*0.05),1-($F$101*0.035)),"NÃO CABE"),IF($O$9>=19359,IF($O$10>=38718,1-($F$102*0.05),1-($F$102*0.035)),"NÃO CABE")) -> NÃO CABE | I101: TRANSIÇÃO_ART. 2º_EC41 | J101: =IF(E2=B94,H102,"NÃO CABE") -> NÃO CABE | BB101: ORIENTADOR PROFISSIONAL, NÍVEL "D" | BC101: REFERÊNCIA 4 | BD101: REFERÊNCIA 5 | BE101: REFERÊNCIA 6 | BF101: REFERÊNCIA 7 | BG101: REFERÊNCIA 8 | BH101: REFERÊNCIA 9 | BI101: =A134*1.45 -> #VALUE! | BJ101: 101.15 | BK101: 101.15 | BL101: 140.4
B102: 38717 | C102: 38717 | E102: HOMEM | F102: =IF($D$12="X",55-$N$11,60-$N$11) -> 60 | H102: =IF(H101="NÃO CABE",0,IF(H101>1,1,H101)) -> 0 | BB102: PROF. INSPETOR ESCOLAR, NÍVEL "D" | BC102: REFERÊNCIA 4 | BD102: REFERÊNCIA 5 | BE102: REFERÊNCIA 6 | BF102: REFERÊNCIA 7 | BG102: REFERÊNCIA 8 | BH102: REFERÊNCIA 9
B103: 38718 | C103: 38718 | BB103: PROF. ASSIST. ADM. EDUCACIONAL I, NÍVEL "D" | BC103: REFERÊNCIA 4 | BD103: REFERÊNCIA 5 | BE103: REFERÊNCIA 6 | BF103: REFERÊNCIA 7 | BG103: REFERÊNCIA 8 | BH103: REFERÊNCIA 9 | BI103: =A135*1.45 -> 8.7 | BJ103: 113.29 | BK103: 113.29 | BL103: 157.35
C104: 38097 | BB104: PROF. ASSIST. ADM. EDUCACIONAL II, NÍVEL "D" | BC104: REFERÊNCIA 4 | BD104: REFERÊNCIA 5 | BE104: REFERÊNCIA 6 | BF104: REFERÊNCIA 7 | BG104: REFERÊNCIA 8 | BH104: REFERÊNCIA 9 | BI104: =A136*1.45 -> 10.15 | BJ104: 113.29 | BK104: 113.29 | BL104: 157.35
...

Sheet VI_RP_EC20
B2: TIPO DE APOSENTADORIA | D2: : | E2: VOLUNTÁRIA INTEGRAL | J2: OPÇÃO: | K2: REGRA PERMANENTE | O2: REGRAS ANTES EC20 | P2: TEMPO: | Q2: ART. 40 CF | R2: EC 20 | S2: ART 6º | T2: ART. 2º | U2: EC 47
O3: REGRA PERMANENTE
B4: HISTÓRICO FUNCIONAL | O4: TRANSIÇÃO EMENDA 20 | P4: CARGO | Q4: =IF(OR($E$2=$B$86,$E$2=$B$87,E2=B88),IF($M$13>=5,"ATENDE","NÃO CUMPRE"),"NÃO CABE") -> NÃO CUMPRE | R4: =IF($N$8<$Q$11,IF($M$13>=5,"ATENDE","NÃO CUMPRE"),"REVER FUNDAMENTAÇÃO") -> NÃO CUMPRE | S4: =IF($N$8<$Q$13,IF($M$13>=5,"ATENDE","NÃO ATENDE"),"REVER FUNDAMENTAÇÃO") -> NÃO ATENDE | T4: =IF($N$8<$Q$11,IF($M$13>=5,"ATENDE","NÃO ATENDE"),"REVER FUNDAMENT.") -> NÃO ATENDE | U4: =IF($N$8<$Q$11,IF($M$13>=5,"ATENDE","NÃO ATENDE"),"REVER FUNDAMENT.") -> NÃO ATENDE
O5: TRANSIÇÃO_ART. 2º_EC41
A6: PODER | B6: ENTE DA FEDERAÇÃO: | E6: =CRÍTICA_IGP1!E6 -> ESTADO DO RIO DE JANEIRO | I6: PODER: | J6: =CRÍTICA_IGP1!J6 -> EXECUTIVO | K6: Ó R G Ã O : | M6: =CRÍTICA_IGP1!M6 -> 0 | O6: TRANSIÇÃO_ART. 6º_EC41 | P6: CARREIRA | Q6: NÃO CABE | R6: =IF($N$8<$Q$11,"NÃO CABE","REVER FUNDAM.") -> NÃO CABE | S6: =IF($N$8<$Q$13,IF($M$14>=10,"ATENDE","NÃO ATENDE"),"REVER FUNDAMEN.") -> NÃO ATENDE | T6: =IF($N$8<$Q$11,"NÃO CABE","REVER FUNDAMENT.") -> NÃO CABE | U6: =IF($N$8<$Q$11,IF($M$14>=15,"ATENDE","NÃO ATENDE"),"REVER FUNDAMENT.") -> NÃO ATENDE
A7: EXECUTIVO | B7: NOME : | C7: =CRÍTICA_IGP1!C7 -> 0 | K7: MATRÍCULA : | N7: =CRÍTICA_IGP1!N7 -> 0 | O7: TRANSIÇÃO_EMENDA 47 | P7: SERVIÇO PÚBLICO: | Q7: =IF(OR($E$2=$B$86,$E$2=$B$87,E2=B88),IF($M$15>=10,"ATENDE","NÃO CUMPRE"),O76) -> NÃO CUMPRE | R7: 0 | S7: =IF($N$8<$Q$13,IF($M$15>=20,"ATENDE","NÃO ATENDE"),"REVER FUNDAMENT.") -> NÃO ATENDE | T7: 0 | U7: =IF($N$8<$Q$11,IF($M$15>=25,"ATENDE","NÃO ATENDE"),"REVER FUNDAMENT.") -> NÃO ATENDE
A8: LEGISLATIVO | B8: CARGO : | C8: 0 | I8: DESDE: | J8: =CRÍTICA_IGP1!J8 -> 0 | K8: ADMISSÃO : | N8: =CRÍTICA_IGP1!N8 -> 0
A9: JUDICIÁRIO | B9: CARREIRA: | C9: 0 | I9: DESDE: | J9: =CRÍTICA_IGP1!J9 -> 0 | K9: NASCIMENTO : | N9: =CRÍTICA_IGP1!N9 -> 0 | O9: =IF($N$9=0,0,O$10-N9) -> 0
B10: SEXO : | D10: =CRÍTICA_IGP1!D10 -> 0 | E10: MASCULINO | G10: =CRÍTICA_IGP1!G10 -> 0 | H10: FEMININO | K10: VALIDADE DA REGRA: | N10: =IF($O$10=0,"-",$O$11) -> - | O10: =IF($K$2=$O$3,IF($D$14="X",$R$12,IF($G$14="X",$H$19,0)),IF($K$2=$O$2,$R$11,IF($K$2=$O$4,$R$13,$H$19))) -> 0
K11: CPF : | N11: =IF(G10="x",ROUNDDOWN((O9-12)/365,0),ROUNDDOWN((O9-14)/365,0)) -> 0 | O11: =IF($D$14="X",IF($E$45<=$O$10,$E$45,$O$10),$O$10) -> 0 | P11: EC Nº 20/98 | Q11: 36145 | R11: =IF($H$19<36144,$H$19,36144) -> 0
B12: EFET - MAGISTÉRIO | D12: =CRÍTICA_IGP1!D12 -> 0 | E12: SIM | G12: =CRÍTICA_IGP1!G12 -> 0 | H12: NÃO | M12: ANOS | N12: DIAS | P12: MPV 167/04 | Q12: 38037 | R12: =IF($H$19<38036,$H$19,38036) -> 0
J13: TEMPO CARGO: | M13: =ROUNDDOWN($O$13/365,0) -> 0 | N13: =O13-(M13*365) -> 0 | O13: =IF($J$8=0,0,O$10-$J$8-$O$63-$O$61) -> 0 | P13: EC Nº 41/03 | Q13: 37986 | R13: =IF($H$19<37985,$H$19,37985) -> 0
B14: REDAÇÃO DADA PELA | D14: X | E14: EMENDA Nº 20/98 | H14: EMENDA Nº 41/03 | J14: TEMPO CARREIRA: | M14: =ROUNDDOWN($O$14/365,0) -> 0 | N14: =O14-(M14*365) -> 0 | O14: =IF($J$9=0,0,O$10-$J$9-$O$63-$O$61) -> 0 | P14: CONSTITUIÇÃO FEDERAL | Q14: 32421
B15: ADICIONAL POR TEMPO DE SERVIÇO: | G15: =CRÍTICA_IGP1!G15 -> TRIÊNIO | J15: TEMPO DE SERVIÇO PÚBLICO: | M15: =ROUNDDOWN($O$15/365,0) -> 0 | N15: =O15-(M15*365) -> 0 | O15: =IF(AND('MTS - MAPA DE TEMPO DE SERVIÇO'!$N$35="SIM",'MTS - MAPA DE TEMPO DE SERVIÇO'!$N$51="SIM"),$O$16,IF(AND('MTS - MAPA DE TEMPO DE SERVIÇO'!$N$35="SIM",'MTS - MAPA DE TEMPO DE SERVIÇO'!$N$51="NÃO"),$O$17,IF(AND('MTS - MAPA DE TEMPO DE SERVIÇO'!$N$35="NÃO",'MTS - MAPA DE TEMPO DE SERVIÇO'!$N$51="SIM"),$O$18,IF(AND('MTS - MAPA DE TEMPO DE SERVIÇO'!$N$35="NÃO",'MTS - MAPA DE TEMPO DE SERVIÇO'!$N$51="NÃO"),$O$19,$O$16)))) -> 0 | P15: ADIN 609-6 - decisão TCE | Q15: 35915
O16: =IF($N$10<$Q$11,SUM($F$27:$F$34),IF($N$10<$Q$12,SUM($F$27:$F$34)+$H$51-$O$20,SUM($F$27:$F$34)+$H$51+$H$60-$O$22)) -> 0
B17: DOCUMENTAÇÃO : | O17: =IF($N$10<$Q$11,SUM($F$27:$F$34),IF($N$10<$Q$12,SUM($F$27:$F$34)+$H$51-$O$20,SUM($F$27:$F$34)+$H$51-$O$20+$H$60)) -> 0 | P17: ADICIONAL POR TEMPO DE SERVIÇO
J18: DECLARAÇÃO DE ACUMULAÇÃO - FL | O18: =IF($N$10<$Q$11,SUM($F$27:$F$34),IF($N$10<$Q$12,SUM($F$27:$F$34)+$H$51,SUM($F$27:$F$34)+$H$51+$H$60-$O$21)) -> 0 | P18: ANUÊNIO
B19: ATO CONCESSÓRIO | D19: FL. | F19: VALIDADE : | H19: =CRÍTICA_IGP1!H19 -> 0 | J19: AUTORIDADE COMPETENTE | O19: =IF($N$10<$Q$11,SUM($F$27:$F$34),IF($N$10<$Q$12,SUM($F$27:$F$34)+$H$51,SUM($F$27:$F$34)+$H$51+$H$60)) -> 0 | P19: TRIÊNIO
B20: APOSTILA_FIXAÇÃO | D20: FL. | F20: VALOR : | J20: SERVIDOR | O20: ='MTS - MAPA DE TEMPO DE SERVIÇO'!H42 -> 0 | P20: QUINQUÊNIO
B21: REQUERIMENTO | D21: FL. | F21: PROTOCOLO NA ORIGEM - FL: | O21: ='MTS - MAPA DE TEMPO DE SERVIÇO'!H58 -> 0 | P21: DECÊNIO
O22: =SUM(O20:O21) -> 0
B23: TEMPO DE SERVIÇO: | P23: ORDEM | Q23: 1 | R23: 2 | S23: 3 | T23: 4 | U23: 5 | V23: 6 | W23: 7 | X23: 8 | Y23: 9 | Z23: 10 | AA23: 11 | AB23: 12 | AC23: 13 | AD23: 14 | AE23: 15 | AF23: 16 | AG23: 17 | AH23: 18 | AI23: 19 | AJ23: 20 | AK23: 21 | AL23: 22 | AM23: 23 | AN23: 24 | AO23: 25 | AP23: 26 | AQ23: 27 | AR23: 28 | AS23: 29 | AT23: 30 | AU23: 31 | AV23: 32 | AW23: 33 | AX23: 34 | AY23: 35
B25: DISCRIMINAÇÃO | C25: PERÍODO | E25: PERÍODO | F25: DIAS | G25: OBSERVAÇÃO | P25: ANUÊNIO - 1
B26: INSS | C26: =CRÍTICA_IGP1!C26 -> 0 | D26: a | E26: =CRÍTICA_IGP1!E26 -> 0 | F26: =CRÍTICA_IGP1!F26 -> 0 | G26: C.T.S. INSS - FLS.: | J26: =CRÍTICA_IGP1!J26 -> 0 | L26: OFÍCIO - FLS.: | N26: =CRÍTICA_IGP1!N26 -> 0 | P26: ANOS | Q26: 1 | R26: 2 | S26: 3 | T26: 4 | U26: 5 | V26: 6 | W26: 7 | X26: 8 | Y26: 9 | Z26: 10 | AA26: 11 | AB26: 12 | AC26: 13 | AD26: 14 | AE26: 15 | AF26: 16 | AG26: 17 | AH26: 18 | AI26: 19 | AJ26: 20 | AK26: 21 | AL26: 22 | AM26: 23 | AN26: 24 | AO26: 25 | AP26: 26 | AQ26: 27 | AR26: 28 | AS26: 29 | AT26: 30 | AU26: 31 | AV26: 32 | AW26: 33 | AX26: 34 | AY26: 35
B27: OUTROS PODERES | C27: =CRÍTICA_IGP1!C27 -> 0 | D27: a | E27: =CRÍTICA_IGP1!E27 -> 0 | F27: =CRÍTICA_IGP1!F27 -> 0 | G27: C.T.S. / M.T.S. - FLS.: | J27: =CRÍTICA_IGP1!J27 -> #REF! | L27: OFÍCIO - FLS.: | N27: =CRÍTICA_IGP1!N27 -> 0 | P27: ATS % | Q27: 0.01 | R27: 0.02 | S27: 0.03 | T27: 0.04 | U27: 0.05 | V27: 0.06 | W27: 0.07 | X27: 0.08 | Y27: 0.09 | Z27: 0.1 | AA27: 0.11 | AB27: 0.12 | AC27: 0.13 | AD27: 0.14 | AE27: 0.15 | AF27: 0.16 | AG27: 0.17 | AH27: 0.18 | AI27: 0.19 | AJ27: 0.2 | AK27: 0.21 | AL27: 0.22 | AM27: 0.23 | AN27: 0.24 | AO27: 0.25 | AP27: 0.26 | AQ27: 0.27 | AR27: 0.28 | AS27: 0.29 | AT27: 0.3 | AU27: 0.31 | AV27: 0.32 | AW27: 0.33 | AX27: 0.34 | AY27: 0.35
B28: OUTROS PODERES | C28: =CRÍTICA_IGP1!C28 -> 0 | D28: a | E28: =CRÍTICA_IGP1!E28 -> 0 | F28: =IF(C28=0,0,IF(E28=0,0,E28-C28+1)) -> 0 | G28: C.T.S. / M.T.S. - FLS.: | J28: =CRÍTICA_IGP1!J28 -> #REF! | L28: OFÍCIO - FLS.: | N28: =CRÍTICA_IGP1!N28 -> 0
B29: FORÇAS ARMADAS | C29: =CRÍTICA_IGP1!C29 -> 0 | D29: a | E29: =CRÍTICA_IGP1!E29 -> 0 | F29: =CRÍTICA_IGP1!F29 -> 0 | G29: C.T.S. / M.T.S. - FLS.: | J29: =CRÍTICA_IGP1!J29 -> 0 | P29: ANUÊNIO - 2 | Q29: 1 | R29: 2 | S29: 3 | T29: 4 | U29: 5 | V29: 6 | W29: 7 | X29: 8 | Y29: 9 | Z29: 10 | AA29: 11 | AB29: 12 | AC29: 13 | AD29: 14 | AE29: 15 | AF29: 16 | AG29: 17 | AH29: 18 | AI29: 19 | AJ29: 20 | AK29: 21 | AL29: 22 | AM29: 23 | AN29: 24 | AO29: 25 | AP29: 26 | AQ29: 27 | AR29: 28 | AS29: 29 | AT29: 30
B30: ÓRGÃO ORIGEM | C30: =CRÍTICA_IGP1!C30 -> 0 | D30: a | E30: =CRÍTICA_IGP1!E30 -> 0 | F30: =CRÍTICA_IGP1!F30 -> 0 | G30: C.T.S. / M.T.S. - FLS.: | J30: =CRÍTICA_IGP1!J30 -> 0 | P30: ATS % | Q30: 0.015 | R30: 0.03 | S30: 0.045 | T30: 0.06 | U30: 0.075 | V30: 0.09 | W30: 0.105 | X30: 0.12 | Y30: 0.135 | Z30: 0.15 | AA30: 0.165 | AB30: 0.18 | AC30: 0.195 | AD30: 0.21 | AE30: 0.225 | AF30: 0.24 | AG30: 0.255 | AH30: 0.27 | AI30: 0.285 | AJ30: 0.3 | AK30: 0.315 | AL30: 0.33 | AM30: 0.345 | AN30: 0.36 | AO30: 0.375 | AP30: 0.39 | AQ30: 0.405 | AR30: 0.42 | AS30: 0.435 | AT30: 0.45
B31: ÓRGÃO ORIGEM | C31: =CRÍTICA_IGP1!C31 -> 0 | D31: a | E31: =CRÍTICA_IGP1!E31 -> 0 | F31: =IF(C31=0,0,IF(E31=0,0,E31-C31+1))-N31 -> 0 | J31: FALTAS / LICENÇA SEM VCTOS : | N31: =CRÍTICA_IGP1!N31 -> 0
B32: ÓRGÃO ORIGEM | C32: =CRÍTICA_IGP1!C32 -> 0 | D32: a | E32: =IF(CRÍTICA_IGP1!$E$32<36145,CRÍTICA_IGP1!$E$32,0) -> 0 | F32: =IF(C32=0,0,IF(E32=0,0,E32-C32+1)) -> 0 | H32: =SUM(F26:F32)+F33+F34 -> 0 | J32: =ROUNDDOWN(H32/365,0) -> 0 | K32: anos e | L32: =(H32/365-J32)*365 -> 0 | M32: dias. | P32: ANUÊNIO - 3 | Q32: 1 | R32: 2 | S32: 3 | T32: 4 | U32: 5 | V32: 6 | W32: 7 | X32: 8 | Y32: 9 | Z32: 10 | AA32: 11 | AB32: 12 | AC32: 13 | AD32: 14 | AE32: 15 | AF32: 16
B33: LICENÇA ESPECIAL | C33: PERÍODOS | E33: =CRÍTICA_IGP1!E33 -> 0 | F33: =IF(E33=0,0,E33*2*90) -> 0 | G33: Licença especial não gozada e computada em dobro. | N33: =SUM(F27:F33) -> 0 | O33: =SUM($F$27:$F$33)+$F$45 -> 0 | P33: ATS % | Q33: 0.1 | R33: 0.12 | S33: 0.14 | T33: 0.16 | U33: 0.18 | V33: 0.2 | W33: 0.22 | X33: 0.24 | Y33: 0.26 | Z33: 0.28 | AA33: 0.3 | AB33: 0.32 | AC33: 0.34 | AD33: 0.36 | AE33: 0.38 | AF33: 0.4
B34: FÉRIAS EM DOBRO | C34: ANOS | E34: =CRÍTICA_IGP1!E34 -> 0 | F34: =IF(E34=0,0,E34*2*30) -> 0 | G34: Férias não gozadas e computadas em dobro. | N34: =ROUNDDOWN(N33/365,0) -> 0 | O34: =ROUNDDOWN($O$33/365,0) -> 0
A35: 32421 | B35: BÔNUS ESPECIAL | F35: =IF(K2=O4,N35,IF(K2=O5,M35,0)) -> 0 | G35: Acréscimo constitucional para professores. | M35: =IF(E2=B94,IF(D12="X",IF(G10="X",ROUNDDOWN(SUM(F26:F34)*0.2,0),ROUNDDOWN(SUM(F26:F34)*0.17,0)),0),0) -> 0 | N35: =IF(E2="VOLUNTÁRIA ESPECIAL",IF(D12="X",IF(G10="X",ROUNDDOWN(SUM(F26:F34)*0.2,0),ROUNDDOWN(SUM(F26:F34)*0.17,0)),0),0) -> 0 | P35: ANUÊNIO - 4 | Q35: 1 | R35: 2 | S35: 3 | T35: 4 | U35: 5 | V35: 6 | W35: 7 | X35: 8 | Y35: 9 | Z35: 10 | AA35: 11 | AB35: 12 | AC35: 13 | AD35: 14 | AE35: 15 | AF35: 16 | AG35: 17 | AH35: 18 | AI35: 19 | AJ35: 20 | AK35: 21 | AL35: 22 | AM35: 23 | AN35: 24 | AO35: 25 | AP35: 26 | AQ35: 27 | AR35: 28 | AS35: 29 | AT35: 30 | AU35: 31 | AV35: 32 | AW35: 33 | AX35: 34 | AY35: 35
A36: 34298 | B36: Subtotal | G36: Computando os tempos fictos, até a data da publicação da EC 20 | P36: ATS % | Q36: 0 | R36: 0 | S36: 0.02 | T36: 0.04 | U36: 0.06 | V36: 0.08 | W36: 0.1 | X36: 0.12 | Y36: 0.14 | Z36: 0.16 | AA36: 0.18 | AB36: 0.2 | AC36: 0.22 | AD36: 0.24 | AE36: 0.26 | AF36: 0.28 | AG36: 0.3 | AH36: 0.32 | AI36: 0.34 | AJ36: 0.36 | AK36: 0.38 | AL36: 0.4 | AM36: 0.42 | AN36: 0.44 | AO36: 0.46 | AP36: 0.48 | AQ36: 0.5 | AR36: 0.52 | AS36: 0.54 | AT36: 0.56 | AU36: 0.58 | AV36: 0.6 | AW36: 0.62 | AX36: 0.64 | AY36: 0.66
A37: 36144 | B37: ANTERIOR | C37: =IF(C38<36145,C38,"REVER") -> REVER | D37: a | E37: =IF(E38<36145,E38,"REVER") -> 0 | F37: =IF($E$37<=$A$37,IF($F$38<>0,SUM($F$26:$F$35),0),0) -> 0 | H37: =E38 -> 0 | I37: , o servidor totalizava | K37: =ROUNDDOWN(F37/365,0) -> 0 | L37: anos e | M37: =(F37/365-K37)*365 -> 0 | N37: dias.
B38: EMENDA 20/98 | C38: =IF(C26>0,C26,IF(C27>0,C27,IF(C28>0,C28,IF(C29>0,C29,IF(C30>0,C30,IF(C31>0,C31,IF(C32>0,C32,"REVER"))))))) -> REVER | E38: =MAX($E$26:$E$32) -> 0 | F38: =MAX($F$26:$F$32) -> 0 | G38: não podendo se aposentar pela legislação então vigente. | P38: TRIÊNIOS | Q38: 1 - RJ
B39: EC 20/98 | C39: =IF(C45>=36145,C45,"REVER") -> REVER | E39: =IF(E46<=38036,E46,"REVER") -> 0 | P39: TRI - RJ | Q39: 3 | R39: 6 | S39: 9 | T39: 12 | U39: 15 | V39: 18 | W39: 21 | X39: 24 | Y39: 27 | Z39: 30 | AA39: 33 | AB39: 36
B40: COMPLEMENTAÇÃO NECESSÁRIA | P40: ATS % | Q40: 0.1 | R40: 0.15 | S40: 0.2 | T40: 0.25 | U40: 0.3 | V40: 0.35 | W40: 0.4 | X40: 0.45 | Y40: 0.5 | Z40: 0.55 | AA40: 0.6 | AB40: 0.65
B41: DADOS | C41: =IF(E41>0,IF(E2=B86,E41,IF(E2=B87,E41,IF(E2=B93,E41,))),0) -> 12775 | D41: =IF(E41>0,IF(K2=O5,IF(E2=B94,E41,0)),0) -> FALSE | E41: =IF($E$2=B93,IF($G$10="X",(25*365)-$F$37,(30*365)-$F$37),IF($G$10="X",(30*365)-$F$37,(35*365)-$F$37)) -> 12775 | G41: TEMPO CONVERTIDO
A42: =IF($K$2=$O$2,0,IF($K$2=$O$3,IF($E$46<$Q$12,IF($D$14="x",$A$44,IF($G$14="x",$A$44,0)),0),$A$44)) -> 0 | B42: FALTAVAM : | E42: =IF(K2=O4,C41,IF(K2=O5,D41,0)) -> 0 | F42: DIAS | H42: =IF(E42>0,IF(K2=O4,"HÁ PEDÁGIO A CUMPRIR",IF(K2=O5,IF(E2=B94,"HÁ PEDÁGIO A CUMPRIR",E71))),"NÃO HÁ PEDÁGIO A CUMPRIR") -> NÃO HÁ PEDÁGIO A CUMPRIR | K42: =IF(E41>0,ROUNDDOWN(E41/365,0),0) -> 35 | L42: anos e | M42: =(E41/365-K42)*365 -> 0 | N42: dias. | P42: TRIÊNIOS - 2 | Q42: 3 | R42: 6 | S42: 9 | T42: 12 | U42: 15 | V42: 18 | W42: 21 | X42: 24 | Y42: 27 | Z42: 30 | AA42: 33 | AB42: 36 | AC42: 39 | AD42: 42 | AE42: 45 | AF42: 48 | AG42: 51
A43: =IF($K$2=$O$2,0,IF($K$2=$O$4,IF($E$46<$Q$13,$A$44,0),$A$44)) -> 0 | B43: PEDÁGIO : | E43: =IF(E42>0,IF(E2=B93,ROUNDUP(E42*0.4,0),ROUNDUP(E42*0.2,0)),0) -> 0 | H43: =ROUNDDOWN(E43/365,0) -> 0 | I43: anos | J43: =ROUNDDOWN(O43/30,0) -> 0 | K43: meses e | M43: =O43-(J43*30) -> 0 | N43: dias. | O43: =(E43/365-H43)*365 -> 0 | P43: ATS % | Q43: 0.03 | R43: 0.06 | S43: 0.09 | T43: 0.12 | U43: 0.15 | V43: 0.18 | W43: 0.21 | X43: 0.24 | Y43: 0.27 | Z43: 0.3 | AA43: 0.33 | AB43: 0.36 | AC43: 0.39 | AD43: 0.42 | AE43: 0.45 | AF43: 0.48 | AG43: 0.51
A44: =IF(AND(C45>=Q11,E46<Q12),A45,0) -> 0 | B44: T. COMPLEMENTAR | E44: =IF(E42>0,E42+E43,0) -> 0 | H44: =ROUNDDOWN(E44/365,0) -> 0 | I44: anos | J44: =ROUNDDOWN(O44/30,0) -> 0 | K44: meses e | M44: =O44-(J44*30) -> 0 | N44: dias. | O44: =(E44/365-H44)*365 -> 0
A45: =IF($C$45="REVER",0,IF($E$46="REVER",0,$F$46)) -> 0 | B45: TEMPO APÓS | C45: =IF(AND(C51>=36145,C51<38037),C51,"REVER") -> REVER | D45: a | E45: =IF(AND($E$51>=36145,$E$51<38037),IF(AND($K$2=$O$3,$D$14="X"),$H$46,IF($K$2=$O$4,$G$46,$E$51)),"REVER") -> REVER | F45: =IF(AND(N8>=36145,F47<>0),F46,IF(K2=O2,0,IF(K2=O3,A42,IF(K2=O4,A43,A44)))) -> 0 | G45: Período computado após a EC 20/98. | K45: =ROUNDDOWN(F45/365,0) -> 0 | L45: anos e | M45: =(F45/365-K45)*365 -> 0 | N45: dias. | P45: TRIÊNIOS - 3 | Q45: 3 | R45: 6 | S45: 9 | T45: 12 | U45: 15 | V45: 18 | W45: 21 | X45: 24 | Y45: 27 | Z45: 30 | AA45: 33 | AB45: 36
