Workbook

Sheet Menu
A1: MENU SERVIÇOS EXTERNOS
E2: Aviso de Desbloqueio
B9: Função Contábil
C11: 01. | D11: Cadastro
C13: 05. | D13: Certidões
C15: 06. | D15: Controle Serviços

Sheet Cadastro
A1: CADASTRO DOS CLIENTES - SERVIÇOS EXTERNOS
D2: Aviso de Desbloqueio
B9: Função Contábil
B11: CNPJ do Cliente (somente números) | C11: Razão Social Nome de Cliente | D11: Telefone | E11: e-mail | F11: Endereço | G11: Observações
B12: 00111222333344 | C12: Empresa Função Contábil | D12: (0xx) 1111-0001 | E12: email@email.com | F12: Rua: F nº00 - Função/PR | G12: Somente abertura de empresa
B13: 00111222333345 | C13: Empresa 123 Ltda | D13: (0xx) 1111-0002 | E13: email@email.net | F13: Rua: 123 nº123 - São Paulo/SP | G13: Abertura de Empresa e Contabilidade/Fiscal
B14: 00111222333346 | C14: Empresa ABC Ltda | D14: (0xx) 1111-0003 | E14: email@email.com.br | F14: Rua: ABC nºABC - Rio de Janeiro/RJ | G14: Somente Folha de Pagamento

Sheet Certidões
A1: CONTROLE DE CERTIDÕES E LICENÇAS
D2: Aviso de Desbloqueio
D5: CNPJ do Cliente | E5: 00111222333344
D6: Empresa | E6: =VLOOKUP(E5,Cadastro!B:G,2,0) -> Empresa Função Contábil
D7: Data Atual | E7: =TODAY() -> 43149
D8: No Prazo | E8: =COUNTIF($D$11:$D$26,D8) -> 13
B9: Função Contábil | D9: Vencida | E9: =COUNTIF($D$11:$D$26,D9) -> 2
B11: Descrição | C11: Vencimento | D11: Status | E11: Site/Local | F11: Observação
B12: Certidão Estadual | C12: 43465 | D12: =IF(C12>$E$7,"No Prazo","Vencida") -> No Prazo | E12: Receita Estadual Sefaz
B13: Certidão Falência e Concordata | C13: 43465 | D13: =IF(C13>$E$7,"No Prazo","Vencida") -> No Prazo | E13: Tribunal de Justiça Estadual
B14: Certidão Federal e Previdência | C14: 43465 | D14: =IF(C14>$E$7,"No Prazo","Vencida") -> No Prazo | E14: Receita Federal
B15: Certidão Municipal | C15: 43465 | D15: =IF(C15>$E$7,"No Prazo","Vencida") -> No Prazo | E15: Prefeitura
B16: Certidão Regularidade do FGTS - CRF | C16: 43131 | D16: =IF(C16>$E$7,"No Prazo","Vencida") -> Vencida | E16: CRF Caixa Econômica Federal
B17: Certidão Simplificada | C17: 43131 | D17: =IF(C17>$E$7,"No Prazo","Vencida") -> Vencida | E17: Junta Comercial
B18: Certidão Trabalhista | C18: 43465 | D18: =IF(C18>$E$7,"No Prazo","Vencida") -> No Prazo | E18: Tribunal Superior do Trabalho
B19: Inscrição Estadual Cicad | C19: 43465 | D19: =IF(C19>$E$7,"No Prazo","Vencida") -> No Prazo | E19: Receita Estadual Sefaz
B20: Inscrição Federal CNPJ | C20: 43465 | D20: =IF(C20>$E$7,"No Prazo","Vencida") -> No Prazo | E20: Receita Federal
B21: Inscrição Municipal | C21: 43465 | D21: =IF(C21>$E$7,"No Prazo","Vencida") -> No Prazo | E21: Prefeitura
B22: Licença Alvará | C22: 43465 | D22: =IF(C22>$E$7,"No Prazo","Vencida") -> No Prazo | E22: Prefeitura
B23: Licença Ambiental | C23: 43465 | D23: =IF(C23>$E$7,"No Prazo","Vencida") -> No Prazo | E23: Secretaria do Meio Ambiente
... B26: Sicaf | C26: 43465 | D26: =IF(C26>$E$7,"No Prazo","Vencida") -> No Prazo | E26: Ministério do Planejamento

Sheet Controle de Serviços
A1: CONTROLE DE SERVIÇOS EXTERNOS
E2: Aviso de Desbloqueio | G2: Total Empresas | H2: =COUNTA(C12:C261) -> 3
G4: Concluído | H4: =COUNTIF(Tabela4[Status],"=Concluído") -> 1
G5: Em Andamento | H5: =COUNTIF(Tabela4[Status],"=Em Andamento") -> 3
G6: Pendente | H6: =COUNTIF(Tabela4[Status],"=Pendente") -> 1
G7: Total Serviços | H7: =SUM(H4:H6) -> 5
C9: Função Contábil
B11: nº do Serviço | C11: CNPJ do Cliente | D11: Empresa e Contato | E11: Status | F11: Motivo do Serviço | G11: Local do Serviço | H11: Data Abertura | I11: Data Vencimento | K11: Dados
B12: 1 | C12: 00111222333344 | D12: =IFERROR(VLOOKUP(C12,Cadastro!B:G,2,0)&" - "&VLOOKUP(C12,Cadastro!B:G,3,0)&" - "&VLOOKUP(C12,Cadastro!B:G,4,0),"") -> Empresa Função Contábil - (0xx) 1111-0001 - email@email.com | E12: Concluído | F12: Consulta Comercial | G12: Prefeitura | H12: 43122 | I12: =H12+30 -> 43152 | K12: Bombeiros
E13: Em Andamento | F13: Alteração de Contrato | G13: Escritório | H13: =TODAY() -> 43149 | I13: =H13+30 -> 43179 | K13: Caixa Econômica
E14: Em Andamento | F14: Vistoria | G14: Bombeiros | H14: 43122 | I14: =H14+30 -> 43152 | K14: Cliente
E15: Pendente | F15: Certidão | G15: Receita Federal | H15: 43122 | I15: =TODAY() -> 43149 | K15: Escritório
K16: Junta Comercial
K17: Meio Ambiente
K18: Ministério do Trabalho
K19: Outros
K20: Prefeitura
K21: Previdência
B22: 2 | C22: 00111222333345 | D22: =IFERROR(VLOOKUP(C22,Cadastro!B:G,2,0)&" - "&VLOOKUP(C22,Cadastro!B:G,3,0)&" - "&VLOOKUP(C22,Cadastro!B:G,4,0),"") -> Empresa 123 Ltda - (0xx) 1111-0002 - email@email.net | E22: Em Andamento | F22: Consulta Comercial | G22: Prefeitura | H22: =TODAY() -> 43149 | I22: =H22+30 -> 43179 | K22: Receita Estadual
K23: Receita Federal
K24: Vigilância Sanitária
K26: Concluído
K27: Em Andamento
K28: Pendente
B32: 3 | C32: 00111222333346 | D32: =IFERROR(VLOOKUP(C32,Cadastro!B:G,2,0)&" - "&VLOOKUP(C32,Cadastro!B:G,3,0)&" - "&VLOOKUP(C32,Cadastro!B:G,4,0),"") -> Empresa ABC Ltda - (0xx) 1111-0003 - email@email.com.br
B42: 4 | D42: =IFERROR(VLOOKUP(C42,Cadastro!B:G,2,0)&" - "&VLOOKUP(C42,Cadastro!B:G,3,0)&" - "&VLOOKUP(C42,Cadastro!B:G,4,0),"")
B52: 5 | D52: =IFERROR(VLOOKUP(C52,Cadastro!B:G,2,0)&" - "&VLOOKUP(C52,Cadastro!B:G,3,0)&" - "&VLOOKUP(C52,Cadastro!B:G,4,0),"")
B62: 6 | D62: =IFERROR(VLOOKUP(C62,Cadastro!B:G,2,0)&" - "&VLOOKUP(C62,Cadastro!B:G,3,0)&" - "&VLOOKUP(C62,Cadastro!B:G,4,0),"")
B72: 7 | D72: =IFERROR(VLOOKUP(C72,Cadastro!B:G,2,0)&" - "&VLOOKUP(C72,Cadastro!B:G,3,0)&" - "&VLOOKUP(C72,Cadastro!B:G,4,0),"")
B82: 8 | D82: =IFERROR(VLOOKUP(C82,Cadastro!B:G,2,0)&" - "&VLOOKUP(C82,Cadastro!B:G,3,0)&" - "&VLOOKUP(C82,Cadastro!B:G,4,0),"")
B92: 9 | D92: =IFERROR(VLOOKUP(C92,Cadastro!B:G,2,0)&" - "&VLOOKUP(C92,Cadastro!B:G,3,0)&" - "&VLOOKUP(C92,Cadastro!B:G,4,0),"")
B102: 10 | D102: =IFERROR(VLOOKUP(C102,Cadastro!B:G,2,0)&" - "&VLOOKUP(C102,Cadastro!B:G,3,0)&" - "&VLOOKUP(C102,Cadastro!B:G,4,0),"")
B112: 11 | D112: =IFERROR(VLOOKUP(C112,Cadastro!B:G,2,0)&" - "&VLOOKUP(C112,Cadastro!B:G,3,0)&" - "&VLOOKUP(C112,Cadastro!B:G,4,0),"")
B122: 12 | D122: =IFERROR(VLOOKUP(C122,Cadastro!B:G,2,0)&" - "&VLOOKUP(C122,Cadastro!B:G,3,0)&" - "&VLOOKUP(C122,Cadastro!B:G,4,0),"")
B132: 13 | D132: =IFERROR(VLOOKUP(C132,Cadastro!B:G,2,0)&" - "&VLOOKUP(C132,Cadastro!B:G,3,0)&" - "&VLOOKUP(C132,Cadastro!B:G,4,0),"")
B142: 14 | D142: =IFERROR(VLOOKUP(C142,Cadastro!B:G,2,0)&" - "&VLOOKUP(C142,Cadastro!B:G,3,0)&" - "&VLOOKUP(C142,Cadastro!B:G,4,0),"")
B152: 15 | D152: =IFERROR(VLOOKUP(C152,Cadastro!B:G,2,0)&" - "&VLOOKUP(C152,Cadastro!B:G,3,0)&" - "&VLOOKUP(C152,Cadastro!B:G,4,0),"")
... B252: 25 | D252: =IFERROR(VLOOKUP(C252,Cadastro!B:G,2,0)&" - "&VLOOKUP(C252,Cadastro!B:G,3,0)&" - "&VLOOKUP(C252,Cadastro!B:G,4,0),"")
