Workbook

Sheet Planilha2
A1: Tabelas de Alíquotas Simples Nacional
I2: Alíquota mês | K2: Receita Bruta 12 | M2: Alíquota Rep | N2: Dedução | O2: Alíquota Com | P2: Dedução
A3: Receita Bruta Total em 12 meses | E3: Alíquota | F3: Quanto descontar do valor recolhido | I3: Mês 01 | K3: =Planilha1!D6*12 -> 0 | M3: =LOOKUP($K3,$B$12:$D$17,$E$12:$E$17) -> 0.06 | N3: =LOOKUP($K3,$B$12:$D$17,$F$12:$F$17) -> 0 | O3: =LOOKUP($K3,$B$4:$D$9,$E$4:$E$9) -> 0.04 | P3: =LOOKUP($K3,$B$12:$D$17,$F$12:$F$17) -> 0
A4: De | B4: 0 | C4: Até | D4: 180000 | E4: 0.04 | F4: 0 | I4: Mês 02 | K4: =((Planilha1!D7+Planilha1!D6)/2)*12 -> 0 | M4: =LOOKUP(K4,$B$12:$D$17,$E$12:$E$17) -> 0.06 | N4: =LOOKUP($K4,$B$12:$D$17,$F$12:$F$17) -> 0 | O4: =LOOKUP($K4,$B$4:$D$9,$E$4:$E$9) -> 0.04 | P4: =LOOKUP($K4,$B$12:$D$17,$F$12:$F$17) -> 0
A5: De | B5: 180000.01 | C5: Até | D5: 360000 | E5: 0.073 | F5: 5940 | I5: Mês 03 | K5: =((Planilha1!D6+Planilha1!D7+Planilha1!D8)/3)*12 -> 0 | M5: =LOOKUP(K5,$B$12:$D$17,$E$12:$E$17) -> 0.06 | N5: =LOOKUP($K5,$B$12:$D$17,$F$12:$F$17) -> 0 | O5: =LOOKUP($K5,$B$4:$D$9,$E$4:$E$9) -> 0.04 | P5: =LOOKUP($K5,$B$12:$D$17,$F$12:$F$17) -> 0
A6: De | B6: 360000.01 | C6: Até | D6: 720000 | E6: 0.095 | F6: 13860 | I6: Mês 04 | K6: =((Planilha1!D6+Planilha1!D7+Planilha1!D8+Planilha1!D9)/4)*12 -> 0 | M6: =LOOKUP(K6,$B$12:$D$17,$E$12:$E$17) -> 0.06 | N6: =LOOKUP($K6,$B$12:$D$17,$F$12:$F$17) -> 0 | O6: =LOOKUP($K6,$B$4:$D$9,$E$4:$E$9) -> 0.04 | P6: =LOOKUP($K6,$B$12:$D$17,$F$12:$F$17) -> 0
A7: De | B7: 720000.01 | C7: Até | D7: 1800000 | E7: 0.107 | F7: 22500 | I7: Mês 05 | K7: =((Planilha1!D10+Planilha1!D9+Planilha1!D8+Planilha1!D7+Planilha1!D6)/5)*12 -> 0 | M7: =LOOKUP(K7,$B$12:$D$17,$E$12:$E$17) -> 0.06 | N7: =LOOKUP($K7,$B$12:$D$17,$F$12:$F$17) -> 0 | O7: =LOOKUP($K7,$B$4:$D$9,$E$4:$E$9) -> 0.04 | P7: =LOOKUP($K7,$B$12:$D$17,$F$12:$F$17) -> 0
A8: De | B8: 1800000 | C8: Até | D8: 3600000 | E8: 0.143 | F8: 87300 | I8: Mês 06 | K8: =((Planilha1!D6+Planilha1!D7+Planilha1!D8+Planilha1!D9+Planilha1!D10+Planilha1!D11)/6)*12 -> 0 | M8: =LOOKUP(K8,$B$12:$D$17,$E$12:$E$17) -> 0.06 | N8: =LOOKUP($K8,$B$12:$D$17,$F$12:$F$17) -> 0 | O8: =LOOKUP($K8,$B$4:$D$9,$E$4:$E$9) -> 0.04 | P8: =LOOKUP($K8,$B$12:$D$17,$F$12:$F$17) -> 0
A9: De | B9: 3600000 | C9: Até | D9: 4800000 | E9: 0.19 | F9: 378000 | I9: Mês 07 | K9: =((Planilha1!D6+Planilha1!D7+Planilha1!D8+Planilha1!D9+Planilha1!D10+Planilha1!D11+Planilha1!D12)/7)*12 -> 0 | M9: =LOOKUP(K9,$B$12:$D$17,$E$12:$E$17) -> 0.06 | N9: =LOOKUP($K9,$B$12:$D$17,$F$12:$F$17) -> 0 | O9: =LOOKUP($K9,$B$4:$D$9,$E$4:$E$9) -> 0.04 | P9: =LOOKUP($K9,$B$12:$D$17,$F$12:$F$17) -> 0
I10: Mês 08 | K10: =((Planilha1!D6+Planilha1!D7+Planilha1!D8+Planilha1!D9+Planilha1!D10+Planilha1!D11+Planilha1!D12+Planilha1!D13)/8)*12 -> 0 | M10: =LOOKUP(K10,$B$12:$D$17,$E$12:$E$17) -> 0.06 | N10: =LOOKUP($K10,$B$12:$D$17,$F$12:$F$17) -> 0 | O10: =LOOKUP($K10,$B$4:$D$9,$E$4:$E$9) -> 0.04 | P10: =LOOKUP($K10,$B$12:$D$17,$F$12:$F$17) -> 0
A11: Receita Bruta Total em 12 meses | E11: Alíquota | F11: Quanto descontar do valor recolhido | I11: Mês 09 | K11: =(SUM(Planilha1!D6:D14)/9)*12 -> 0 | M11: =LOOKUP(K11,$B$12:$D$17,$E$12:$E$17) -> 0.06 | N11: =LOOKUP($K11,$B$12:$D$17,$F$12:$F$17) -> 0 | O11: =LOOKUP($K11,$B$4:$D$9,$E$4:$E$9) -> 0.04 | P11: =LOOKUP($K11,$B$12:$D$17,$F$12:$F$17) -> 0
A12: De | B12: 0 | C12: Até | D12: 180000 | E12: 0.06 | F12: 0 | I12: Mês 10 | K12: =(SUM(Planilha1!D6:D15)/10)*12 -> 0 | M12: =LOOKUP(K12,$B$12:$D$17,$E$12:$E$17) -> 0.06 | N12: =LOOKUP($K12,$B$12:$D$17,$F$12:$F$17) -> 0 | O12: =LOOKUP($K12,$B$4:$D$9,$E$4:$E$9) -> 0.04 | P12: =LOOKUP($K12,$B$12:$D$17,$F$12:$F$17) -> 0
A13: De | B13: 180000.01 | C13: Até | D13: 360000 | E13: 0.112 | F13: 5940 | I13: Mês 11 | K13: =(SUM(Planilha1!$D$6:D16)/11)*12 -> 0 | M13: =LOOKUP(K13,$B$12:$D$17,$E$12:$E$17) -> 0.06 | N13: =LOOKUP($K13,$B$12:$D$17,$F$12:$F$17) -> 0 | O13: =LOOKUP($K13,$B$4:$D$9,$E$4:$E$9) -> 0.04 | P13: =LOOKUP($K13,$B$12:$D$17,$F$12:$F$17) -> 0
A14: De | B14: 360000.01 | C14: Até | D14: 720000 | E14: 0.135 | F14: 13860 | I14: Mês 12 | K14: =(SUM(Planilha1!$D$6:D17)) -> 0 | M14: =LOOKUP(K14,$B$12:$D$17,$E$12:$E$17) -> 0.06 | N14: =LOOKUP($K14,$B$12:$D$17,$F$12:$F$17) -> 0 | O14: =LOOKUP($K14,$B$4:$D$9,$E$4:$E$9) -> 0.04 | P14: =LOOKUP($K14,$B$12:$D$17,$F$12:$F$17) -> 0
A15: De | B15: 720000.01 | C15: Até | D15: 1800000 | E15: 0.16 | F15: 22500
A16: De | B16: 1800000 | C16: Até | D16: 3600000 | E16: 0.21 | F16: 87300
A17: De | B17: 3600000 | C17: Até | D17: 4800000 | E17: 0.33 | F17: 378000
A20: Obs: As alíquotas aqui listadas, não são aplicadas diretamente no faturamento da empresa, com exceção da primeira faixa de enquadramento, elas são variáveis de acordo com uma formula pré definida pela Receita Federal do Brasil.

Sheet Planilha1
A1: Planilha para Cálculo do Simples Nacional - Representantação e Comércio
A3: Pró-Labore | C3: INSS Pró-Labore | D3: =IF(B3<=5645.8,B3*11%,5645.8*11%) -> 0 | E3: Esse é o salário do sócio da empresa. Ao menos um dos sócios é obrigado a ter um salário de pelo menos um salário mínimo nacional vigênte.
A5: Faturamento | B5: Representação | C5: Comércio | D5: Total
A6: Mês 01 | D6: =B6+C6 -> 0
A7: Mês 02 | D7: =B7+C7 -> 0
A8: Mês 03 | D8: =B8+C8 -> 0
A9: Mês 04 | D9: =B9+C9 -> 0
A10: Mês 05 | D10: =B10+C10 -> 0
A11: Mês 06 | D11: =B11+C11 -> 0
A12: Mês 07 | D12: =B12+C12 -> 0
A13: Mês 08 | D13: =B13+C13 -> 0
A14: Mês 09 | D14: =B14+C14 -> 0
A15: Mês 10 | D15: =B15+C15 -> 0
A16: Mês 11 | D16: =B16+C16 -> 0
A17: Mês 12 | D17: =B17+C17 -> 0
A18: Total | B18: =SUM(B6:B17) -> 0 | C18: =SUM(C6:C17) -> 0 | D18: =B18+C18 -> 0
A20: Cálculo Simples Nacional
A21: Competência | B21: Representação | E21: Comércio | H21: Total a pagar
B22: Alíquota Efetiva | C22: Base de Cálculo | D22: Imposto | E22: Alíquota Efetiva | F22: Base de Cálculo | G22: Imposto
A23: Mês 01 | B23: =IFERROR((Planilha2!K3*Planilha2!M3-Planilha2!N3)/Planilha2!K3,) -> 0 | C23: =B6 -> 0 | D23: =C23*B23 -> 0 | E23: =IFERROR((Planilha2!K3*Planilha2!O3-Planilha2!P3)/Planilha2!K3,0) -> 0 | F23: =C6 -> 0 | G23: =F23*E23 -> 0 | H23: =G23+D23 -> 0
A24: Mês 02 | B24: =IFERROR((Planilha2!K4*Planilha2!M4-Planilha2!N4)/Planilha2!K4,0) -> 0 | C24: =B7 -> 0 | D24: =C24*B24 -> 0 | E24: =IFERROR((Planilha2!K4*Planilha2!O4-Planilha2!P4)/Planilha2!K4,0) -> 0 | F24: =C7 -> 0 | G24: =F24*E24 -> 0 | H24: =G24+D24 -> 0
A25: Mês 03 | B25: =IFERROR((Planilha2!K5*Planilha2!M5-Planilha2!N5)/Planilha2!K5,0) -> 0 | C25: =B8 -> 0 | D25: =C25*B25 -> 0 | E25: =IFERROR((Planilha2!K5*Planilha2!O5-Planilha2!P5)/Planilha2!K5,0) -> 0 | F25: =C8 -> 0 | G25: =F25*E25 -> 0 | H25: =G25+D25 -> 0
A26: Mês 04 | B26: =IFERROR((Planilha2!K6*Planilha2!M6-Planilha2!N6)/Planilha2!K6,0) -> 0 | C26: =B9 -> 0 | D26: =C26*B26 -> 0 | E26: =IFERROR((Planilha2!K6*Planilha2!O6-Planilha2!P6)/Planilha2!K6,0) -> 0 | F26: =C9 -> 0 | G26: =F26*E26 -> 0 | H26: =G26+D26 -> 0
A27: Mês 05 | B27: =IFERROR((Planilha2!K7*Planilha2!M7-Planilha2!N7)/Planilha2!K7,0) -> 0 | C27: =B10 -> 0 | D27: =C27*B27 -> 0 | E27: =IFERROR((Planilha2!K7*Planilha2!O7-Planilha2!P7)/Planilha2!K7,0) -> 0 | F27: =C10 -> 0 | G27: =F27*E27 -> 0 | H27: =G27+D27 -> 0
A28: Mês 06 | B28: =IFERROR((Planilha2!K8*Planilha2!M8-Planilha2!N8)/Planilha2!K8,0) -> 0 | C28: =B11 -> 0 | D28: =C28*B28 -> 0 | E28: =IFERROR((Planilha2!K8*Planilha2!O8-Planilha2!P8)/Planilha2!K8,0) -> 0 | F28: =C11 -> 0 | G28: =F28*E28 -> 0 | H28: =G28+D28 -> 0
A29: Mês 07 | B29: =IFERROR((Planilha2!K9*Planilha2!M9-Planilha2!N9)/Planilha2!K9,0) -> 0 | C29: =B12 -> 0 | D29: =C29*B29 -> 0 | E29: =IFERROR((Planilha2!K9*Planilha2!O9-Planilha2!P9)/Planilha2!K9,0) -> 0 | F29: =C12 -> 0 | G29: =F29*E29 -> 0 | H29: =G29+D29 -> 0
A30: Mês 08 | B30: =IFERROR((Planilha2!K10*Planilha2!M10-Planilha2!N10)/Planilha2!K10,0) -> 0 | C30: =B13 -> 0 | D30: =C30*B30 -> 0 | E30: =IFERROR((Planilha2!K10*Planilha2!O10-Planilha2!P10)/Planilha2!K10,0) -> 0 | F30: =C13 -> 0 | G30: =F30*E30 -> 0 | H30: =G30+D30 -> 0
A31: Mês 09 | B31: =IFERROR((Planilha2!K11*Planilha2!M11-Planilha2!N11)/Planilha2!K11,0) -> 0 | C31: =B14 -> 0 | D31: =C31*B31 -> 0 | E31: =IFERROR((Planilha2!K11*Planilha2!O11-Planilha2!P11)/Planilha2!K11,0) -> 0 | F31: =C14 -> 0 | G31: =F31*E31 -> 0 | H31: =G31+D31 -> 0
A32: Mês 10 | B32: =IFERROR((Planilha2!K12*Planilha2!M12-Planilha2!N12)/Planilha2!K12,0) -> 0 | C32: =B15 -> 0 | D32: =C32*B32 -> 0 | E32: =IFERROR((Planilha2!K12*Planilha2!O12-Planilha2!P12)/Planilha2!K12,0) -> 0 | F32: =C15 -> 0 | G32: =F32*E32 -> 0 | H32: =G32+D32 -> 0
A33: Mês 11 | B33: =IFERROR((Planilha2!K13*Planilha2!M13-Planilha2!N13)/Planilha2!K13,0) -> 0 | C33: =B16 -> 0 | D33: =C33*B33 -> 0 | E33: =IFERROR((Planilha2!K13*Planilha2!O13-Planilha2!P13)/Planilha2!K13,0) -> 0 | F33: =C16 -> 0 | G33: =F33*E33 -> 0 | H33: =G33+D33 -> 0
A34: Mês 12 | B34: =IFERROR((Planilha2!K14*Planilha2!M14-Planilha2!N14)/Planilha2!K14,0) -> 0 | C34: =B17 -> 0 | D34: =C34*B34 -> 0 | E34: =IFERROR((Planilha2!K14*Planilha2!O14-Planilha2!P14)/Planilha2!K14,0) -> 0 | F34: =C17 -> 0 | G34: =F34*E34 -> 0 | H34: =G34+D34 -> 0
