Workbook

Sheet Dados Gerais
D1: SIMULAÇÃO DO SIMPLES SEGUNDO LC 155 - VIGOR EM 01/01/2018 EM DIANTE
D2: MERA SIMULAÇÃO - SUJEITA A ALTERAÇÃO | I2: Versão 1.0
G3: (11) 2879.6682
D4: instruções de uso em http://www.sevilha.com.br/planilhalc155 | G4: www.sevilha.com.br
B6: Nome da empresa | G6: Razão Folha / Faturamento | I6: =IF(I36>0,I36/D36,0) -> 0
B8: Faturamento em 12 meses manual | D8: 0 | G8: Folha de Salários em 12 meses manual | I8: 0
B9: Faturamentos | G9: Folhas de Salários
B10: ano | C10: =D10 -> 2015 | D10: 2015 | G10: ano | H10: =C10 -> 2015 | I10: =H10 -> 2015
B11: janeiro | C11: =C10 -> 2015 | D11: 0 | E11: ND | G11: janeiro | H11: =C11 -> 2015 | I11: 0 | J11: ND
B12: fevereiro | C12: =C11 -> 2015 | D12: 0 | E12: ND | G12: fevereiro | H12: =C12 -> 2015 | I12: 0 | J12: ND
B13: março | C13: =C12 -> 2015 | D13: 0 | E13: ND | G13: março | H13: =C13 -> 2015 | I13: 0 | J13: ND
B14: abril | C14: =C13 -> 2015 | D14: 0 | E14: ND | G14: abril | H14: =C14 -> 2015 | I14: 0 | J14: ND
B15: maio | C15: =C14 -> 2015 | D15: 0 | E15: ND | G15: maio | H15: =C15 -> 2015 | I15: 0 | J15: ND
B16: junho | C16: =C15 -> 2015 | D16: 0 | E16: ND | G16: junho | H16: =C16 -> 2015 | I16: 0 | J16: ND
B17: julho | C17: =C16 -> 2015 | D17: 0 | E17: ND | G17: julho | H17: =C17 -> 2015 | I17: 0 | J17: ND
B18: agosto | C18: =C17 -> 2015 | D18: 0 | E18: ND | G18: agosto | H18: =C18 -> 2015 | I18: 0 | J18: ND
B19: setembro | C19: =C18 -> 2015 | D19: 0 | E19: ND | G19: setembro | H19: =C19 -> 2015 | I19: 0 | J19: ND
B20: outubro | C20: =C19 -> 2015 | D20: 0 | E20: ND | G20: outubro | H20: =C20 -> 2015 | I20: 0 | J20: ND
B21: novembro | C21: =C20 -> 2015 | D21: 0 | E21: ND | G21: novembro | H21: =C21 -> 2015 | I21: 0 | J21: ND
B22: dezembro | C22: =C21 -> 2015 | D22: 0 | E22: ND | G22: dezembro | H22: =C22 -> 2015 | I22: 0 | J22: ND
B23: janeiro | C23: =C22+1 -> 2016 | D23: 0 | E23: =IF(D23>0,SUM(D11:D22),0) -> 0 | G23: janeiro | H23: =C23 -> 2016 | I23: 0 | J23: =IF(I23>0,SUM(I11:I22),0) -> 0
B24: fevereiro | C24: =C23 -> 2016 | D24: 0 | E24: =IF(D24>0,SUM(D12:D23),0) -> 0 | G24: fevereiro | H24: =C24 -> 2016 | I24: 0 | J24: =IF(I24>0,SUM(I12:I23),0) -> 0
B25: março | C25: =C24 -> 2016 | D25: 0 | E25: =IF(D25>0,SUM(D13:D24),0) -> 0 | G25: março | H25: =C25 -> 2016 | I25: 0 | J25: =IF(I25>0,SUM(I13:I24),0) -> 0
B26: abril | C26: =C25 -> 2016 | D26: 0 | E26: =IF(D26>0,SUM(D14:D25),0) -> 0 | G26: abril | H26: =C26 -> 2016 | I26: 0 | J26: =IF(I26>0,SUM(I14:I25),0) -> 0
B27: maio | C27: =C26 -> 2016 | D27: 0 | E27: =IF(D27>0,SUM(D15:D26),0) -> 0 | G27: maio | H27: =C27 -> 2016 | I27: 0 | J27: =IF(I27>0,SUM(I15:I26),0) -> 0
B28: junho | C28: =C27 -> 2016 | D28: 0 | E28: =IF(D28>0,SUM(D16:D27),0) -> 0 | G28: junho | H28: =C28 -> 2016 | I28: 0 | J28: =IF(I28>0,SUM(I16:I27),0) -> 0
B29: julho | C29: =C28 -> 2016 | D29: 0 | E29: =IF(D29>0,SUM(D17:D28),0) -> 0 | G29: julho | H29: =C29 -> 2016 | I29: 0 | J29: =IF(I29>0,SUM(I17:I28),0) -> 0
B30: agosto | C30: =C29 -> 2016 | D30: 0 | E30: =IF(D30>0,SUM(D18:D29),0) -> 0 | G30: agosto | H30: =C30 -> 2016 | I30: 0 | J30: =IF(I30>0,SUM(I18:I29),0) -> 0
B31: setembro | C31: =C30 -> 2016 | D31: 0 | E31: =IF(D31>0,SUM(D19:D30),0) -> 0 | G31: setembro | H31: =C31 -> 2016 | I31: 0 | J31: =IF(I31>0,SUM(I19:I30),0) -> 0
B32: outubro | C32: =C31 -> 2016 | D32: 0 | E32: =IF(D32>0,SUM(D20:D31),0) -> 0 | G32: outubro | H32: =C32 -> 2016 | I32: 0 | J32: =IF(I32>0,SUM(I20:I31),0) -> 0
B33: novembro | C33: =C32 -> 2016 | D33: 0 | E33: =IF(D33>0,SUM(D21:D32),0) -> 0 | G33: novembro | H33: =C33 -> 2016 | I33: 0 | J33: =IF(I33>0,SUM(I21:I32),0) -> 0
B34: dezembro | C34: =C33 -> 2016 | D34: 0 | E34: =IF(D34>0,SUM(D22:D33),0) -> 0 | G34: dezembro | H34: =C34 -> 2016 | I34: 0 | J34: =IF(I34>0,SUM(I22:I33),0) -> 0
B36: Faturamento Acumulado em 12 meses | D36: =IF(D8>0,D8,IF(E34>0,E34,IF(E33>0,E33,IF(E32>0,E32,IF(E31>0,E31,IF(E30>0,E30,IF(E29>0,E29,IF(E28>0,E28,IF(E27>0,E27,IF(E26>0,E26,IF(E25>0,E25,IF(E24>0,E24,IF(E23>0,E23,D8))))))))))))) -> 0 | G36: Folha de Salários Acumulado em 12 meses | I36: =IF(I8>0,I8,IF(J34>0,J34,IF(J33>0,J33,IF(J32>0,J32,IF(J31>0,J31,IF(J30>0,J30,IF(J29>0,J29,IF(J28>0,J28,IF(J27>0,J27,IF(J26>0,J26,IF(J25>0,J25,IF(J24>0,J24,IF(J23>0,J23,I8))))))))))))) -> 0
B41: Alíquotas Efetivas
B42: Receitas da Tabela I | D42: =IF(D36>0,(IF(D36>'Tabelas da LC 155'!D12,'Tabelas da LC 155'!G13,IF('Dados Gerais'!D36>'Tabelas da LC 155'!D11,'Tabelas da LC 155'!G12,IF('Dados Gerais'!D36>'Tabelas da LC 155'!D10,'Tabelas da LC 155'!G11,IF('Dados Gerais'!D36>'Tabelas da LC 155'!D9,'Tabelas da LC 155'!G10,IF('Dados Gerais'!D36>'Tabelas da LC 155'!D8,'Tabelas da LC 155'!G9,'Tabelas da LC 155'!G8)))))),0) -> 0
B43: Receitas da Tabela II | D43: =IF(D36>0,(IF(D36>'Tabelas da LC 155'!J12,'Tabelas da LC 155'!M13,IF('Dados Gerais'!D36>'Tabelas da LC 155'!J11,'Tabelas da LC 155'!M12,IF('Dados Gerais'!D36>'Tabelas da LC 155'!J10,'Tabelas da LC 155'!M11,IF('Dados Gerais'!D36>'Tabelas da LC 155'!J9,'Tabelas da LC 155'!M10,IF('Dados Gerais'!D36>'Tabelas da LC 155'!J8,'Tabelas da LC 155'!M9,'Tabelas da LC 155'!M8)))))),0) -> 0
B44: Receitas da Tabela III | D44: =IF(D36>0,(IF(D36>'Tabelas da LC 155'!P12,'Tabelas da LC 155'!S13,IF('Dados Gerais'!D36>'Tabelas da LC 155'!P11,'Tabelas da LC 155'!S12,IF('Dados Gerais'!D36>'Tabelas da LC 155'!P10,'Tabelas da LC 155'!S11,IF('Dados Gerais'!D36>'Tabelas da LC 155'!P9,'Tabelas da LC 155'!S10,IF('Dados Gerais'!D36>'Tabelas da LC 155'!P8,'Tabelas da LC 155'!S9,'Tabelas da LC 155'!S8)))))),0) -> 0
B45: Receitas da Tabela IV | D45: =IF(D36>0,(IF(D36>'Tabelas da LC 155'!V12,'Tabelas da LC 155'!Y13,IF('Dados Gerais'!D36>'Tabelas da LC 155'!V11,'Tabelas da LC 155'!Y12,IF('Dados Gerais'!D36>'Tabelas da LC 155'!V10,'Tabelas da LC 155'!Y11,IF('Dados Gerais'!D36>'Tabelas da LC 155'!V9,'Tabelas da LC 155'!Y10,IF('Dados Gerais'!D36>'Tabelas da LC 155'!V8,'Tabelas da LC 155'!Y9,'Tabelas da LC 155'!Y8)))))),0) -> 0
B46: Receitas da Tabela V | D46: =IF(D36>0,(IF(D36>'Tabelas da LC 155'!AB12,'Tabelas da LC 155'!AE13,IF('Dados Gerais'!D36>'Tabelas da LC 155'!AB11,'Tabelas da LC 155'!AE12,IF('Dados Gerais'!D36>'Tabelas da LC 155'!AB10,'Tabelas da LC 155'!AE11,IF('Dados Gerais'!D36>'Tabelas da LC 155'!AB9,'Tabelas da LC 155'!AE10,IF('Dados Gerais'!D36>'Tabelas da LC 155'!AB8,'Tabelas da LC 155'!AE9,'Tabelas da LC 155'!AE8)))))),0) -> 0

Sheet Tabelas da LC 155
E3: (11) 2879.6682 | K3: (11) 2879.6682 | Q3: (11) 2879.6682 | W3: (11) 2879.6682 | AC3: (11) 2879.6682
E4: www.sevilha.com.br | K4: www.sevilha.com.br | Q4: www.sevilha.com.br | W4: www.sevilha.com.br | AC4: www.sevilha.com.br
C6: Anexo I - Comércio | I6: Anexo II - Indústria | O6: Anexo III - Serviços | U6: Anexo IV - Serviços | AA6: Anexo V - Serviços
C7: Faixa | D7: Receita Bruta em Doze Meses até | E7: Aliquota | F7: Valor a Deduzir R$ | G7: Aliq Efetiva | I7: Faixa | J7: Receita Bruta em Doze Meses até | K7: Aliquota | L7: Valor a Deduzir R$ | M7: Aliq Efetiva | O7: Faixa | P7: Receita Bruta em Doze Meses até | Q7: Aliquota | R7: Valor a Deduzir R$ | S7: Aliq Efetiva | U7: Faixa | V7: Receita Bruta em Doze Meses até | W7: Aliquota | X7: Valor a Deduzir R$ | Y7: Aliq Efetiva | AA7: Faixa | AB7: Receita Bruta em Doze Meses até | AC7: Aliquota | AD7: Valor a Deduzir R$ | AE7: Aliq Efetiva
C8: 1 | D8: 180000 | E8: 0.04 | F8: 0 | G8: =('Dados Gerais'!$D$36*'Tabelas da LC 155'!E8-'Tabelas da LC 155'!F8)/'Dados Gerais'!$D$36 -> #DIV/0! | I8: 1 | J8: 180000 | K8: 0.045 | L8: 0 | M8: =('Dados Gerais'!$D$36*'Tabelas da LC 155'!K8-'Tabelas da LC 155'!L8)/'Dados Gerais'!$D$36 -> #DIV/0! | O8: 1 | P8: 180000 | Q8: 0.06 | R8: 0 | S8: =('Dados Gerais'!$D$36*'Tabelas da LC 155'!Q8-'Tabelas da LC 155'!R8)/'Dados Gerais'!$D$36 -> #DIV/0! | U8: 1 | V8: 180000 | W8: 0.045 | X8: 0 | Y8: =('Dados Gerais'!$D$36*'Tabelas da LC 155'!W8-'Tabelas da LC 155'!X8)/'Dados Gerais'!$D$36 -> #DIV/0! | AA8: 1 | AB8: 180000 | AC8: 0.155 | AD8: 0 | AE8: =('Dados Gerais'!$D$36*'Tabelas da LC 155'!AC8-'Tabelas da LC 155'!AD8)/'Dados Gerais'!$D$36 -> #DIV/0!
C9: 2 | D9: 360000 | E9: 0.073 | F9: 5940 | G9: =('Dados Gerais'!$D$36*'Tabelas da LC 155'!E9-'Tabelas da LC 155'!F9)/'Dados Gerais'!$D$36 -> #DIV/0! | I9: 2 | J9: 360000 | K9: 0.078 | L9: 5940 | M9: =('Dados Gerais'!$D$36*'Tabelas da LC 155'!K9-'Tabelas da LC 155'!L9)/'Dados Gerais'!$D$36 -> #DIV/0! | O9: 2 | P9: 360000 | Q9: 0.112 | R9: 9360 | S9: =('Dados Gerais'!$D$36*'Tabelas da LC 155'!Q9-'Tabelas da LC 155'!R9)/'Dados Gerais'!$D$36 -> #DIV/0! | U9: 2 | V9: 360000 | W9: 0.09 | X9: 8100 | Y9: =('Dados Gerais'!$D$36*'Tabelas da LC 155'!W9-'Tabelas da LC 155'!X9)/'Dados Gerais'!$D$36 -> #DIV/0! | AA9: 2 | AB9: 360000 | AC9: 0.18 | AD9: 4500 | AE9: =('Dados Gerais'!$D$36*'Tabelas da LC 155'!AC9-'Tabelas da LC 155'!AD9)/'Dados Gerais'!$D$36 -> #DIV/0!
C10: 3 | D10: 720000 | E10: 0.095 | F10: 13860 | G10: =('Dados Gerais'!$D$36*'Tabelas da LC 155'!E10-'Tabelas da LC 155'!F10)/'Dados Gerais'!$D$36 -> #DIV/0! | I10: 3 | J10: 720000 | K10: 0.1 | L10: 13860 | M10: =('Dados Gerais'!$D$36*'Tabelas da LC 155'!K10-'Tabelas da LC 155'!L10)/'Dados Gerais'!$D$36 -> #DIV/0! | O10: 3 | P10: 720000 | Q10: 0.135 | R10: 17640 | S10: =('Dados Gerais'!$D$36*'Tabelas da LC 155'!Q10-'Tabelas da LC 155'!R10)/'Dados Gerais'!$D$36 -> #DIV/0! | U10: 3 | V10: 720000 | W10: 0.102 | X10: 12420 | Y10: =('Dados Gerais'!$D$36*'Tabelas da LC 155'!W10-'Tabelas da LC 155'!X10)/'Dados Gerais'!$D$36 -> #DIV/0! | AA10: 3 | AB10: 720000 | AC10: 0.195 | AD10: 9900 | AE10: =('Dados Gerais'!$D$36*'Tabelas da LC 155'!AC10-'Tabelas da LC 155'!AD10)/'Dados Gerais'!$D$36 -> #DIV/0!
C11: 4 | D11: 1800000 | E11: 0.107 | F11: 22500 | G11: =('Dados Gerais'!$D$36*'Tabelas da LC 155'!E11-'Tabelas da LC 155'!F11)/'Dados Gerais'!$D$36 -> #DIV/0! | I11: 4 | J11: 1800000 | K11: 0.112 | L11: 22500 | M11: =('Dados Gerais'!$D$36*'Tabelas da LC 155'!K11-'Tabelas da LC 155'!L11)/'Dados Gerais'!$D$36 -> #DIV/0! | O11: 4 | P11: 1800000 | Q11: 0.16 | R11: 35640 | S11: =('Dados Gerais'!$D$36*'Tabelas da LC 155'!Q11-'Tabelas da LC 155'!R11)/'Dados Gerais'!$D$36 -> #DIV/0! | U11: 4 | V11: 1800000 | W11: 0.14 | X11: 39780 | Y11: =('Dados Gerais'!$D$36*'Tabelas da LC 155'!W11-'Tabelas da LC 155'!X11)/'Dados Gerais'!$D$36 -> #DIV/0! | AA11: 4 | AB11: 1800000 | AC11: 0.205 | AD11: 17100 | AE11: =('Dados Gerais'!$D$36*'Tabelas da LC 155'!AC11-'Tabelas da LC 155'!AD11)/'Dados Gerais'!$D$36 -> #DIV/0!
C12: 5 | D12: 3600000 | E12: 0.143 | F12: 87300 | G12: =('Dados Gerais'!$D$36*'Tabelas da LC 155'!E12-'Tabelas da LC 155'!F12)/'Dados Gerais'!$D$36 -> #DIV/0! | I12: 5 | J12: 3600000 | K12: 0.147 | L12: 85500 | M12: =('Dados Gerais'!$D$36*'Tabelas da LC 155'!K12-'Tabelas da LC 155'!L12)/'Dados Gerais'!$D$36 -> #DIV/0! | O12: 5 | P12: 3600000 | Q12: 0.21 | R12: 125640 | S12: =('Dados Gerais'!$D$36*'Tabelas da LC 155'!Q12-'Tabelas da LC 155'!R12)/'Dados Gerais'!$D$36 -> #DIV/0! | U12: 5 | V12: 3600000 | W12: 0.22 | X12: 183780 | Y12: =('Dados Gerais'!$D$36*'Tabelas da LC 155'!W12-'Tabelas da LC 155'!X12)/'Dados Gerais'!$D$36 -> #DIV/0! | AA12: 5 | AB12: 3600000 | AC12: 0.23 | AD12: 62100 | AE12: =('Dados Gerais'!$D$36*'Tabelas da LC 155'!AC12-'Tabelas da LC 155'!AD12)/'Dados Gerais'!$D$36 -> #DIV/0!
C13: 6 | D13: 4800000 | E13: 0.19 | F13: 378000 | G13: =('Dados Gerais'!$D$36*'Tabelas da LC 155'!E13-'Tabelas da LC 155'!F13)/'Dados Gerais'!$D$36 -> #DIV/0! | I13: 6 | J13: 4800000 | K13: 0.3 | L13: 720000 | M13: =('Dados Gerais'!$D$36*'Tabelas da LC 155'!K13-'Tabelas da LC 155'!L13)/'Dados Gerais'!$D$36 -> #DIV/0! | O13: 6 | P13: 4800000 | Q13: 0.33 | R13: 648000 | S13: =('Dados Gerais'!$D$36*'Tabelas da LC 155'!Q13-'Tabelas da LC 155'!R13)/'Dados Gerais'!$D$36 -> #DIV/0! | U13: 6 | V13: 4800000 | W13: 0.33 | X13: 828000 | Y13: =('Dados Gerais'!$D$36*'Tabelas da LC 155'!W13-'Tabelas da LC 155'!X13)/'Dados Gerais'!$D$36 -> #DIV/0! | AA13: 6 | AB13: 4800000 | AC13: 0.305 | AD13: 540000 | AE13: =('Dados Gerais'!$D$36*'Tabelas da LC 155'!AC13-'Tabelas da LC 155'!AD13)/'Dados Gerais'!$D$36 -> #DIV/0!
O16: Anexo III Aplicável a: | U16: Anexo IV aplicável a | AA16: Anexo V aplicável as seguintes atividades, quando a razão entre folha de salários e receita bruta for inferior à 28%. Aplicar anexo III nos demais casos
O17: - creche, pré-escola e estabelecimento de ensino fundamental, escolas técnicas, profissionais e de ensino médio, de línguas estrangeiras, de artes, cursos técnicos de pilotagem, preparatórios para concursos, gerenciais e escolas livres; | U17: - construção de imóveis e obras de engenharia em geral, inclusive sob a forma de subempreitada, execução de projetos e serviços de paisagismo, bem como decoração de interiores; | AA17: - medicina, inclusive laboratorial e enfermagem; aplicar anexo III se a razão entre a folha de salários e a receita bruta for superior a 28%
O18: - agência terceirizada de correios; | U18: - serviço de vigilância, limpeza ou conservação. | AA18: - medicina veterinária;
O19: - agência de viagem e turismo; | U19: - serviços advocatícios. | AA19: - odontologia; aplicar anexo III se a razão entre a folha de salários e a receita bruta for superior a 28%
O20: - centro de formação de condutores de veículos automotores de transporte terrestre de passageiros e de carga; | AA20: - psicologia, psicanálise, terapia ocupacional, acupuntura, podologia, fonoaudiologia, clínicas de nutrição e de vacinação e bancos de leite; aplicar anexo III se a razão entre a folha de salários e a receita bruta for superior a 28%
O21: - agência lotérica; | AA21: - serviços de comissaria, de despachantes, de tradução e de interpretação;
O22: - serviços de instalação, de reparos e de manutenção em geral, bem como de usinagem, solda, tratamento e revestimento em metais; | AA22: - engenharia, medição, cartografia, topografia, geologia, geodésia, testes, suporte e análises técnicas e tecnológicas, pesquisa, design, desenho e agronomia;
O23: - transporte municipal de passageiros; | AA23: - representação comercial e demais atividades de intermediação de negócios e serviços de terceiros;
O24: - escritórios de serviços contábeis, | AA24: - perícia, leilão e avaliação;
O25: - produções cinematográficas, audiovisuais, artísticas e culturais, sua exibição ou apresentação, inclusive no caso de música, literatura, artes cênicas, artes visuais, cinematográficas e audiovisuais. | AA25: - auditoria, economia, consultoria, gestão, organização, controle e administração;
O26: - fisioterapia; aplicar tabela V quando a relação entre a folha de salários e a receita bruta da microempresa ou da empresa de pequeno porte for inferior a 28% | AA26: - jornalismo e publicidade;
O27: - corretagem de seguros. | AA27: - agenciamento, exceto de mão de obra;
O28: - arquitetura e urbanismo; aplicar tabela V quando a relação entre a folha de salários e a receita bruta da microempresa ou da empresa de pequeno porte for inferior a 28% | AA28: - outras atividades do setor de serviços que tenham por finalidade a prestação de serviços decorrentes do exercício de atividade intelectual, de natureza técnica, científica, desportiva, artística ou cultural, que constitua profissão regulamentada ou não, desde que não sujeitas à tributação na forma dos Anexos III ou IV
O29: - medicina, inclusive laboratorial, e enfermagem; aplicar anexo V se a razão entre a folha de salários e a receita bruta for inferior a 28% | AA29: - Fisioterapia - Aplicar tabela III quando a relação entre a folha de salários e a receita bruta da microempresa ou da empresa de pequeno porte for superior a 28%
O30: - odontologia (aplicar anexo V se a razão entre a folha de salários e a receita bruta for inferior a 28%) e prótese dentária; | AA30: - arquitetura e urbanismo; aplicar tabela III quando a relação entre a folha de salários e a receita bruta da microempresa ou da empresa de pequeno porte for superior a 28%
O31: - psicologia, psicanálise, terapia ocupacional, acupuntura, podologia, fonoaudiologia, clínicas de nutrição e de vacinação e bancos de leite; aplicar anexo V se a razão entre a folha de salários e a receita bruta for inferior a 28% | AA31: - administração e locação de imóveis de terceiros; aplicar anexo III se a razão entre a folha de salários e a receita bruta for superior a 28%
... O40: - serviços de tomografia, diagnósticos médicos por imagem, registros gráficos e métodos óticos, bem como ressonância magnética; aplicar anexo V se a razão entre a folha de salários e a receita bruta for inferior a 28% | AA40: - serviços de prótese em geral. aplicar anexo V se a razão entre a folha de salários e a receita bruta for inferior a 28%
O41: - serviços de prótese em geral. aplicar anexo V se a razão entre a folha de salários e a receita bruta for inferior a 28%
O42: - atividades de prestação de serviços de comunicação e de transportes interestadual e intermunicipal de cargas, e de transportes autorizados
O43: - demais atividades permitidas à opção do SIMPLES e não mencionadas expressamente nas demais tabelas
