Workbook

Sheet Dados
A2: PREENCHER OS DADOS. DEPOIS SELECIONAR PLANILHA "ISENÇÃO" OU " DESCONTO" PARA IMPRESSÃO
A4: NOME DA EMPRESA: | B4: Empresa Teste - Comércio e Serviços Ltda
A5: C.N.P.J. : | B5: 11.222.333/0001-44
A6: ENDEREÇO (Rua, nº) | B6: Avenidal Qualquer , 125
A7: BAIRRO / CIDADE / UF: | B7: Gonzaga - Santos - SP
A8: CEP EMPRESA: | B8: 11.111-111
A9: NOME DO EMPREGADO: | B9: Fulano de Tal
A10: PIS: | B10: 123456789-00
A11: DATA DA CARTA: | B11: =TODAY() -> 43062

Sheet ISENÇÃO
B2: =Dados!B4 -> Empresa Teste - Comércio e Serviços Ltda
E3: C.N.P.J. | F3: =Dados!B5 -> 11.222.333/0001-44
C6: SOLICITAÇÃO DE ISENÇÃO DE CONTRIBUIÇÃO AO SINDICATO
B8: A
B10: =Dados!B4 -> Empresa Teste - Comércio e Serviços Ltda
B12: Nesta
B13: Prezados Senhores
A15: Eu, | B15: =Dados!B9 -> Fulano de Tal | J15: , inscrito no PIS sob nº
B16: =Dados!B10 -> 123456789-00 | D16: , venho por meio desta, por minha livre e espontânea vontade, solicitar o NÃO DESCONTO
A17: DA CONTRIBUIÇÃO SINDICAL, conforme prevê a LEI 13.467/2017 - reforma trabalhista, e a CONTRIBUIÇÃO ASSISTENCIAL
A18: conforme Súmula STF 666. Declaro ainda que não sou filiado ao Sindicato da Categoria, e que estou ciente que, em caso
A19: de filiação, o desconto das contribuições passa a ser obrigatório, me comprometendo comunicar á empresa eventual
A20: associação á sindicato.
A22: Por ser a expressão da verdade , e para que a mesma surta seus efeitos legais, dato e assino o presente;
C30: Santos - SP, | E30: =Dados!B11 -> 43062
D35: =Dados!B9 -> Fulano de Tal
D36: =Dados!A10 -> PIS: | E36: =Dados!B10 -> 123456789-00
C40: CIENTE:
C42: =Dados!B5 -> 11.222.333/0001-44
C43: =Dados!B4 -> Empresa Teste - Comércio e Serviços Ltda
C45: =Dados!B6 -> Avenidal Qualquer , 125
C46: =Dados!B7 -> Gonzaga - Santos - SP
D47: CEP: | E47: =Dados!B8 -> 11.111-111

Sheet DESCONTO
B2: =Dados!B4 -> Empresa Teste - Comércio e Serviços Ltda
E3: C.N.P.J. | F3: =Dados!B5 -> 11.222.333/0001-44
B6: SOLICITAÇÃO DE DESCONTO EM FOLHA DE CONTRIBUIÇÃO AO SINDICATO
B8: A
B10: =Dados!B4 -> Empresa Teste - Comércio e Serviços Ltda
B12: Nesta
B13: Prezados Senhores
A15: Eu, | B15: =Dados!B9 -> Fulano de Tal | J15: , inscrito no PIS sob nº
B16: =Dados!B10 -> 123456789-00 | D16: , venho por meio desta, por minha livre e espontânea vontade, solicitar o DESCONTO
A17: DA CONTRIBUIÇÃO SINDICAL, conforme prevê a LEI 13.467/2017 - reforma trabalhista, e a CONTRIBUIÇÃO ASSISTENCIAL
A18: conforme especificado em Acordo Coletivo de Trabalho do sindicato da Categoria.
A19: Declaro ainda estar ciente que, caso não deseje mais efetuar as contribuições, não devo ser filiado a Sindicato ou
A20: estar sindicalizado, e que farei a comunicação por escrito.
A22: Por ser a expressão da verdade , e para que a mesma surta seus efeitos legais, dato e assino o presente;
C30: Santos - SP, | E30: =Dados!B11 -> 43062
D35: =Dados!B9 -> Fulano de Tal
D36: =Dados!A10 -> PIS: | E36: =Dados!B10 -> 123456789-00
C40: CIENTE:
C42: =Dados!B5 -> 11.222.333/0001-44
C43: =Dados!B4 -> Empresa Teste - Comércio e Serviços Ltda
C45: =Dados!B6 -> Avenidal Qualquer , 125
C46: =Dados!B7 -> Gonzaga - Santos - SP
D47: CEP: | E47: =Dados!B8 -> 11.111-111

Sheet Plan3
