Workbook

Sheet Simulação
C1: Entrar dados apenas nas células em amarelo
F2: Consumo - kWh
D3: Potência - kW | E3: Fator de carga | F3: calculado | G3: dado | H3: Fc - calculado
C4: Hp = | E4: =H4 -> #DIV/0! | F4: =D4*E4*66 -> #DIV/0! | H4: =G4/D4/66 -> #DIV/0!
C5: Única ou Hfp = | E5: =H5 -> #DIV/0! | F5: =D5*E5*664 -> #DIV/0! | H5: =G5/D5/664 -> #DIV/0!
C6: Final | E6: =(E4*66+E5*664)/730 -> #DIV/0! | F6: =F4+F5 -> #DIV/0! | G6: =G4+G5 -> 0 | H6: =(H4*66+H5*664)/730 -> #DIV/0!
C8: Custo da energia em R$/kWh
C9: A4 sem ICMS | F9: A4 com ICMS de | H9: 0.18
C10: Azul | D10: Verde | E10: convenc. | F10: Azul | G10: Verde | H10: convenc.
B11: Hp | C11: =comparação!$B$17/1000+comparação!$B$16/(66*$E4) -> #DIV/0! | D11: =comparação!C$17/1000 -> 0.88255 | F11: =C11/(1-$H$9) -> #DIV/0! | G11: =D11/(1-$H$9) -> 1.0762805 | H11: =E11/(1-$H$9) -> 0
B12: Única ou Hfp = | C12: =comparação!J$17/1000+comparação!J$16/(664*$E5) -> #DIV/0! | D12: =comparação!K$17/1000+comparação!K$16/(664*$E5) -> #DIV/0! | E12: =E14/F6 -> #DIV/0! | F12: =C12/(1-$H$9) -> #DIV/0! | G12: =D12/(1-$H$9) -> #DIV/0! | H12: =E12/(1-$H$9) -> #DIV/0!
B13: Final | C13: =C14/$F$6 -> #DIV/0! | D13: =D14/$F$6 -> #DIV/0! | E13: =E14/$F$6 -> #DIV/0! | F13: =F14/$F$6 -> #DIV/0! | G13: =G14/$F$6 -> #DIV/0! | H13: =H14/$F$6 -> #DIV/0!
B14: Fatura - R$ | C14: =$D$4*comparação!B16+D5*comparação!J16+$G4*comparação!$B17/1000+G5*comparação!$J17/1000 -> 0 | D14: =D5*comparação!K16+G4*comparação!C17/1000+G5*comparação!K17/1000 -> 0 | E14: =$D$5*comparação!L16+G6*comparação!L17/1000 -> 0 | F14: =C14/(1-$H$9) -> 0 | G14: =D14/(1-$H$9) -> 0 | H14: =E14/(1-$H$9) -> 0

Sheet comparação
A1: - Custo do kWh na ponta em reais para qualquer potência | I1: - Custo do kWh fora da ponta em reais para qualquer potência
B3: A4 sem ICMS | E3: A4 com ICMS de | G3: 0.18 | J3: A4 sem ICMS | M3: A4 com ICMS de | O3: =G3 -> 0.18
A4: FC | B4: Azul | C4: Verde | D4: convenc. | E4: Azul | F4: Verde | G4: convenc. | I4: FC | J4: Azul | K4: Verde | L4: convenc. | M4: Azul | N4: Verde | O4: convenc.
A5: 0.1 | B5: =B$17/1000+(B$16/(66*$A5)) -> 5.6924736 | C5: =C$17/1000 -> 0.88255 | D5: =D$17/1000+D$16/(730*$A5) -> 0.46539945 | E5: =E$17/1000+(E$16/(66*$A5)) -> 6.942041 | F5: =F$17/1000 -> 1.0762805 | G5: =D5/(1-$G$3) -> 0.56756031 | I5: 0.1 | J5: =J$17/1000+(J$16/(664*$I5)) -> 0.28263446 | K5: =K$17/1000+K$16/(664*$I5) -> 0.28263446 | L5: =L$17/1000+L$16/(730*$I5) -> 0.46539945 | M5: =M$17/1000+(M$16/(664*$I5)) -> 0.34467617 | N5: =N$17/1000+N$16/(664*$I5) -> 0.34467617 | O5: =O$17/1000+O$16/(730*$I5) -> 0.56756031
A6: 0.3 | B6: =B$17/1000+(B$16/(66*$A6)) -> 2.0348979 | C6: =C$17/1000 -> 0.88255 | D6: =D$17/1000+D$16/(730*$A6) -> 0.26174648 | E6: =E$17/1000+(E$16/(66*$A6)) -> 2.4815828 | F6: =F$17/1000 -> 1.0762805 | G6: =D6/(1-$G$3) -> 0.31920303 | I6: 0.3 | J6: =J$17/1000+(J$16/(664*$I6)) -> 0.16355815 | K6: =K$17/1000+K$16/(664*$I6) -> 0.16355815 | L6: =L$17/1000+L$16/(730*$I6) -> 0.26174648 | M6: =M$17/1000+(M$16/(664*$I6)) -> 0.19946116 | N6: =N$17/1000+N$16/(664*$I6) -> 0.19946116 | O6: =O$17/1000+O$16/(730*$I6) -> 0.31920303
A7: 0.5 | B7: =B$17/1000+(B$16/(66*$A7)) -> 1.3033827 | C7: =C$17/1000 -> 0.88255 | D7: =D$17/1000+D$16/(730*$A7) -> 0.22101589 | E7: =E$17/1000+(E$16/(66*$A7)) -> 1.5894911 | F7: =F$17/1000 -> 1.0762805 | G7: =D7/(1-$G$3) -> 0.26953157 | I7: 0.5 | J7: =J$17/1000+(J$16/(664*$I7)) -> 0.13974289 | K7: =K$17/1000+K$16/(664*$I7) -> 0.13974289 | L7: =L$17/1000+L$16/(730*$I7) -> 0.22101589 | M7: =M$17/1000+(M$16/(664*$I7)) -> 0.17041816 | N7: =N$17/1000+N$16/(664*$I7) -> 0.17041816 | O7: =O$17/1000+O$16/(730*$I7) -> 0.26953157
A8: 0.6 | B8: =B$17/1000+(B$16/(66*$A8)) -> 1.1205039 | C8: =C$17/1000 -> 0.88255 | D8: =D$17/1000+D$16/(730*$A8) -> 0.21083324 | E8: =E$17/1000+(E$16/(66*$A8)) -> 1.3664682 | F8: =F$17/1000 -> 1.0762805 | G8: =D8/(1-$G$3) -> 0.25711371 | I8: 0.6 | J8: =J$17/1000+(J$16/(664*$I8)) -> 0.13378908 | K8: =K$17/1000+K$16/(664*$I8) -> 0.13378908 | L8: =L$17/1000+L$16/(730*$I8) -> 0.21083324 | M8: =M$17/1000+(M$16/(664*$I8)) -> 0.16315741 | N8: =N$17/1000+N$16/(664*$I8) -> 0.16315741 | O8: =O$17/1000+O$16/(730*$I8) -> 0.25711371
A9: 0.7 | B9: =B$17/1000+(B$16/(66*$A9)) -> 0.98987623 | C9: =C$17/1000 -> 0.88255 | D9: =D$17/1000+D$16/(730*$A9) -> 0.20355992 | E9: =E$17/1000+(E$16/(66*$A9)) -> 1.2071661 | F9: =F$17/1000 -> 1.0762805 | G9: =D9/(1-$G$3) -> 0.24824381 | I9: 0.7 | J9: =J$17/1000+(J$16/(664*$I9)) -> 0.12953635 | K9: =K$17/1000+K$16/(664*$I9) -> 0.12953635 | L9: =L$17/1000+L$16/(730*$I9) -> 0.20355992 | M9: =M$17/1000+(M$16/(664*$I9)) -> 0.15797116 | N9: =N$17/1000+N$16/(664*$I9) -> 0.15797116 | O9: =O$17/1000+O$16/(730*$I9) -> 0.24824381
A10: 0.8 | B10: =B$17/1000+(B$16/(66*$A10)) -> 0.89190545 | C10: =C$17/1000 -> 0.88255 | D10: =D$17/1000+D$16/(730*$A10) -> 0.19810493 | E10: =E$17/1000+(E$16/(66*$A10)) -> 1.0876896 | F10: =F$17/1000 -> 1.0762805 | G10: =D10/(1-$G$3) -> 0.24159138 | I10: 0.8 | J10: =J$17/1000+(J$16/(664*$I10)) -> 0.12634681 | K10: =K$17/1000+K$16/(664*$I10) -> 0.12634681 | L10: =L$17/1000+L$16/(730*$I10) -> 0.19810493 | M10: =M$17/1000+(M$16/(664*$I10)) -> 0.15408147 | N10: =N$17/1000+N$16/(664*$I10) -> 0.15408147 | O10: =O$17/1000+O$16/(730*$I10) -> 0.24159138
A11: 0.9 | B11: =B$17/1000+(B$16/(66*$A11)) -> 0.81570596 | C11: =C$17/1000 -> 0.88255 | D11: =D$17/1000+D$16/(730*$A11) -> 0.19386216 | E11: =E$17/1000+(E$16/(66*$A11)) -> 0.99476337 | F11: =F$17/1000 -> 1.0762805 | G11: =D11/(1-$G$3) -> 0.23641727 | I11: 0.9 | J11: =J$17/1000+(J$16/(664*$I11)) -> 0.12386605 | K11: =K$17/1000+K$16/(664*$I11) -> 0.12386605 | L11: =L$17/1000+L$16/(730*$I11) -> 0.19386216 | M11: =M$17/1000+(M$16/(664*$I11)) -> 0.15105616 | N11: =N$17/1000+N$16/(664*$I11) -> 0.15105616 | O11: =O$17/1000+O$16/(730*$I11) -> 0.23641727
A12: 1 | B12: =B$17/1000+(B$16/(66*$A12)) -> 0.75474636 | C12: =C$17/1000 -> 0.88255 | D12: =D$17/1000+D$16/(730*$A12) -> 0.19046795 | E12: =E$17/1000+(E$16/(66*$A12)) -> 0.92042239 | F12: =F$17/1000 -> 1.0762805 | G12: =D12/(1-$G$3) -> 0.23227798 | I12: 1 | J12: =J$17/1000+(J$16/(664*$I12)) -> 0.12188145 | K12: =K$17/1000+K$16/(664*$I12) -> 0.12188145 | L12: =L$17/1000+L$16/(730*$I12) -> 0.19046795 | M12: =M$17/1000+(M$16/(664*$I12)) -> 0.14863591 | N12: =N$17/1000+N$16/(664*$I12) -> 0.14863591 | O12: =O$17/1000+O$16/(730*$I12) -> 0.23227798
B13: Tarifas - Período Seco | J13: Tarifas - Período Seco
B14: Sem ICMS | E14: Com ICMS de | G14: =G3 -> 0.18 | J14: Sem ICMS | M14: Com ICMS de | O14: =G3 -> 0.18
B15: Azul | C15: Verde | D15: convenc. | E15: Azul | F15: Verde | G15: convenc. | J15: Azul | K15: Verde | L15: convenc. | M15: Azul | N15: Verde | O15: convenc.
A16: demanda | B16: 36.21 | D16: 22.3 | E16: =B16/(1-$G$3) -> 44.158537 | F16: =C16/(1-$G$3) -> 0 | G16: =D16/(1-$G$3) -> 27.195122 | I16: demanda | J16: 11.86 | K16: 11.86 | L16: =D16 -> 22.3 | M16: =J16/(1-$O$14) -> 14.463415 | N16: =K16/(1-$O$14) -> 14.463415 | O16: =L16/(1-$O$14) -> 27.195122
A17: consumo | B17: 206.11 | C17: 882.55 | D17: 159.92 | E17: =B17/(1-$G$3) -> 251.35366 | F17: =C17/(1-$G$3) -> 1076.2805 | G17: =D17/(1-$G$3) -> 195.02439 | I17: consumo | J17: 104.02 | K17: 104.02 | L17: =D17 -> 159.92 | M17: =J17/(1-$O$14) -> 126.85366 | N17: =K17/(1-$O$14) -> 126.85366 | O17: =L17/(1-$O$14) -> 195.02439
A19: Custo do kWh médio em reais para qualquer potência - A4 e mesmo Fc | I19: Tarifa do | J19: B3 = | K19: 311.33 | L19: R$ / MWh
B21: A4 sem ICMS | E21: A4 com ICMS de | G21: =G3 -> 0.18
A22: FC | B22: Azul | C22: Verde | D22: convenc. | E22: Azul | F22: Verde | G22: convenc.
A23: 0.1 | B23: =(J5*666+64*B5)/730 -> 0.75692173 | C23: =(K5*666+64*C5)/730 -> 0.33522979 | D23: =(L5*666+64*D5)/730 -> 0.46539945 | E23: =(M5*666+64*E5)/730 -> 0.92307528 | F23: =(N5*666+64*F5)/730 -> 0.40881682 | G23: =(O5*666+64*G5)/730 -> 0.56756031 | I23: entrar Tarifas nas células em amarelo
A24: 0.3 | B24: =(J6*666+64*B6)/730 -> 0.32762081 | C24: =(K6*666+64*C6)/730 -> 0.22659305 | D24: =(L6*666+64*D6)/730 -> 0.26174648 | E24: =(M6*666+64*E6)/730 -> 0.39953758 | F24: =(N6*666+64*F6)/730 -> 0.27633299 | G24: =(O6*666+64*G6)/730 -> 0.31920303
A25: 0.5 | B25: =(J7*666+64*B7)/730 -> 0.24176063 | C25: =(K7*666+64*C7)/730 -> 0.20486571 | D25: =(L7*666+64*D7)/730 -> 0.22101589 | E25: =(M7*666+64*E7)/730 -> 0.29483004 | F25: =(N7*666+64*F7)/730 -> 0.24983623 | G25: =(O7*666+64*G7)/730 -> 0.26953157
A26: 0.6 | B26: =(J8*666+64*B8)/730 -> 0.22029558 | C26: =(K8*666+64*C8)/730 -> 0.19943387 | D26: =(L8*666+64*D8)/730 -> 0.21083324 | E26: =(M8*666+64*E8)/730 -> 0.26865315 | F26: =(N8*666+64*F8)/730 -> 0.24321204 | G26: =(O8*666+64*G8)/730 -> 0.25711371
A27: 0.7 | B27: =(J9*666+64*B9)/730 -> 0.20496341 | C27: =(K9*666+64*C9)/730 -> 0.19555399 | D27: =(L9*666+64*D9)/730 -> 0.20355992 | E27: =(M9*666+64*E9)/730 -> 0.24995538 | F27: =(N9*666+64*F9)/730 -> 0.23848047 | G27: =(O9*666+64*G9)/730 -> 0.24824381 | I27: SENHA para desproteger = " " (espaço em branco)
A28: 0.8 | B28: =(J10*666+64*B10)/730 -> 0.19346428 | C28: =(K10*666+64*C10)/730 -> 0.19264407 | D28: =(L10*666+64*D10)/730 -> 0.19810493 | E28: =(M10*666+64*E10)/730 -> 0.23593205 | F28: =(N10*666+64*F10)/730 -> 0.2349318 | G28: =(O10*666+64*G10)/730 -> 0.24159138
A29: 0.9 | B29: =(J11*666+64*B11)/730 -> 0.18452051 | C29: =(K11*666+64*C11)/730 -> 0.19038081 | D29: =(L11*666+64*D11)/730 -> 0.19386216 | E29: =(M11*666+64*E11)/730 -> 0.22502501 | F29: =(N11*666+64*F11)/730 -> 0.23217172 | G29: =(O11*666+64*G11)/730 -> 0.23641727
A30: 1 | B30: =(J12*666+64*B12)/730 -> 0.17736549 | C30: =(K12*666+64*C12)/730 -> 0.1885702 | D30: =(L12*666+64*D12)/730 -> 0.19046795 | E30: =(M12*666+64*E12)/730 -> 0.21629938 | F30: =(N12*666+64*F12)/730 -> 0.22996365 | G30: =(O12*666+64*G12)/730 -> 0.23227798
D32: PM = Preço Médio | F32: Fc = Fator de Carga
D33: TC = Tarifa de Consumo | F33: NH = Nº de Horas
D34: TD = Tarifa de Demanda

Sheet cargasATMT
A1: Planilha AT e MT
A2: Levantamento de Cargas e Regime de Funcionamento
A3: Empresa | O3: Centro de Custo | AD3: Data :
A4: Componentes / Especificações | C4: Potência Instalada | X4: Ponta | AD4: Horas /mês | AF4: Consumo (kWh/mês)
A5: Nome | B5: Quant. | D5: HFP - kW | E5: HP - kW | F5: 1 | G5: 2 | H5: 3 | I5: 4 | J5: 5 | K5: 6 | L5: 7 | M5: 8 | N5: 9 | O5: 10 | P5: 11 | Q5: 12 | R5: 13 | S5: 14 | T5: 15 | U5: 16 | V5: 17 | W5: 18 | X5: 19 | Y5: 20 | Z5: 21 | AA5: 22 | AB5: 23 | AC5: 24 | AD5: HFP | AE5: HP | AF5: HFP | AG5: HP
A58: Total | E58: =SUM(E6:E50) -> 0 | F58: =SUM(F6:F50) -> 0 | G58: =SUM(G6:G50) -> 0 | H58: =SUM(H6:H50) -> 0 | I58: =SUM(I6:I50) -> 0 | J58: =SUM(J6:J50) -> 0 | K58: =SUM(K6:K50) -> 0 | L58: =SUM(L6:L50) -> 0 | ... AC58: =SUM(AC6:AC50) -> 0 | AF58: =SUM(AF6:AF50) -> 0 | AG58: =SUM(AG6:AG50) -> 0
E59: =SUM(E51:E56) -> 0 | F59: =SUM(F51:F56) -> 0 | G59: =SUM(G51:G56) -> 0 | H59: =SUM(H51:H56) -> 0 | I59: =SUM(I51:I56) -> 0 | J59: =SUM(J51:J56) -> 0 | K59: =SUM(K51:K56) -> 0 | L59: =SUM(L51:L56) -> 0 | ... AC59: =SUM(AC51:AC56) -> 0 | AF59: =SUM(AF51:AF56) -> 0 | AG59: =SUM(AG51:AG56) -> 0

Sheet rateio ATMT
A1: RATEIO AT e MT
A2: APROPRIAÇÃO DE DEMANDA E CONSUMO POR CENTRO DE CUSTO
A3: Empresa | F3: Data
A4: Centro de Custo | B4: Potência Instalada - kW | D4: Consumo - (kWh/mês) | F4: Consumo Real (kWh/mês) | J4: Demanda Utilizada ( kW )
B5: HFP | C5: HP | D5: HFP | E5: HP | F5: HFP | G5: % | H5: HP | I5: % | J5: HFP | K5: % | L5: HP | M5: %
F6: =$C$26*D6 -> #DIV/0! | G6: =F6/F$23 -> #DIV/0! | H6: =E6*$C$27 -> #DIV/0! | I6: =H6/H$23 -> #DIV/0! | J6: =$D$26*C6 -> #DIV/0! | K6: =J6/J$23 -> #DIV/0! | L6: =C6*$D$27 -> #DIV/0! | M6: =L6/L$23 -> #DIV/0!
F7: =$C$26*D7 -> #DIV/0! | G7: =F7/F$23 -> #DIV/0! | H7: =E7*$C$27 -> #DIV/0! | I7: =H7/H$23 -> #DIV/0! | J7: =$D$26*C7 -> #DIV/0! | K7: =J7/J$23 -> #DIV/0! | L7: =C7*$D$27 -> #DIV/0! | M7: =L7/L$23 -> #DIV/0!
F8: =$C$26*D8 -> #DIV/0! | G8: =F8/F$23 -> #DIV/0! | H8: =E8*$C$27 -> #DIV/0! | I8: =H8/H$23 -> #DIV/0! | J8: =$D$26*C8 -> #DIV/0! | K8: =J8/J$23 -> #DIV/0! | L8: =C8*$D$27 -> #DIV/0! | M8: =L8/L$23 -> #DIV/0!
F9: =$C$26*D9 -> #DIV/0! | G9: =F9/F$23 -> #DIV/0! | H9: =E9*$C$27 -> #DIV/0! | I9: =H9/H$23 -> #DIV/0! | J9: =$D$26*C9 -> #DIV/0! | K9: =J9/J$23 -> #DIV/0! | L9: =C9*$D$27 -> #DIV/0! | M9: =L9/L$23 -> #DIV/0!
F10: =$C$26*D10 -> #DIV/0! | G10: =F10/F$23 -> #DIV/0! | H10: =E10*$C$27 -> #DIV/0! | I10: =H10/H$23 -> #DIV/0! | J10: =$D$26*C10 -> #DIV/0! | K10: =J10/J$23 -> #DIV/0! | L10: =C10*$D$27 -> #DIV/0! | M10: =L10/L$23 -> #DIV/0!
F11: =$C$26*D11 -> #DIV/0! | G11: =F11/F$23 -> #DIV/0! | H11: =E11*$C$27 -> #DIV/0! | I11: =H11/H$23 -> #DIV/0! | J11: =$D$26*C11 -> #DIV/0! | K11: =J11/J$23 -> #DIV/0! | L11: =C11*$D$27 -> #DIV/0! | M11: =L11/L$23 -> #DIV/0!
F12: =$C$26*D12 -> #DIV/0! | G12: =F12/F$23 -> #DIV/0! | H12: =E12*$C$27 -> #DIV/0! | I12: =H12/H$23 -> #DIV/0! | J12: =$D$26*C12 -> #DIV/0! | K12: =J12/J$23 -> #DIV/0! | L12: =C12*$D$27 -> #DIV/0! | M12: =L12/L$23 -> #DIV/0!
F13: =$C$26*D13 -> #DIV/0! | G13: =F13/F$23 -> #DIV/0! | H13: =E13*$C$27 -> #DIV/0! | I13: =H13/H$23 -> #DIV/0! | J13: =$D$26*C13 -> #DIV/0! | K13: =J13/J$23 -> #DIV/0! | L13: =C13*$D$27 -> #DIV/0! | M13: =L13/L$23 -> #DIV/0!
F14: =$C$26*D14 -> #DIV/0! | G14: =F14/F$23 -> #DIV/0! | H14: =E14*$C$27 -> #DIV/0! | I14: =H14/H$23 -> #DIV/0! | J14: =$D$26*C14 -> #DIV/0! | K14: =J14/J$23 -> #DIV/0! | L14: =C14*$D$27 -> #DIV/0! | M14: =L14/L$23 -> #DIV/0!
F15: =$C$26*D15 -> #DIV/0! | G15: =F15/F$23 -> #DIV/0! | H15: =E15*$C$27 -> #DIV/0! | I15: =H15/H$23 -> #DIV/0! | J15: =$D$26*C15 -> #DIV/0! | K15: =J15/J$23 -> #DIV/0! | L15: =C15*$D$27 -> #DIV/0! | M15: =L15/L$23 -> #DIV/0!
F16: =$C$26*D16 -> #DIV/0! | G16: =F16/F$23 -> #DIV/0! | H16: =E16*$C$27 -> #DIV/0! | I16: =H16/H$23 -> #DIV/0! | J16: =$D$26*C16 -> #DIV/0! | K16: =J16/J$23 -> #DIV/0! | L16: =C16*$D$27 -> #DIV/0! | M16: =L16/L$23 -> #DIV/0!
F17: =$C$26*D17 -> #DIV/0! | G17: =F17/F$23 -> #DIV/0! | H17: =E17*$C$27 -> #DIV/0! | I17: =H17/H$23 -> #DIV/0! | J17: =$D$26*C17 -> #DIV/0! | K17: =J17/J$23 -> #DIV/0! | L17: =C17*$D$27 -> #DIV/0! | M17: =L17/L$23 -> #DIV/0!
... F21: =$C$26*D21 -> #DIV/0! | G21: =F21/F$23 -> #DIV/0! | H21: =E21*$C$27 -> #DIV/0! | I21: =H21/H$23 -> #DIV/0! | J21: =$D$26*C21 -> #DIV/0! | K21: =J21/J$23 -> #DIV/0! | L21: =C21*$D$27 -> #DIV/0! | M21: =L21/L$23 -> #DIV/0!
A23: Total
C25: consumo | D25: demanda
A26: Fator de condição de carga FP | C26: =F23/D23 -> #DIV/0! | D26: =J23/B23 -> #DIV/0! | E26: ( Este fator retrata o índice de utilização médio dos equipamentos da indústria referente ao consumo e à demanda )
A27: Fator de condição de carga HP | C27: =H23/E23 -> #DIV/0! | D27: =L23/C23 -> #DIV/0!

Sheet controle
B1: PLANILHA DE ACOMPANHAMENTO E COMPARATIVO DE CONSUMO E DE CUSTO DE ENERGIA ELÉTRICA
B3: Dados de Identificação da Empresa
B4: Planta / unidade : | F4: Identificador:
B5: Grupo: | D5: Modalidade Tarifária : | F5: Nº Contrato:
F6: vigente | G6: anterior 1 | H6: anterior 2
B7: Demanda contratada fora de ponta ou única - kW
B8: Demanda contratada de ponta - kW
B10: Atividade Produtiva:
B11: Produto Acabado
B14: Controle do consumo e custo específicos
B15: Mês/ano de | C15: Ciclo de | D15: Consumo | E15: Total Fatura | F15: Produção | G15: Preço Médio | H15: Cons. Específico | I15: Custo Específico
B16: Referência | C16: Faturamento | D16: (kWh) | E16: (R$) | F16: (*) | G16: (R$/kWh) | H16: (kWh/*) | I16: (R$/*)
B17: 37622 | C17: 08/01 -04/02 | D17: 1000 | E17: 200 | F17: 200 | G17: =E17/D17 -> 0.2 | H17: =D17/F17 -> 5 | I17: =H17*G17 -> 1
B18: 37653 | D18: 700 | E18: 145 | F18: 150 | G18: =E18/D18 -> 0.20714286 | H18: =D18/F18 -> 4.6666667 | I18: =H18*G18 -> 0.96666667
B19: 37681 | D19: 900 | E19: 170 | F19: 180 | G19: =E19/D19 -> 0.18888889 | H19: =D19/F19 -> 5 | I19: =H19*G19 -> 0.94444444
B20: 37712 | D20: 800 | E20: 160 | F20: 170 | G20: =E20/D20 -> 0.2 | H20: =D20/F20 -> 4.7058824 | I20: =H20*G20 -> 0.94117647
B21: 37742 | D21: 1000 | E21: 200 | F21: 200 | G21: =E21/D21 -> 0.2 | H21: =D21/F21 -> 5 | I21: =H21*G21 -> 1
B22: 37773 | D22: 1000 | E22: 200 | F22: 200 | G22: =E22/D22 -> 0.2 | H22: =D22/F22 -> 5 | I22: =H22*G22 -> 1
B23: 37803 | D23: 900 | E23: 170 | F23: 180 | G23: =E23/D23 -> 0.18888889 | H23: =D23/F23 -> 5 | I23: =H23*G23 -> 0.94444444
B24: 37834 | D24: 800 | E24: 160 | F24: 170 | G24: =E24/D24 -> 0.2 | H24: =D24/F24 -> 4.7058824 | I24: =H24*G24 -> 0.94117647
B25: 37865 | D25: 1000 | E25: 200 | F25: 200 | G25: =E25/D25 -> 0.2 | H25: =D25/F25 -> 5 | I25: =H25*G25 -> 1
B26: 37895 | D26: 600 | E26: 145 | F26: 150 | G26: =E26/D26 -> 0.24166667 | H26: =D26/F26 -> 4 | I26: =H26*G26 -> 0.96666667
B27: 37926 | D27: 1100 | E27: 210 | F27: 220 | G27: =E27/D27 -> 0.19090909 | H27: =D27/F27 -> 5 | I27: =H27*G27 -> 0.95454545
B28: 37956 | D28: 900 | E28: 170 | F28: 190 | G28: =E28/D28 -> 0.18888889 | H28: =D28/F28 -> 4.7368421 | I28: =H28*G28 -> 0.89473684
B29: Controle do consumo e custo específicos | J29: ECONOMIAS
B30: Mês de | C30: Ciclo de | D30: Consumo | E30: Total Fatura | F30: Produção | G30: Preço Médio | H30: Cons. Específico | I30: Custo Específico | J30: ECONOMIA | K30: ECONOMIA | L30: ACUMULADO
A31: Mês | B31: Referência | C31: Faturamento | D31: (kWh) | E31: (R$) | F31: (*) | G31: (R$/kWh) | H31: (kWh/*) | I31: (R$/*) | J31: no mês (kWh) | K31: no mês (R$) | L31: Atualizado (R$)
A32: JAN | B32: 37987 | D32: 1000 | E32: 190 | F32: 205 | G32: =E32/D32 -> 0.19 | H32: =D32/F32 -> 4.8780488 | I32: =H32*G32 -> 0.92682927 | J32: =(H17-H32)*F32 -> 25 | K32: =J32*G$17 -> 5 | L32: =SUM($K$32:K32) -> 5
A33: FEV | B33: 38018 | D33: 700 | E33: 140 | F33: 157 | G33: =E33/D33 -> 0.2 | H33: =D33/F33 -> 4.4585987 | I33: =H33*G33 -> 0.89171975 | J33: =(H18-H33)*F33 -> 32.666667 | K33: =J33*$G18 -> 6.7666667 | L33: =SUM($K$32:K33) -> 11.766667
A34: MAR | B34: 38047 | D34: 900 | E34: 175 | F34: 175 | G34: =E34/D34 -> 0.19444444 | H34: =D34/F34 -> 5.1428571 | I34: =H34*G34 -> 1 | J34: =(H19-H34)*F34 -> -25 | K34: =J34*$G19 -> -4.7222222 | L34: =SUM($K$32:K34) -> 7.0444444
A35: ABR | B35: 38078 | D35: 800 | E35: 158 | F35: 174 | G35: =E35/D35 -> 0.1975 | H35: =D35/F35 -> 4.5977011 | I35: =H35*G35 -> 0.90804598 | J35: =(H20-H35)*F35 -> 18.823529 | K35: =J35*$G20 -> 3.7647059 | L35: =SUM($K$32:K35) -> 10.80915
A36: MAI | B36: 38108 | D36: 1000 | E36: 190 | F36: 203 | G36: =E36/D36 -> 0.19 | H36: =D36/F36 -> 4.9261084 | I36: =H36*G36 -> 0.93596059 | J36: =(H21-H36)*F36 -> 15 | K36: =J36*$G21 -> 3 | L36: =SUM($K$32:K36) -> 13.80915
A37: JUN | B37: 38139 | D37: 1000 | E37: 190 | F37: 207 | G37: =E37/D37 -> 0.19 | H37: =D37/F37 -> 4.8309179 | I37: =H37*G37 -> 0.9178744 | J37: =(H22-H37)*F37 -> 35 | K37: =J37*$G22 -> 7 | L37: =SUM($K$32:K37) -> 20.80915
A38: JUL | B38: 38169 | D38: 900 | E38: 175 | F38: 175 | G38: =E38/D38 -> 0.19444444 | H38: =D38/F38 -> 5.1428571 | I38: =H38*G38 -> 1 | J38: =(H23-H38)*F38 -> -25 | K38: =J38*$G23 -> -4.7222222 | L38: =SUM($K$32:K38) -> 16.086928
A39: AGO | B39: 38200 | D39: 800 | E39: 158 | F39: 180 | G39: =E39/D39 -> 0.1975 | H39: =D39/F39 -> 4.4444444 | I39: =H39*G39 -> 0.87777778 | J39: =(H24-H39)*F39 -> 47.058824 | K39: =J39*$G24 -> 9.4117647 | L39: =SUM($K$32:K39) -> 25.498693
A40: SET | B40: 38231 | D40: 1000 | E40: 190 | F40: 203 | G40: =E40/D40 -> 0.19 | H40: =D40/F40 -> 4.9261084 | I40: =H40*G40 -> 0.93596059 | J40: =(H25-H40)*F40 -> 15 | K40: =J40*$G25 -> 3 | L40: =SUM($K$32:K40) -> 28.498693
A41: OUT | B41: 38261 | D41: 600 | E41: 125 | F41: 152 | G41: =E41/D41 -> 0.20833333 | H41: =D41/F41 -> 3.9473684 | I41: =H41*G41 -> 0.82236842 | J41: =(H26-H41)*F41 -> 8 | K41: =J41*$G26 -> 1.9333333 | L41: =SUM($K$32:K41) -> 30.432026
A42: NOV | B42: 38292 | D42: 1100 | E42: 200 | F42: 223 | G42: =E42/D42 -> 0.18181818 | H42: =D42/F42 -> 4.9327354 | I42: =H42*G42 -> 0.89686099 | J42: =(H27-H42)*F42 -> 15 | K42: =J42*$G27 -> 2.8636364 | L42: =SUM($K$32:K42) -> 33.295663
A43: DEZ | B43: 38322 | D43: 900 | E43: 175 | F43: 185 | G43: =E43/D43 -> 0.19444444 | H43: =D43/F43 -> 4.8648649 | I43: =H43*G43 -> 0.94594595 | J43: =(H28-H43)*F43 -> -23.684211 | K43: =J43*$G28 -> -4.4736842 | L43: =SUM($K$32:K43) -> 28.821978
B44: * colocar a unidade de produção (t, peças, dias ou horas trabalhadas, etc)
