Workbook

Sheet SN 2021-03
A1: Tributo | B1: Competência | C1: Vencimento | D1: Valor | E1: Multa | F1: Juros | G1: Total
A2: SIMPLES NACIONAL | B2: 44256 | C2: 44397 | D2: 480.96 | E2: =F9 -> 96.192 | F2: =D77 -> 8.993952 | G2: =SUM(D2:F2) -> 586.14595
A3: -------------------------------------------------------------------------------------------------------------------------
A5: Multas de Mora
A6: Atualização | B6: Dias Atraso | C6: Multa Diária | D6: Multa Total | E6: Valor | F6: Soma
A7: 44408 | B7: =A7-$C$2 -> 11 | C7: 0.0033333333 | D7: =B7*C7 -> 0.036666667 | E7: =$D$2*D7 -> 17.6352 | F7: =E7 -> 17.6352
A8: 44439 | B8: =(A8-$C$2)-B7 -> 31 | C8: =C7 -> 0.0033333333 | D8: =B8*C8 -> 0.10333333 | E8: =$D$2*D8 -> 49.6992 | F8: =F7+E8 -> 67.3344
A9: 44457 | B9: =60-B7-B8 -> 18 | C9: =C8 -> 0.0033333333 | D9: =B9*C9 -> 0.06 | E9: =$D$2*D9 -> 28.8576 | F9: =F8+E9 -> 96.192
A11: Juros de Mora
A12: Atualização | B12: SELIC | C12: Valor | D12: Soma
A13: 44409 | B13: 0.01 | C13: =$D$2*B13 -> 4.8096 | D13: =C13 -> 4.8096
A14: 44440 | B14: =SELIC!B51 -> 0.0043 | C14: =$D$2*B14 -> 2.068128 | D14: =D13+C14 -> 6.877728
A15: 44470 | B15: =SELIC!B52 -> 0.0044 | C15: =$D$2*B15 -> 2.116224 | D15: =D14+C15 -> 8.993952
A16: 44501 | B16: =SELIC!B53 -> 0 | C16: =$D$2*B16 -> 0 | D16: =D15+C16 -> 8.993952
A17: 44531 | B17: =SELIC!B54 -> 0 | C17: =$D$2*B17 -> 0 | D17: =D16+C17 -> 8.993952
A18: 44562 | B18: =SELIC!B55 -> 0 | C18: =$D$2*B18 -> 0 | D18: =D17+C18 -> 8.993952
A19: 44593 | B19: =SELIC!B56 -> 0 | C19: =$D$2*B19 -> 0 | D19: =D18+C19 -> 8.993952
A20: 44621 | B20: =SELIC!B57 -> 0 | C20: =$D$2*B20 -> 0 | D20: =D19+C20 -> 8.993952
A21: 44652 | B21: =SELIC!B58 -> 0 | C21: =$D$2*B21 -> 0 | D21: =D20+C21 -> 8.993952
A22: 44682 | B22: =SELIC!B59 -> 0 | C22: =$D$2*B22 -> 0 | D22: =D21+C22 -> 8.993952
A23: 44713 | B23: =SELIC!B60 -> 0 | C23: =$D$2*B23 -> 0 | D23: =D22+C23 -> 8.993952
A24: 44743 | B24: =SELIC!B61 -> 0 | C24: =$D$2*B24 -> 0 | D24: =D23+C24 -> 8.993952
A25: 44774 | B25: =SELIC!B62 -> 0 | C25: =$D$2*B25 -> 0 | D25: =D24+C25 -> 8.993952
A26: 44805 | B26: =SELIC!B63 -> 0 | C26: =$D$2*B26 -> 0 | D26: =D25+C26 -> 8.993952
A27: 44835 | B27: =SELIC!B63 -> 0 | C27: =$D$2*B27 -> 0 | D27: =D26+C27 -> 8.993952
A28: 44866 | B28: =SELIC!B64 -> 0 | C28: =$D$2*B28 -> 0 | D28: =D27+C28 -> 8.993952
A29: 44896 | B29: =SELIC!B65 -> 0 | C29: =$D$2*B29 -> 0 | D29: =D28+C29 -> 8.993952
A30: 44927 | B30: =SELIC!B66 -> 0 | C30: =$D$2*B30 -> 0 | D30: =D29+C30 -> 8.993952
A31: 44958 | B31: =SELIC!B67 -> 0 | C31: =$D$2*B31 -> 0 | D31: =D30+C31 -> 8.993952
A32: 44986 | B32: =SELIC!B68 -> 0 | C32: =$D$2*B32 -> 0 | D32: =D31+C32 -> 8.993952
A33: 45017 | B33: =SELIC!B69 -> 0 | C33: =$D$2*B33 -> 0 | D33: =D32+C33 -> 8.993952
A34: 45047 | B34: =SELIC!B70 -> 0 | C34: =$D$2*B34 -> 0 | D34: =D33+C34 -> 8.993952
A35: 45078 | B35: =SELIC!B71 -> 0 | C35: =$D$2*B35 -> 0 | D35: =D34+C35 -> 8.993952
A36: 45108 | B36: =SELIC!B72 -> 0 | C36: =$D$2*B36 -> 0 | D36: =D35+C36 -> 8.993952
A37: 45139 | B37: =SELIC!B73 -> 0 | C37: =$D$2*B37 -> 0 | D37: =D36+C37 -> 8.993952
A38: 45170 | B38: =SELIC!B74 -> 0 | C38: =$D$2*B38 -> 0 | D38: =D37+C38 -> 8.993952
... A77: 46357 | B77: =SELIC!B113 -> 0 | C77: =$D$2*B77 -> 0 | D77: =D76+C77 -> 8.993952

Sheet SELIC
A1: Mês | B1: Taxa
A2: 42917 | B2: 0.01
A3: 42948 | B3: 0.008
A4: 42979 | B4: 0.0064
A5: 43009 | B5: 0.0064
A6: 43040 | B6: 0.0057
A7: 43070 | B7: 0.0054
A8: 43101 | B8: 0.0058
A9: 43132 | B9: 0.0047
A10: 43160 | B10: 0.0053
A11: 43191 | B11: 0.0052
A12: 43221 | B12: 0.0052
A13: 43252 | B13: 0.0052
... A52: 44440 | B52: 0.0044
A53: 44470
A54: 44501
A55: 44531
A56: 44562
A57: 44593
A58: 44621
A59: 44652
A60: 44682
A61: 44713
A62: 44743
A63: 44774
A64: 44805
... A115: 46357
