Workbook

Sheet Janeiro
A1: Condomínio do Edifício X
A4: Balanço Mensal | B4: Mês: Janeiro/2018
A6: Receitas
A7: Taxas de Condomínio | B7: 0
A8: Multas | B8: 0
A9: Taxas de Condomínio atrasadas | B9: 0
A10: Fundo de reserva | B10: 0
A11: Outros recebimentos | B11: 0
A12: Total de receitas | B12: =SUM(B7:B11) -> 0
A14: Despesas
A15: Cemig | B15: 0
A16: Copasa | B16: 0
A17: Conservadora | B17: 0
A18: Tapetes para hall de entrada | B18: 0
A19: Material de limpeza | B19: 0
A20: xxx | B20: 0
A21: Total de despesas | B21: =SUM(B15:B20) -> 0
A23: Saldo do mês | B23: =B12-B21 -> 0
A24: Saldo anterior | B24: 0
A25: Saldo atual | B25: =B23+B24 -> 0
A29: Belo Horizonte, 01 de fevereiro de 2018
A32: XXXXXXXXXXX
A33: Síndica

Sheet Fevereiro
A1: Condomínio do Edifício X
A4: Balanço Mensal | B4: Mês: Fevereiro/2018
A6: Receitas
A7: Taxas de Condomínio | B7: 0
A8: Multas | B8: 0
A9: Taxas de Condomínio atrasadas | B9: 0
A10: Fundo de reserva | B10: 0
A11: Outros recebimentos | B11: 0
A12: Total de receitas | B12: =SUM(B7:B11) -> 0
A14: Despesas
A15: Cemig | B15: 0
A16: Copasa | B16: 0
A17: Conservadora | B17: 0
A18: Conserto fechadura do portão | B18: 0
A19: xxx | B19: 0
A20: xxx | B20: 0
A21: Total de despesas | B21: =SUM(B15:B20) -> 0
A23: Saldo do mês | B23: =B12-B21 -> 0
A24: Saldo anterior | B24: =Janeiro!B25 -> 0
A25: Saldo atual | B25: =B23+B24 -> 0
A29: Belo Horizonte, 01 de março de 2018
A32: XXXXXXXXXXX
A33: Síndica

Sheet  Março
A1: Condomínio do Edifício X
A4: Balanço Mensal | B4: Mês: Março/2018
A6: Receitas
A7: Taxas de Condomínio | B7: 0
A8: Multas | B8: 0
A9: Taxas de Condomínio atrasadas | B9: 0
A10: Fundo de reserva | B10: 0
A11: Outros recebimentos | B11: 0
A12: Total de receitas | B12: =SUM(B7:B11) -> 0
A14: Despesas
A15: Cemig | B15: 0
A16: Copasa | B16: 0
A17: Conservadora | B17: 0
A18: Material de limpeza | B18: 0
A19: xxx | B19: 0
A20: xxx | B20: 0
A21: Total de despesas | B21: =SUM(B15:B20) -> 0
A23: Saldo do mês | B23: =B12-B21 -> 0
A24: Saldo anterior | B24: =Fevereiro!B25 -> 0
A25: Saldo atual | B25: =B23+B24 -> 0
A29: Belo Horizonte, 01 de abril de 2018
A32: XXXXXXXXXXX
A33: Síndica

Sheet Abril
A1: Condomínio do Edifício X
A4: Balanço Mensal | B4: Mês: Abril/2018
A6: Receitas
A7: Taxas de Condomínio | B7: 0
A8: Multas | B8: 0
A9: Taxas de Condomínio atrasadas | B9: 0
A10: Fundo de reserva | B10: 0
A11: Outros recebimentos | B11: 0
A12: Total de receitas | B12: =SUM(B7:B11) -> 0
A14: Despesas
A15: Cemig | B15: 0
A16: Copasa | B16: 0
A17: Conservadora | B17: 0
A18: Seguro obrigatório | B18: 0
A19: Conserto portão da garagem (desempenar/roldanas) | B19: 0
A20: Conserto de interfone | B20: 0
A21: Total de despesas | B21: =SUM(B15:B20) -> 0
A23: Saldo do mês | B23: =B12-B21 -> 0
A24: Saldo anterior | B24: =' Março'!B25 -> 0
A25: Saldo atual | B25: =B23+B24 -> 0
A29: Belo Horizonte, 01 de maio de 2018
A32: XXXXXXXXXXX
A33: Síndica

Sheet Maio
A1: Condomínio do Edifício X
A4: Balanço Mensal | B4: Mês: Maio/2018
A6: Receitas
A7: Taxas de Condomínio | B7: 0
A8: Multas | B8: 0
A9: Taxas de Condomínio atrasadas | B9: 0
A10: Fundo de reserva | B10: 0
A11: Outros recebimentos | B11: 0
A12: Total de receitas | B12: =SUM(B7:B11) -> 0
A14: Despesas
A15: Cemig | B15: 0
A16: Copasa | B16: 0
A17: Conservadora | B17: 0
A18: Seguro obrigatório (2ª parcela) | B18: 0
A19: Conserto portão da garagem (engrenagem/sensor) | B19: 0
A20: xxxx | B20: 0
A21: Total de despesas | B21: =SUM(B15:B20) -> 0
A23: Saldo do mês | B23: =B12-B21 -> 0
A24: Saldo anterior | B24: =Abril!B25 -> 0
A25: Saldo atual | B25: =B23+B24 -> 0
A29: Belo Horizonte, 01 de junho de 2018
A32: XXXXXXXXXXX
A33: Síndica

Sheet Junho
A1: Condomínio do Edifício X
A4: Balanço Mensal | B4: Mês: Junho/2018
A6: Receitas
A7: Taxas de Condomínio | B7: 0
A8: Multas | B8: 0
A9: Taxas de Condomínio atrasadas | B9: 0
A10: Fundo de reserva | B10: 0
A11: Outros recebimentos | B11: 0
A12: Total de receitas | B12: =SUM(B7:B11) -> 0
A14: Despesas
A15: Cemig | B15: 0
A16: Copasa | B16: 0
A17: Conservadora + INSS | B17: 0
A18: Seguro obrigatório (3ª parcela) | B18: 0
A19: Manutenção do portão/elétrica | B19: 0
A20: Poda de árvores | B20: 0
A21: Total de despesas | B21: =SUM(B15:B20) -> 0
A23: Saldo do mês | B23: =B12-B21 -> 0
A24: Saldo anterior | B24: =Maio!B25 -> 0
A25: Saldo atual | B25: =B23+B24 -> 0
A29: Belo Horizonte, 01 de julho de 2018
A32: XXXXXXXXXXX
A33: Síndica

Sheet Julho
A1: Condomínio do Edifício X
A4: Balanço Mensal | B4: Mês: Julho/2018
A6: Receitas
A7: Taxas de Condomínio | B7: 0
A8: Multas | B8: 0
A9: Taxas de Condomínio atrasadas | B9: 0
A10: Fundo de reserva | B10: 0
A11: Outros recebimentos | B11: 0
A12: Total de receitas | B12: =SUM(B7:B11) -> 0
A14: Despesas
A15: Cemig | B15: 0
A16: Copasa | B16: 0
A17: Conservadora | B17: 0
A18: Seguro obrigatório (4ª parcela) | B18: 0
A19: Material/manutenção (Lâmpadas) | B19: 0
A20: Conserto portão (bobina/lingueta) | B20: 0
A21: Total de despesas | B21: =SUM(B15:B20) -> 0
A23: Saldo do mês | B23: =B12-B21 -> 0
A24: Saldo anterior | B24: =Junho!B25 -> 0
A25: Saldo atual | B25: =B23+B24 -> 0
A29: Belo Horizonte, 01 de agosto de 2018
A32: XXXXXXXXXXX
A33: Síndica

Sheet Agosto
A1: Condomínio do Edifício X
A4: Balanço Mensal | B4: Mês: Agosto/2018
A6: Receitas
A7: Taxas de Condomínio | B7: 0
A8: Multas | B8: 0
A9: Taxas de Condomínio atrasadas | B9: 0
A10: Fundo de reserva | B10: 0
A11: Outros recebimentos | B11: 0
A12: Total de receitas | B12: =SUM(B7:B11) -> 0
A14: Despesas
A15: Cemig | B15: 0
A16: Copasa | B16: 0
A17: Conservadora | B17: 0
A18: Material de limpeza | B18: 0
A19: Material p/ jardinagem | B19: 0
A20: xxx | B20: 0
A21: Total de despesas | B21: =SUM(B15:B20) -> 0
A23: Saldo do mês | B23: =B12-B21 -> 0
A24: Saldo anterior | B24: =Julho!B25 -> 0
A25: Saldo atual | B25: =B23+B24 -> 0
A29: Belo Horizonte, 01 de setembro de 2018
A32: XXXXXXXXXXX
A33: Síndica

Sheet Setembro
A1: Condomínio do Edifício X
A4: Balanço Mensal | B4: Mês: Setembro/2018
A6: Receitas
A7: Taxas de Condomínio | B7: 0
A8: Multas | B8: 0
A9: Taxas de Condomínio atrasadas | B9: 0
A10: Fundo de reserva | B10: 0
A11: Outros recebimentos | B11: 0
A12: Total de receitas | B12: =SUM(B7:B11) -> 0
A14: Despesas
A15: Cemig | B15: 0
A16: Copasa | B16: 0
A17: Conservadora | B17: 0
A18: Material de limpeza | B18: 0
A19: Material p/ jardinagem | B19: 0
A20: xxx | B20: 0
A21: Total de despesas | B21: =SUM(B15:B20) -> 0
A23: Saldo do mês | B23: =B12-B21 -> 0
A24: Saldo anterior | B24: =Agosto!B25 -> 0
A25: Saldo atual | B25: =B23+B24 -> 0
A29: Belo Horizonte, 01 de outubro de 2018
A32: XXXXXXXXXXX
A33: Síndica

Sheet Outubro
A1: Condomínio do Edifício X
A4: Balanço Mensal | B4: Mês: Outubro/2018
A6: Receitas
A7: Taxas de Condomínio | B7: 0
A8: Multas | B8: 0
A9: Taxas de Condomínio atrasadas | B9: 0
A10: Fundo de reserva | B10: 0
A11: Outros recebimentos | B11: 0
A12: Total de receitas | B12: =SUM(B7:B11) -> 0
A14: Despesas
A15: Cemig | B15: 0
A16: Copasa | B16: 0
A17: Conservadora | B17: 0
A18: Material de limpeza | B18: 0
A19: Manutenção elétrica | B19: 0
A20: Material p/ jardinagem | B20: 0
A21: Total de despesas | B21: =SUM(B15:B20) -> 0
A23: Saldo do mês | B23: =B12-B21 -> 0
A24: Saldo anterior | B24: =Setembro!B25 -> 0
A25: Saldo atual | B25: =B23+B24 -> 0
A29: Belo Horizonte, 01 de novembro de 2018
A32: XXXXXXXXXXX
A33: Síndica

Sheet Novembro
A1: Condomínio do Edifício X
A4: Balanço Mensal | B4: Mês: Novembro/2018
A6: Receitas
A7: Taxas de Condomínio | B7: 0
A8: Multas | B8: 0
A9: Taxas de Condomínio atrasadas | B9: 0
A10: Fundo de reserva | B10: 0
A11: Outros recebimentos | B11: 0
A12: Total de receitas | B12: =SUM(B7:B11) -> 0
A14: Despesas
A15: Cemig | B15: 0
A16: Copasa | B16: 0
A17: Conservadora | B17: 0
A18: Material de limpeza | B18: 0
A19: xxx | B19: 0
A20: xxx | B20: 0
A21: Total de despesas | B21: =SUM(B15:B20) -> 0
A23: Saldo do mês | B23: =B12-B21 -> 0
A24: Saldo anterior | B24: =Outubro!B25 -> 0
A25: Saldo atual | B25: =B23+B24 -> 0
A29: Belo Horizonte, 01 de dezembro de 2018
A32: XXXXXXXXXXX
A33: Síndica

Sheet Dezembro
A1: Condomínio do Edifício X
A4: Balanço Mensal | B4: Mês: Dezembro/2018
A6: Receitas
A7: Taxas de Condomínio | B7: 0
A8: Multas | B8: 0
A9: Taxas de Condomínio atrasadas | B9: 0
A10: Fundo de reserva | B10: 0
A11: Outros recebimentos | B11: 0
A12: Total de receitas | B12: =SUM(B7:B11) -> 0
A14: Despesas
A15: Cemig | B15: 0
A16: Copasa | B16: 0
A17: Conservadora | B17: 0
A18: Presente de Natal para faxineira | B18: 0
A19: xxx | B19: 0
A20: xxx | B20: 0
A21: Total de despesas | B21: =SUM(B15:B20) -> 0
A23: Saldo do mês | B23: =B12-B21 -> 0
A24: Saldo anterior | B24: =Novembro!B25 -> 0
A25: Saldo atual | B25: =B23+B24 -> 0
A29: Belo Horizonte, 01 de janeiro 2019
A32: XXXXXXXXXXX
A33: Síndica

Sheet Fluxo Contábil
A1: Fluxo Contábil do Condomínio do Edifício X
A2: 2018 | B2: JAN | C2: FEV | D2: MAR | E2: ABRIL | F2: MAI | G2: JUN | H2: JUL | I2: AGO | J2: SET | K2: OUT | L2: NOV | M2: DEZ
A3: DESPESAS
A4: Cemig | B4: 0 | C4: 0 | D4: 0 | E4: 0 | F4: 0 | G4: 0 | H4: 0 | I4: 0 | J4: 0 | K4: 0 | L4: 0 | M4: 0
A5: Copasa | B5: 0 | C5: 0 | D5: 0 | E5: 0 | F5: 0 | G5: 0 | H5: 0 | I5: 0 | J5: 0 | K5: 0 | L5: 0 | M5: 0
A6: Conservadora + INSS | B6: 0 | C6: 0 | D6: 0 | E6: 0 | F6: 0 | G6: 0 | H6: 0 | I6: 0 | J6: 0 | K6: 0 | L6: 0 | M6: 0
A7: Material de limpeza | B7: 0 | C7: 0 | D7: 0 | E7: 0 | F7: 0 | G7: 0 | H7: 0 | I7: 0 | J7: 0 | K7: 0 | L7: 0 | M7: 0
A8: Manutenção dos portões | B8: 0 | C8: 0 | D8: 0 | E8: 0 | F8: 0 | G8: 0 | H8: 0 | I8: 0 | J8: 0 | K8: 0 | L8: 0 | M8: 0
A9: Seguro obrigatório | B9: 0 | C9: 0 | D9: 0 | E9: 0 | F9: 0 | G9: 0 | H9: 0 | I9: 0 | J9: 0 | K9: 0 | L9: 0 | M9: 0
A10: Material manutenção | B10: 0 | C10: 0 | D10: 0 | E10: 0 | F10: 0 | G10: 0 | H10: 0 | I10: 0 | J10: 0 | K10: 0 | L10: 0 | M10: 0
A11: Eletricista | B11: 0 | C11: 0 | D11: 0 | E11: 0 | F11: 0 | G11: 0 | H11: 0 | I11: 0 | J11: 0 | K11: 0 | L11: 0 | M11: 0
A12: Pintor | B12: 0 | C12: 0 | D12: 0 | E12: 0 | F12: 0 | G12: 0 | H12: 0 | I12: 0 | J12: 0 | K12: 0 | L12: 0 | M12: 0
A13: Bombeiro | B13: 0 | C13: 0 | D13: 0 | E13: 0 | F13: 0 | G13: 0 | H13: 0 | I13: 0 | J13: 0 | K13: 0 | L13: 0 | M13: 0
A14: Poda de árvores | B14: 0 | C14: 0 | D14: 0 | E14: 0 | F14: 0 | G14: 0 | H14: 0 | I14: 0 | J14: 0 | K14: 0 | L14: 0 | M14: 0
A15: Limpeza do lote | B15: 0 | C15: 0 | D15: 0 | E15: 0 | F15: 0 | G15: 0 | H15: 0 | I15: 0 | J15: 0 | K15: 0 | L15: 0 | M15: 0
A16: Moto-boy | B16: 0 | C16: 0 | D16: 0 | E16: 0 | F16: 0 | G16: 0 | H16: 0 | I16: 0 | J16: 0 | K16: 0 | L16: 0 | M16: 0
A17: Material de escritório | B17: 0 | C17: 0 | D17: 0 | E17: 0 | F17: 0 | G17: 0 | H17: 0 | I17: 0 | J17: 0 | K17: 0 | L17: 0
A18: Extintores | B18: 0 | C18: 0 | D18: 0 | E18: 0 | F18: 0 | G18: 0 | H18: 0 | I18: 0 | J18: 0 | K18: 0 | L18: 0 | M18: 0
A19: Despesas diversas | B19: 0 | C19: 0 | D19: 0 | E19: 0 | F19: 0 | G19: 0 | H19: 0 | I19: 0 | J19: 0 | K19: 0 | L19: 0 | M19: 0
A20: TOTAL DAS DESPESAS | B20: =SUM(B4:B19) -> 0 | C20: =SUM(C4:C19) -> 0 | D20: =SUM(D4:D19) -> 0 | E20: =SUM(E4:E19) -> 0 | F20: =SUM(F4:F19) -> 0 | G20: =SUM(G4:G19) -> 0 | H20: =SUM(H4:H19) -> 0 | I20: =SUM(I4:I19) -> 0 | ... M20: =SUM(M4:M19) -> 0
A21: RECEITAS
A22: Cond Apto 101 | B22: 0 | C22: 0 | D22: 0 | E22: 0 | F22: 0 | G22: 0 | H22: 0 | I22: 0 | J22: 0 | K22: 0 | L22: 0 | M22: 0
A23: Cond Apto 102 | B23: 0 | C23: 0 | D23: 0 | E23: 0 | F23: 0 | G23: 0 | H23: 0 | I23: 0 | J23: 0 | K23: 0 | L23: 0 | M23: 0
A24: Cond Apto 201 | B24: 0 | C24: 0 | D24: 0 | E24: 0 | F24: 0 | G24: 0 | H24: 0 | I24: 0 | J24: 0 | K24: 0 | L24: 0 | M24: 0
A25: Cond Apto 202 | B25: 0 | C25: 0 | D25: 0 | E25: 0 | F25: 0 | G25: 0 | H25: 0 | I25: 0 | J25: 0 | K25: 0 | L25: 0 | M25: 0
A26: Cond Apto 301 | B26: 0 | C26: 0 | D26: 0 | E26: 0 | F26: 0 | G26: 0 | H26: 0 | I26: 0 | J26: 0 | K26: 0 | L26: 0 | M26: 0
A27: Cond Apto 302 | B27: 0 | C27: 0 | D27: 0 | E27: 0 | F27: 0 | G27: 0 | H27: 0 | I27: 0 | J27: 0 | K27: 0 | L27: 0 | M27: 0
A28: Cond atrasados | B28: 0 | C28: 0 | D28: 0 | E28: 0 | F28: 0 | G28: 0 | H28: 0 | I28: 0 | J28: 0 | K28: 0 | L28: 0 | M28: 0
A29: Multas | B29: 0 | C29: 0 | D29: 0 | E29: 0 | F29: 0 | G29: 0 | H29: 0 | I29: 0 | J29: 0 | K29: 0 | L29: 0 | M29: 0
A30: TOTAL RECEBIMENTOS | B30: =SUM(B22:B29) -> 0 | C30: =SUM(C22:C29) -> 0 | D30: =SUM(D22:D29) -> 0 | E30: =SUM(E22:E29) -> 0 | F30: =SUM(F22:F29) -> 0 | G30: =SUM(G22:G29) -> 0 | H30: =SUM(H22:H29) -> 0 | I30: =SUM(I22:I29) -> 0 | ... M30: =SUM(M22:M29) -> 0
A31: Saldo no mês | B31: =B30-B20 -> 0 | C31: =C30-C20 -> 0 | D31: =D30-D20 -> 0 | E31: =E30-E20 -> 0 | F31: =F30-F20 -> 0 | G31: =G30-G20 -> 0 | H31: =H30-H20 -> 0 | I31: =I30-I20 -> 0 | ... M31: =M30-M20 -> 0
A32: Saldo Anterior | B32: 0 | C32: =B33 -> 0 | D32: =C33 -> 0 | E32: =D33 -> 0 | F32: =E33 -> 0 | G32: =F33 -> 0 | H32: =G33 -> 0 | I32: =H33 -> 0 | J32: =I33 -> 0 | ... M32: =L33 -> 0
A33: SALDO ATUAL | B33: =B32+B30-B20 -> 0 | C33: =C32+C30-C20 -> 0 | D33: =D32+D30-D20 -> 0 | E33: =E32+E30-E20 -> 0 | F33: =F32+F30-F20 -> 0 | G33: =G32+G30-G20 -> 0 | H33: =H32+H30-H20 -> 0 | I33: =I32+I30-I20 -> 0 | ... M33: =M32+M30-M20 -> 0
