Workbook
Name ano: 'DIA UTEIS'!$H$3
Name CONSULTA: CONSULTAS!$B$4
Name Dias_úteis: 'DIA UTEIS'!$B$2:$M$6
Name Feriados: FERIADOS!$B$2:$M$10
Name Reduzido: 'DIAS FRACIONADOS'!$B$2:$M$12

Sheet MENU

Sheet RELATORIO
A1: ="Controle de Banco de Horas "&ano -> Controle de Banco de Horas 2019
A3: Chapa: | B3: =VLOOKUP(B4,'QUADRO DE FUNC'!B3:D20,2,FALSE) -> #N/A
A4: Servidor: | B4: Camila
B6: Jornada de trabalho / dia: | C6: =VLOOKUP(B4,carga_horaria[[NOME]:[CARGA HORARIA DIA]],2,FALSE) -> #N/A
B7: ="Saldo até 31/12/"&ano-1 -> Saldo até 31/12/2018 | C7: =VLOOKUP(B4,BANCO_HR[[NOME]:[SALDO ANTERIOR]],2,FALSE) -> #N/A
B9: Dias trabalhados | C9: Carga horária mensal | D9: Horas trabalhadas | E9: Saldo mensal | F9: Saldo total
A10: JANEIRO | B10: =HLOOKUP(A10,'DIA UTEIS'!$B$4:$M$6,3,FALSE) -> 21 | C10: =VLOOKUP($B$4,HR_A_FAZER[#All],2,FALSE) -> #N/A | D10: =VLOOKUP($B$4,HR_FEITAS[#All],2,FALSE) -> #N/A | E10: =IF(D10=0,"",ABS(D10-C10)) -> #N/A | F10: =IF(D10=0,"",IF(D10<C10,$C$7-E10,ABS($C$7+E10))) -> #N/A
A11: FEVEREIRO | B11: =HLOOKUP(A11,'DIA UTEIS'!$B$4:$M$6,3,FALSE) -> 20 | C11: 6.5625 | D11: =VLOOKUP($B$4,HR_FEITAS[#All],3,FALSE) -> #N/A | E11: =IF(D11=0,"",ABS(D11-C11)) -> #N/A | F11: =IF(D11=0,"",ABS($C$7+E11+F10)) -> #N/A
A12: MARÇO | B12: =HLOOKUP(A12,'DIA UTEIS'!$B$4:$M$6,3,FALSE) -> 18 | C12: =VLOOKUP($B$4,HR_A_FAZER[#All],4,FALSE) -> #N/A | D12: =VLOOKUP($B$4,HR_FEITAS[#All],4,FALSE) -> #N/A | E12: =IF(D12=0,"",ABS(D12-C12)) -> #N/A | F12: =IF(D12=0,"",ABS($C$7+E12+F11)) -> #N/A
A13: ABRIL | B13: =HLOOKUP(A13,'DIA UTEIS'!$B$4:$M$6,3,FALSE) -> 21 | C13: =VLOOKUP($B$4,HR_A_FAZER[#All],5,FALSE) -> #N/A | D13: =VLOOKUP($B$4,HR_FEITAS[#All],5,FALSE) -> #N/A | E13: =IF(D13=0,"",ABS(D13-C13)) -> #N/A | F13: =IF(D13=0,"",ABS($C$7+E13+F12)) -> #N/A
A14: MAIO | B14: =HLOOKUP(A14,'DIA UTEIS'!$B$4:$M$6,3,FALSE) -> 22 | C14: =VLOOKUP($B$4,HR_A_FAZER[#All],6,FALSE) -> #N/A | D14: =VLOOKUP($B$4,HR_FEITAS[#All],6,FALSE) -> #N/A | E14: =IF(D14=0,"",ABS(D14-C14)) -> #N/A | F14: =IF(D14=0,"",ABS($C$7+E14+F13)) -> #N/A
A15: JUNHO | B15: =HLOOKUP(A15,'DIA UTEIS'!$B$4:$M$6,3,FALSE) -> 19 | C15: =VLOOKUP($B$4,HR_A_FAZER[#All],7,FALSE) -> #N/A | D15: =VLOOKUP($B$4,HR_FEITAS[#All],7,FALSE) -> #N/A | E15: =IF(D15=0,"",ABS(D15-C15)) -> #N/A | F15: =IF(D15=0,"",ABS($C$7+E15+F14)) -> #N/A
A16: JULHO | B16: =HLOOKUP(A16,'DIA UTEIS'!$B$4:$M$6,3,FALSE) -> 22 | C16: =VLOOKUP($B$4,HR_A_FAZER[#All],8,FALSE) -> #N/A | D16: =VLOOKUP($B$4,HR_FEITAS[#All],8,FALSE) -> #N/A | E16: =IF(D16=0,"",ABS(D16-C16)) -> #N/A | F16: =IF(D16=0,"",ABS($C$7+E16+F15)) -> #N/A
A17: AGOSTO | B17: =HLOOKUP(A17,'DIA UTEIS'!$B$4:$M$6,3,FALSE) -> 22 | C17: =VLOOKUP($B$4,HR_A_FAZER[#All],9,FALSE) -> #N/A | D17: =VLOOKUP($B$4,HR_FEITAS[#All],9,FALSE) -> #N/A | E17: =IF(D17=0,"",ABS(D17-C17)) -> #N/A | F17: =IF(D17=0,"",ABS($C$7+E17+F16)) -> #N/A
A18: SETEMBRO | B18: =HLOOKUP(A18,'DIA UTEIS'!$B$4:$M$6,3,FALSE) -> 20 | C18: =VLOOKUP($B$4,HR_A_FAZER[#All],10,FALSE) -> #N/A | D18: =VLOOKUP($B$4,HR_FEITAS[#All],10,FALSE) -> #N/A | E18: =IF(D18=0,"",ABS(D18-C18)) -> #N/A | F18: =IF(D18=0,"",ABS($C$7+E18+F17)) -> #N/A
A19: OUTUBRO | B19: =HLOOKUP(A19,'DIA UTEIS'!$B$4:$M$6,3,FALSE) -> 23 | C19: =VLOOKUP($B$4,HR_A_FAZER[#All],11,FALSE) -> #N/A | D19: =VLOOKUP($B$4,HR_FEITAS[#All],11,FALSE) -> #N/A | E19: =IF(D19=0,"",ABS(D19-C19)) -> #N/A | F19: =IF(D19=0,"",ABS($C$7+E19+F18)) -> #N/A
A20: NOVEMBRO | B20: =HLOOKUP(A20,'DIA UTEIS'!$B$4:$M$6,3,FALSE) -> 20 | C20: =VLOOKUP($B$4,HR_A_FAZER[#All],12,FALSE) -> #N/A | D20: =VLOOKUP($B$4,HR_FEITAS[#All],12,FALSE) -> #N/A | E20: =IF(D20=0,"",ABS(D20-C20)) -> #N/A | F20: =IF(D20=0,"",ABS($C$7+E20+F19)) -> #N/A
A21: DEZEMBRO | B21: =HLOOKUP(A21,'DIA UTEIS'!$B$4:$M$6,3,FALSE) -> 21 | C21: =VLOOKUP($B$4,HR_A_FAZER[#All],13,FALSE) -> #N/A | D21: =VLOOKUP($B$4,HR_FEITAS[#All],13,FALSE) -> #N/A | E21: =IF(D21=0,"",ABS(D21-C21)) -> #N/A | F21: =IF(D21=0,"",ABS($C$7+E21+F20)) -> #N/A
D31: Franca, | E31: =TODAY() -> 43656
A36: =B4 -> Camila | D36: CHEFIA

Sheet CONSULTAS
B2: CONSULTA POR NOME
B3: FUNCIONARIO | C3: TOTAL DE HORAS | D3: COMPENSAÇÃO
B4: Camila | C4: =IF(B4="","",VLOOKUP(B4,Compensação[#All],2,FALSE)) -> #N/A | D4: =IF(B4="","",VLOOKUP(B4,Compensação[#All],3,FALSE)) -> #N/A

Sheet COMPENSAÇÃO
B2: COMPENSAÇÃO DE HORAS | I2: 1
B3: NOME | C3: BANCO DE HR. | D3: COMPENSAÇÃO
B4: =quadro_de_func[[#This Row],[NOME]] -> Amanda | C4: =SUM(BD!D4:O4) -> 0 | D4: =FLOOR(C4,1/$I$2*VLOOKUP(Compensação[[#This Row],[NOME]],carga_horaria[[NOME]:[CARGA HORARIA DIA]],2,FALSE))*3+(C4-FLOOR(C4,1/$I$2*VLOOKUP(Compensação[[#This Row],[NOME]],carga_horaria[[NOME]:[CARGA HORARIA DIA]],2,FALSE))) -> 0
B5: =quadro_de_func[[#This Row],[NOME]] -> Bruna | C5: =SUM(BD!D5:O5) -> 2.1729167 | D5: =FLOOR(C5,1/$I$2*VLOOKUP(Compensação[[#This Row],[NOME]],carga_horaria[[NOME]:[CARGA HORARIA DIA]],2,FALSE))*3+(C5-FLOOR(C5,1/$I$2*VLOOKUP(Compensação[[#This Row],[NOME]],carga_horaria[[NOME]:[CARGA HORARIA DIA]],2,FALSE))) -> 5.9229167
B6: =quadro_de_func[[#This Row],[NOME]] -> Daiani | C6: =SUM(BD!D6:O6) -> 6.8861111 | D6: =FLOOR(C6,1/$I$2*VLOOKUP(Compensação[[#This Row],[NOME]],carga_horaria[[NOME]:[CARGA HORARIA DIA]],2,FALSE))*3+(C6-FLOOR(C6,1/$I$2*VLOOKUP(Compensação[[#This Row],[NOME]],carga_horaria[[NOME]:[CARGA HORARIA DIA]],2,FALSE))) -> 20.011111
B7: =quadro_de_func[[#This Row],[NOME]] -> Érica | C7: =SUM(BD!D7:O7) -> 0 | D7: =FLOOR(C7,1/$I$2*VLOOKUP(Compensação[[#This Row],[NOME]],carga_horaria[[NOME]:[CARGA HORARIA DIA]],2,FALSE))*3+(C7-FLOOR(C7,1/$I$2*VLOOKUP(Compensação[[#This Row],[NOME]],carga_horaria[[NOME]:[CARGA HORARIA DIA]],2,FALSE))) -> 0
B8: =quadro_de_func[[#This Row],[NOME]] -> func 5 | C8: =SUM(BD!D8:O8) -> 0 | D8: =FLOOR(C8,1/$I$2*VLOOKUP(Compensação[[#This Row],[NOME]],carga_horaria[[NOME]:[CARGA HORARIA DIA]],2,FALSE))*3+(C8-FLOOR(C8,1/$I$2*VLOOKUP(Compensação[[#This Row],[NOME]],carga_horaria[[NOME]:[CARGA HORARIA DIA]],2,FALSE))) -> 0
B9: =quadro_de_func[[#This Row],[NOME]] -> func 6 | C9: =SUM(BD!D9:O9) -> 0 | D9: =FLOOR(C9,1/$I$2*VLOOKUP(Compensação[[#This Row],[NOME]],carga_horaria[[NOME]:[CARGA HORARIA DIA]],2,FALSE))*3+(C9-FLOOR(C9,1/$I$2*VLOOKUP(Compensação[[#This Row],[NOME]],carga_horaria[[NOME]:[CARGA HORARIA DIA]],2,FALSE))) -> 0
B10: =quadro_de_func[[#This Row],[NOME]] -> func 7 | C10: =SUM(BD!D10:O10) -> 0 | D10: =FLOOR(C10,1/$I$2*VLOOKUP(Compensação[[#This Row],[NOME]],carga_horaria[[NOME]:[CARGA HORARIA DIA]],2,FALSE))*3+(C10-FLOOR(C10,1/$I$2*VLOOKUP(Compensação[[#This Row],[NOME]],carga_horaria[[NOME]:[CARGA HORARIA DIA]],2,FALSE))) -> 0
B11: =quadro_de_func[[#This Row],[NOME]] -> func 8 | C11: =SUM(BD!D11:O11) -> 0 | D11: =FLOOR(C11,1/$I$2*VLOOKUP(Compensação[[#This Row],[NOME]],carga_horaria[[NOME]:[CARGA HORARIA DIA]],2,FALSE))*3+(C11-FLOOR(C11,1/$I$2*VLOOKUP(Compensação[[#This Row],[NOME]],carga_horaria[[NOME]:[CARGA HORARIA DIA]],2,FALSE))) -> 0
B12: =quadro_de_func[[#This Row],[NOME]] -> func 9 | C12: =SUM(BD!D12:O12) -> 0 | D12: =FLOOR(C12,1/$I$2*VLOOKUP(Compensação[[#This Row],[NOME]],carga_horaria[[NOME]:[CARGA HORARIA DIA]],2,FALSE))*3+(C12-FLOOR(C12,1/$I$2*VLOOKUP(Compensação[[#This Row],[NOME]],carga_horaria[[NOME]:[CARGA HORARIA DIA]],2,FALSE))) -> 0
B13: =quadro_de_func[[#This Row],[NOME]] -> func 10 | C13: =SUM(BD!D13:O13) -> 0 | D13: =FLOOR(C13,1/$I$2*VLOOKUP(Compensação[[#This Row],[NOME]],carga_horaria[[NOME]:[CARGA HORARIA DIA]],2,FALSE))*3+(C13-FLOOR(C13,1/$I$2*VLOOKUP(Compensação[[#This Row],[NOME]],carga_horaria[[NOME]:[CARGA HORARIA DIA]],2,FALSE))) -> 0
B14: =quadro_de_func[[#This Row],[NOME]] -> func 11 | C14: =SUM(BD!D14:O14) -> 0 | D14: =FLOOR(C14,1/$I$2*VLOOKUP(Compensação[[#This Row],[NOME]],carga_horaria[[NOME]:[CARGA HORARIA DIA]],2,FALSE))*3+(C14-FLOOR(C14,1/$I$2*VLOOKUP(Compensação[[#This Row],[NOME]],carga_horaria[[NOME]:[CARGA HORARIA DIA]],2,FALSE))) -> 0
B15: =quadro_de_func[[#This Row],[NOME]] -> func 12 | C15: =SUM(BD!D15:O15) -> 0 | D15: =FLOOR(C15,1/$I$2*VLOOKUP(Compensação[[#This Row],[NOME]],carga_horaria[[NOME]:[CARGA HORARIA DIA]],2,FALSE))*3+(C15-FLOOR(C15,1/$I$2*VLOOKUP(Compensação[[#This Row],[NOME]],carga_horaria[[NOME]:[CARGA HORARIA DIA]],2,FALSE))) -> 0
... B20: =quadro_de_func[[#This Row],[NOME]] -> func 17 | C20: =SUM(BD!D20:O20) -> 0 | D20: =FLOOR(C20,1/$I$2*VLOOKUP(Compensação[[#This Row],[NOME]],carga_horaria[[NOME]:[CARGA HORARIA DIA]],2,FALSE))*3+(C20-FLOOR(C20,1/$I$2*VLOOKUP(Compensação[[#This Row],[NOME]],carga_horaria[[NOME]:[CARGA HORARIA DIA]],2,FALSE))) -> 0

Sheet HR FEITAS
B2: HORAS FEITAS
B3: NOME | C3: JANEIRO | D3: FEVEREIRO | E3: MARÇO | F3: ABRIL | G3: MAIO | H3: JUNHO | I3: JULHO | J3: AGOSTO | K3: SETEMBRO | L3: OUTUBRO | M3: NOVEMBRO | N3: DEZEMBRO
B4: =quadro_de_func[[#This Row],[NOME]] -> Amanda
B5: =quadro_de_func[[#This Row],[NOME]] -> Bruna | D5: 6.8458333 | E5: 8.51875
B6: =quadro_de_func[[#This Row],[NOME]] -> Daiani | C6: 7.55 | D6: 7.1159722 | E6: 0.41666667
B7: =quadro_de_func[[#This Row],[NOME]] -> Érica
B8: =quadro_de_func[[#This Row],[NOME]] -> func 5
B9: =quadro_de_func[[#This Row],[NOME]] -> func 6
B10: =quadro_de_func[[#This Row],[NOME]] -> func 7
B11: =quadro_de_func[[#This Row],[NOME]] -> func 8
B12: =quadro_de_func[[#This Row],[NOME]] -> func 9
B13: =quadro_de_func[[#This Row],[NOME]] -> func 10
B14: =quadro_de_func[[#This Row],[NOME]] -> func 11
B15: =quadro_de_func[[#This Row],[NOME]] -> func 12
B16: =quadro_de_func[[#This Row],[NOME]] -> func 13
B17: =quadro_de_func[[#This Row],[NOME]] -> func 14
B18: =quadro_de_func[[#This Row],[NOME]] -> func 15
... B20: =quadro_de_func[[#This Row],[NOME]] -> func 17

Sheet HR À FAZER
B2: HORAS À FAZER
B3: NOME | C3: JANEIRO | D3: FEVEREIRO | E3: MARÇO | F3: ABRIL | G3: MAIO | H3: JUNHO | I3: JULHO | J3: AGOSTO | K3: SETEMBRO | L3: OUTUBRO | M3: NOVEMBRO | N3: DEZEMBRO
B4: =quadro_de_func[[#This Row],[NOME]] -> Amanda | C4: =IF(VLOOKUP($B4,quadro_de_func[#All],3,FALSE)="MENOR APRENDIZ",VLOOKUP($B4,carga_horaria[],2,FALSE)*(HLOOKUP(C$3,'DIA UTEIS'!$B$4:$M$6,3,FALSE)+COUNTA('DIAS FRACIONADOS'!$B$6:$B$12)),IF(VLOOKUP($B4,quadro_de_func[#All],3,FALSE)="ESTAGIÁRIO",((VLOOKUP($B4,carga_horaria[],2,FALSE)*HLOOKUP(C$3,'DIA UTEIS'!$B$4:$M$6,3,FALSE))-(HLOOKUP($B4,'EST. PROVAS'!$B$3:$Z$4,2,FALSE)*(VLOOKUP($B4,carga_horaria[],2,FALSE)/2)))+HLOOKUP(HR_A_FAZER[[#Headers],[JANEIRO]],'DIAS FRACIONADOS'!$B$3:$Y$4,2,FALSE),(VLOOKUP($B4,carga_horaria[],2,FALSE)*(HLOOKUP(C$3,'DIA UTEIS'!$B$4:$M$6,3,FALSE)))+HLOOKUP(HR_A_FAZER[[#Headers],[JANEIRO]],'DIAS FRACIONADOS'!$B$3:$Y$4,2,FALSE))) -> 7.8645833 | D4: =IF(VLOOKUP($B4,quadro_de_func[#All],3,FALSE)="MENOR APRENDIZ",VLOOKUP($B4,carga_horaria[],2,FALSE)*(HLOOKUP(D$3,'DIA UTEIS'!$B$4:$M$6,3,FALSE)+COUNTA('DIAS FRACIONADOS'!$B$6:$B$12)),IF(VLOOKUP($B4,quadro_de_func[#All],3,FALSE)="ESTAGIÁRIO",((VLOOKUP($B4,carga_horaria[],2,FALSE)*HLOOKUP(D$3,'DIA UTEIS'!$B$4:$M$6,3,FALSE))-(HLOOKUP($B4,'EST. PROVAS'!$B$3:$Z$4,2,FALSE)*(VLOOKUP($B4,carga_horaria[],2,FALSE)/2)))+HLOOKUP(HR_A_FAZER[[#Headers],[FEVEREIRO]],'DIAS FRACIONADOS'!$B$3:$Y$4,2,FALSE),(VLOOKUP($B4,carga_horaria[],2,FALSE)*(HLOOKUP(D$3,'DIA UTEIS'!$B$4:$M$6,3,FALSE)))+HLOOKUP(HR_A_FAZER[[#Headers],[FEVEREIRO]],'DIAS FRACIONADOS'!$B$3:$Y$4,2,FALSE))) -> 7.2916667 | E4: =IF(VLOOKUP($B4,quadro_de_func[#All],3,FALSE)="MENOR APRENDIZ",VLOOKUP($B4,carga_horaria[],2,FALSE)*(HLOOKUP(E$3,'DIA UTEIS'!$B$4:$M$6,3,FALSE)+COUNTA('DIAS FRACIONADOS'!$B$6:$B$12)),IF(VLOOKUP($B4,quadro_de_func[#All],3,FALSE)="ESTAGIÁRIO",((VLOOKUP($B4,carga_horaria[],2,FALSE)*HLOOKUP(E$3,'DIA UTEIS'!$B$4:$M$6,3,FALSE))-(HLOOKUP($B4,'EST. PROVAS'!$B$3:$Z$4,2,FALSE)*(VLOOKUP($B4,carga_horaria[],2,FALSE)/2)))+HLOOKUP(HR_A_FAZER[[#Headers],[MARÇO]],'DIAS FRACIONADOS'!$B$3:$Y$4,2,FALSE),(VLOOKUP($B4,carga_horaria[],2,FALSE)*(HLOOKUP(E$3,'DIA UTEIS'!$B$4:$M$6,3,FALSE)))+HLOOKUP(HR_A_FAZER[[#Headers],[MARÇO]],'DIAS FRACIONADOS'!$B$3:$Y$4,2,FALSE))) -> 6.8125 | F4: =IF(VLOOKUP($B4,quadro_de_func[#All],3,FALSE)="MENOR APRENDIZ",VLOOKUP($B4,carga_horaria[],2,FALSE)*(HLOOKUP(F$3,'DIA UTEIS'!$B$4:$M$6,3,FALSE)+COUNTA('DIAS FRACIONADOS'!$B$6:$B$12)),IF(VLOOKUP($B4,quadro_de_func[#All],3,FALSE)="ESTAGIÁRIO",((VLOOKUP($B4,carga_horaria[],2,FALSE)*HLOOKUP(F$3,'DIA UTEIS'!$B$4:$M$6,3,FALSE))-(HLOOKUP($B4,'EST. PROVAS'!$B$3:$Z$4,2,FALSE)*(VLOOKUP($B4,carga_horaria[],2,FALSE)/2)))+HLOOKUP(HR_A_FAZER[[#Headers],[ABRIL]],'DIAS FRACIONADOS'!$B$3:$Y$4,2,FALSE),(VLOOKUP($B4,carga_horaria[],2,FALSE)*(HLOOKUP(F$3,'DIA UTEIS'!$B$4:$M$6,3,FALSE)))+HLOOKUP(HR_A_FAZER[[#Headers],[ABRIL]],'DIAS FRACIONADOS'!$B$3:$Y$4,2,FALSE))) -> 7.65625 | G4: =IF(VLOOKUP($B4,quadro_de_func[#All],3,FALSE)="MENOR APRENDIZ",VLOOKUP($B4,carga_horaria[],2,FALSE)*(HLOOKUP(G$3,'DIA UTEIS'!$B$4:$M$6,3,FALSE)+COUNTA('DIAS FRACIONADOS'!$B$6:$B$12)),IF(VLOOKUP($B4,quadro_de_func[#All],3,FALSE)="ESTAGIÁRIO",((VLOOKUP($B4,carga_horaria[],2,FALSE)*HLOOKUP(G$3,'DIA UTEIS'!$B$4:$M$6,3,FALSE))-(HLOOKUP($B4,'EST. PROVAS'!$B$3:$Z$4,2,FALSE)*(VLOOKUP($B4,carga_horaria[],2,FALSE)/2)))+HLOOKUP(HR_A_FAZER[[#Headers],[MAIO]],'DIAS FRACIONADOS'!$B$3:$Y$4,2,FALSE),(VLOOKUP($B4,carga_horaria[],2,FALSE)*(HLOOKUP(G$3,'DIA UTEIS'!$B$4:$M$6,3,FALSE)))+HLOOKUP(HR_A_FAZER[[#Headers],[MAIO]],'DIAS FRACIONADOS'!$B$3:$Y$4,2,FALSE))) -> 8.0208333 | H4: =IF(VLOOKUP($B4,quadro_de_func[#All],3,FALSE)="MENOR APRENDIZ",VLOOKUP($B4,carga_horaria[],2,FALSE)*(HLOOKUP(H$3,'DIA UTEIS'!$B$4:$M$6,3,FALSE)+COUNTA('DIAS FRACIONADOS'!$B$6:$B$12)),IF(VLOOKUP($B4,quadro_de_func[#All],3,FALSE)="ESTAGIÁRIO",((VLOOKUP($B4,carga_horaria[],2,FALSE)*HLOOKUP(H$3,'DIA UTEIS'!$B$4:$M$6,3,FALSE))-(HLOOKUP($B4,'EST. PROVAS'!$B$3:$Z$4,2,FALSE)*(VLOOKUP($B4,carga_horaria[],2,FALSE)/2)))+HLOOKUP(HR_A_FAZER[[#Headers],[JUNHO]],'DIAS FRACIONADOS'!$B$3:$Y$4,2,FALSE),(VLOOKUP($B4,carga_horaria[],2,FALSE)*(HLOOKUP(H$3,'DIA UTEIS'!$B$4:$M$6,3,FALSE)))+HLOOKUP(HR_A_FAZER[[#Headers],[JUNHO]],'DIAS FRACIONADOS'!$B$3:$Y$4,2,FALSE))) -> 6.9270833 | I4: =IF(VLOOKUP($B4,quadro_de_func[#All],3,FALSE)="MENOR APRENDIZ",VLOOKUP($B4,carga_horaria[],2,FALSE)*(HLOOKUP(I$3,'DIA UTEIS'!$B$4:$M$6,3,FALSE)+COUNTA('DIAS FRACIONADOS'!$B$6:$B$12)),IF(VLOOKUP($B4,quadro_de_func[#All],3,FALSE)="ESTAGIÁRIO",((VLOOKUP($B4,carga_horaria[],2,FALSE)*HLOOKUP(I$3,'DIA UTEIS'!$B$4:$M$6,3,FALSE))-(HLOOKUP($B4,'EST. PROVAS'!$B$3:$Z$4,2,FALSE)*(VLOOKUP($B4,carga_horaria[],2,FALSE)/2)))+HLOOKUP(HR_A_FAZER[[#Headers],[JULHO]],'DIAS FRACIONADOS'!$B$3:$Y$4,2,FALSE),(VLOOKUP($B4,carga_horaria[],2,FALSE)*(HLOOKUP(I$3,'DIA UTEIS'!$B$4:$M$6,3,FALSE)))+HLOOKUP(HR_A_FAZER[[#Headers],[JULHO]],'DIAS FRACIONADOS'!$B$3:$Y$4,2,FALSE))) -> 8.0208333 | J4: =IF(VLOOKUP($B4,quadro_de_func[#All],3,FALSE)="MENOR APRENDIZ",VLOOKUP($B4,carga_horaria[],2,FALSE)*(HLOOKUP(J$3,'DIA UTEIS'!$B$4:$M$6,3,FALSE)+COUNTA('DIAS FRACIONADOS'!$B$6:$B$12)),IF(VLOOKUP($B4,quadro_de_func[#All],3,FALSE)="ESTAGIÁRIO",((VLOOKUP($B4,carga_horaria[],2,FALSE)*HLOOKUP(J$3,'DIA UTEIS'!$B$4:$M$6,3,FALSE))-(HLOOKUP($B4,'EST. PROVAS'!$B$3:$Z$4,2,FALSE)*(VLOOKUP($B4,carga_horaria[],2,FALSE)/2)))+HLOOKUP(HR_A_FAZER[[#Headers],[AGOSTO]],'DIAS FRACIONADOS'!$B$3:$Y$4,2,FALSE),(VLOOKUP($B4,carga_horaria[],2,FALSE)*(HLOOKUP(J$3,'DIA UTEIS'!$B$4:$M$6,3,FALSE)))+HLOOKUP(HR_A_FAZER[[#Headers],[AGOSTO]],'DIAS FRACIONADOS'!$B$3:$Y$4,2,FALSE))) -> 8.0208333 | K4: =IF(VLOOKUP($B4,quadro_de_func[#All],3,FALSE)="MENOR APRENDIZ",VLOOKUP($B4,carga_horaria[],2,FALSE)*(HLOOKUP(K$3,'DIA UTEIS'!$B$4:$M$6,3,FALSE)+COUNTA('DIAS FRACIONADOS'!$B$6:$B$12)),IF(VLOOKUP($B4,quadro_de_func[#All],3,FALSE)="ESTAGIÁRIO",((VLOOKUP($B4,carga_horaria[],2,FALSE)*HLOOKUP(K$3,'DIA UTEIS'!$B$4:$M$6,3,FALSE))-(HLOOKUP($B4,'EST. PROVAS'!$B$3:$Z$4,2,FALSE)*(VLOOKUP($B4,carga_horaria[],2,FALSE)/2)))+HLOOKUP(HR_A_FAZER[[#Headers],[SETEMBRO]],'DIAS FRACIONADOS'!$B$3:$Y$4,2,FALSE),(VLOOKUP($B4,carga_horaria[],2,FALSE)*(HLOOKUP(K$3,'DIA UTEIS'!$B$4:$M$6,3,FALSE)))+HLOOKUP(HR_A_FAZER[[#Headers],[SETEMBRO]],'DIAS FRACIONADOS'!$B$3:$Y$4,2,FALSE))) -> 7.2916667 | L4: =IF(VLOOKUP($B4,quadro_de_func[#All],3,FALSE)="MENOR APRENDIZ",VLOOKUP($B4,carga_horaria[],2,FALSE)*(HLOOKUP(L$3,'DIA UTEIS'!$B$4:$M$6,3,FALSE)+COUNTA('DIAS FRACIONADOS'!$B$6:$B$12)),IF(VLOOKUP($B4,quadro_de_func[#All],3,FALSE)="ESTAGIÁRIO",((VLOOKUP($B4,carga_horaria[],2,FALSE)*HLOOKUP(L$3,'DIA UTEIS'!$B$4:$M$6,3,FALSE))-(HLOOKUP($B4,'EST. PROVAS'!$B$3:$Z$4,2,FALSE)*(VLOOKUP($B4,carga_horaria[],2,FALSE)/2)))+HLOOKUP(HR_A_FAZER[[#Headers],[OUTUBRO]],'DIAS FRACIONADOS'!$B$3:$Y$4,2,FALSE),(VLOOKUP($B4,carga_horaria[],2,FALSE)*(HLOOKUP(L$3,'DIA UTEIS'!$B$4:$M$6,3,FALSE)))+HLOOKUP(HR_A_FAZER[[#Headers],[OUTUBRO]],'DIAS FRACIONADOS'!$B$3:$Y$4,2,FALSE))) -> 8.3854167 | M4: =IF(VLOOKUP($B4,quadro_de_func[#All],3,FALSE)="MENOR APRENDIZ",VLOOKUP($B4,carga_horaria[],2,FALSE)*(HLOOKUP(M$3,'DIA UTEIS'!$B$4:$M$6,3,FALSE)+COUNTA('DIAS FRACIONADOS'!$B$6:$B$12)),IF(VLOOKUP($B4,quadro_de_func[#All],3,FALSE)="ESTAGIÁRIO",((VLOOKUP($B4,carga_horaria[],2,FALSE)*HLOOKUP(M$3,'DIA UTEIS'!$B$4:$M$6,3,FALSE))-(HLOOKUP($B4,'EST. PROVAS'!$B$3:$Z$4,2,FALSE)*(VLOOKUP($B4,carga_horaria[],2,FALSE)/2)))+HLOOKUP(HR_A_FAZER[[#Headers],[NOVEMBRO]],'DIAS FRACIONADOS'!$B$3:$Y$4,2,FALSE),(VLOOKUP($B4,carga_horaria[],2,FALSE)*(HLOOKUP(M$3,'DIA UTEIS'!$B$4:$M$6,3,FALSE)))+HLOOKUP(HR_A_FAZER[[#Headers],[NOVEMBRO]],'DIAS FRACIONADOS'!$B$3:$Y$4,2,FALSE))) -> 7.2916667 | N4: =IF(VLOOKUP($B4,quadro_de_func[#All],3,FALSE)="MENOR APRENDIZ",VLOOKUP($B4,carga_horaria[],2,FALSE)*(HLOOKUP(N$3,'DIA UTEIS'!$B$4:$M$6,3,FALSE)+COUNTA('DIAS FRACIONADOS'!$B$6:$B$12)),IF(VLOOKUP($B4,quadro_de_func[#All],3,FALSE)="ESTAGIÁRIO",((VLOOKUP($B4,carga_horaria[],2,FALSE)*HLOOKUP(N$3,'DIA UTEIS'!$B$4:$M$6,3,FALSE))-(HLOOKUP($B4,'EST. PROVAS'!$B$3:$Z$4,2,FALSE)*(VLOOKUP($B4,carga_horaria[],2,FALSE)/2)))+HLOOKUP(HR_A_FAZER[[#Headers],[DEZEMBRO]],'DIAS FRACIONADOS'!$B$3:$Y$4,2,FALSE),(VLOOKUP($B4,carga_horaria[],2,FALSE)*(HLOOKUP(N$3,'DIA UTEIS'!$B$4:$M$6,3,FALSE)))+HLOOKUP(HR_A_FAZER[[#Headers],[DEZEMBRO]],'DIAS FRACIONADOS'!$B$3:$Y$4,2,FALSE))) -> 7.65625
B5: =quadro_de_func[[#This Row],[NOME]] -> Bruna | C5: =IF(VLOOKUP($B5,quadro_de_func[#All],3,FALSE)="MENOR APRENDIZ",VLOOKUP($B5,carga_horaria[],2,FALSE)*(HLOOKUP(C$3,'DIA UTEIS'!$B$4:$M$6,3,FALSE)+COUNTA('DIAS FRACIONADOS'!$B$6:$B$12)),IF(VLOOKUP($B5,quadro_de_func[#All],3,FALSE)="ESTAGIÁRIO",((VLOOKUP($B5,carga_horaria[],2,FALSE)*HLOOKUP(C$3,'DIA UTEIS'!$B$4:$M$6,3,FALSE))-(HLOOKUP($B5,'EST. PROVAS'!$B$3:$Z$4,2,FALSE)*(VLOOKUP($B5,carga_horaria[],2,FALSE)/2)))+HLOOKUP(HR_A_FAZER[[#Headers],[JANEIRO]],'DIAS FRACIONADOS'!$B$3:$Y$4,2,FALSE),(VLOOKUP($B5,carga_horaria[],2,FALSE)*(HLOOKUP(C$3,'DIA UTEIS'!$B$4:$M$6,3,FALSE)))+HLOOKUP(HR_A_FAZER[[#Headers],[JANEIRO]],'DIAS FRACIONADOS'!$B$3:$Y$4,2,FALSE))) -> 8.0833333 | D5: =IF(VLOOKUP($B5,quadro_de_func[#All],3,FALSE)="MENOR APRENDIZ",VLOOKUP($B5,carga_horaria[],2,FALSE)*(HLOOKUP(D$3,'DIA UTEIS'!$B$4:$M$6,3,FALSE)+COUNTA('DIAS FRACIONADOS'!$B$6:$B$12)),IF(VLOOKUP($B5,quadro_de_func[#All],3,FALSE)="ESTAGIÁRIO",((VLOOKUP($B5,carga_horaria[],2,FALSE)*HLOOKUP(D$3,'DIA UTEIS'!$B$4:$M$6,3,FALSE))-(HLOOKUP($B5,'EST. PROVAS'!$B$3:$Z$4,2,FALSE)*(VLOOKUP($B5,carga_horaria[],2,FALSE)/2)))+HLOOKUP(HR_A_FAZER[[#Headers],[FEVEREIRO]],'DIAS FRACIONADOS'!$B$3:$Y$4,2,FALSE),(VLOOKUP($B5,carga_horaria[],2,FALSE)*(HLOOKUP(D$3,'DIA UTEIS'!$B$4:$M$6,3,FALSE)))+HLOOKUP(HR_A_FAZER[[#Headers],[FEVEREIRO]],'DIAS FRACIONADOS'!$B$3:$Y$4,2,FALSE))) -> 7.5 | E5: =IF(VLOOKUP($B5,quadro_de_func[#All],3,FALSE)="MENOR APRENDIZ",VLOOKUP($B5,carga_horaria[],2,FALSE)*(HLOOKUP(E$3,'DIA UTEIS'!$B$4:$M$6,3,FALSE)+COUNTA('DIAS FRACIONADOS'!$B$6:$B$12)),IF(VLOOKUP($B5,quadro_de_func[#All],3,FALSE)="ESTAGIÁRIO",((VLOOKUP($B5,carga_horaria[],2,FALSE)*HLOOKUP(E$3,'DIA UTEIS'!$B$4:$M$6,3,FALSE))-(HLOOKUP($B5,'EST. PROVAS'!$B$3:$Z$4,2,FALSE)*(VLOOKUP($B5,carga_horaria[],2,FALSE)/2)))+HLOOKUP(HR_A_FAZER[[#Headers],[MARÇO]],'DIAS FRACIONADOS'!$B$3:$Y$4,2,FALSE),(VLOOKUP($B5,carga_horaria[],2,FALSE)*(HLOOKUP(E$3,'DIA UTEIS'!$B$4:$M$6,3,FALSE)))+HLOOKUP(HR_A_FAZER[[#Headers],[MARÇO]],'DIAS FRACIONADOS'!$B$3:$Y$4,2,FALSE))) -> 7 | F5: =IF(VLOOKUP($B5,quadro_de_func[#All],3,FALSE)="MENOR APRENDIZ",VLOOKUP($B5,carga_horaria[],2,FALSE)*(HLOOKUP(F$3,'DIA UTEIS'!$B$4:$M$6,3,FALSE)+COUNTA('DIAS FRACIONADOS'!$B$6:$B$12)),IF(VLOOKUP($B5,quadro_de_func[#All],3,FALSE)="ESTAGIÁRIO",((VLOOKUP($B5,carga_horaria[],2,FALSE)*HLOOKUP(F$3,'DIA UTEIS'!$B$4:$M$6,3,FALSE))-(HLOOKUP($B5,'EST. PROVAS'!$B$3:$Z$4,2,FALSE)*(VLOOKUP($B5,carga_horaria[],2,FALSE)/2)))+HLOOKUP(HR_A_FAZER[[#Headers],[ABRIL]],'DIAS FRACIONADOS'!$B$3:$Y$4,2,FALSE),(VLOOKUP($B5,carga_horaria[],2,FALSE)*(HLOOKUP(F$3,'DIA UTEIS'!$B$4:$M$6,3,FALSE)))+HLOOKUP(HR_A_FAZER[[#Headers],[ABRIL]],'DIAS FRACIONADOS'!$B$3:$Y$4,2,FALSE))) -> 7.875 | G5: =IF(VLOOKUP($B5,quadro_de_func[#All],3,FALSE)="MENOR APRENDIZ",VLOOKUP($B5,carga_horaria[],2,FALSE)*(HLOOKUP(G$3,'DIA UTEIS'!$B$4:$M$6,3,FALSE)+COUNTA('DIAS FRACIONADOS'!$B$6:$B$12)),IF(VLOOKUP($B5,quadro_de_func[#All],3,FALSE)="ESTAGIÁRIO",((VLOOKUP($B5,carga_horaria[],2,FALSE)*HLOOKUP(G$3,'DIA UTEIS'!$B$4:$M$6,3,FALSE))-(HLOOKUP($B5,'EST. PROVAS'!$B$3:$Z$4,2,FALSE)*(VLOOKUP($B5,carga_horaria[],2,FALSE)/2)))+HLOOKUP(HR_A_FAZER[[#Headers],[MAIO]],'DIAS FRACIONADOS'!$B$3:$Y$4,2,FALSE),(VLOOKUP($B5,carga_horaria[],2,FALSE)*(HLOOKUP(G$3,'DIA UTEIS'!$B$4:$M$6,3,FALSE)))+HLOOKUP(HR_A_FAZER[[#Headers],[MAIO]],'DIAS FRACIONADOS'!$B$3:$Y$4,2,FALSE))) -> 8.25 | H5: =IF(VLOOKUP($B5,quadro_de_func[#All],3,FALSE)="MENOR APRENDIZ",VLOOKUP($B5,carga_horaria[],2,FALSE)*(HLOOKUP(H$3,'DIA UTEIS'!$B$4:$M$6,3,FALSE)+COUNTA('DIAS FRACIONADOS'!$B$6:$B$12)),IF(VLOOKUP($B5,quadro_de_func[#All],3,FALSE)="ESTAGIÁRIO",((VLOOKUP($B5,carga_horaria[],2,FALSE)*HLOOKUP(H$3,'DIA UTEIS'!$B$4:$M$6,3,FALSE))-(HLOOKUP($B5,'EST. PROVAS'!$B$3:$Z$4,2,FALSE)*(VLOOKUP($B5,carga_horaria[],2,FALSE)/2)))+HLOOKUP(HR_A_FAZER[[#Headers],[JUNHO]],'DIAS FRACIONADOS'!$B$3:$Y$4,2,FALSE),(VLOOKUP($B5,carga_horaria[],2,FALSE)*(HLOOKUP(H$3,'DIA UTEIS'!$B$4:$M$6,3,FALSE)))+HLOOKUP(HR_A_FAZER[[#Headers],[JUNHO]],'DIAS FRACIONADOS'!$B$3:$Y$4,2,FALSE))) -> 7.125 | I5: =IF(VLOOKUP($B5,quadro_de_func[#All],3,FALSE)="MENOR APRENDIZ",VLOOKUP($B5,carga_horaria[],2,FALSE)*(HLOOKUP(I$3,'DIA UTEIS'!$B$4:$M$6,3,FALSE)+COUNTA('DIAS FRACIONADOS'!$B$6:$B$12)),IF(VLOOKUP($B5,quadro_de_func[#All],3,FALSE)="ESTAGIÁRIO",((VLOOKUP($B5,carga_horaria[],2,FALSE)*HLOOKUP(I$3,'DIA UTEIS'!$B$4:$M$6,3,FALSE))-(HLOOKUP($B5,'EST. PROVAS'!$B$3:$Z$4,2,FALSE)*(VLOOKUP($B5,carga_horaria[],2,FALSE)/2)))+HLOOKUP(HR_A_FAZER[[#Headers],[JULHO]],'DIAS FRACIONADOS'!$B$3:$Y$4,2,FALSE),(VLOOKUP($B5,carga_horaria[],2,FALSE)*(HLOOKUP(I$3,'DIA UTEIS'!$B$4:$M$6,3,FALSE)))+HLOOKUP(HR_A_FAZER[[#Headers],[JULHO]],'DIAS FRACIONADOS'!$B$3:$Y$4,2,FALSE))) -> 8.25 | J5: =IF(VLOOKUP($B5,quadro_de_func[#All],3,FALSE)="MENOR APRENDIZ",VLOOKUP($B5,carga_horaria[],2,FALSE)*(HLOOKUP(J$3,'DIA UTEIS'!$B$4:$M$6,3,FALSE)+COUNTA('DIAS FRACIONADOS'!$B$6:$B$12)),IF(VLOOKUP($B5,quadro_de_func[#All],3,FALSE)="ESTAGIÁRIO",((VLOOKUP($B5,carga_horaria[],2,FALSE)*HLOOKUP(J$3,'DIA UTEIS'!$B$4:$M$6,3,FALSE))-(HLOOKUP($B5,'EST. PROVAS'!$B$3:$Z$4,2,FALSE)*(VLOOKUP($B5,carga_horaria[],2,FALSE)/2)))+HLOOKUP(HR_A_FAZER[[#Headers],[AGOSTO]],'DIAS FRACIONADOS'!$B$3:$Y$4,2,FALSE),(VLOOKUP($B5,carga_horaria[],2,FALSE)*(HLOOKUP(J$3,'DIA UTEIS'!$B$4:$M$6,3,FALSE)))+HLOOKUP(HR_A_FAZER[[#Headers],[AGOSTO]],'DIAS FRACIONADOS'!$B$3:$Y$4,2,FALSE))) -> 8.25 | K5: =IF(VLOOKUP($B5,quadro_de_func[#All],3,FALSE)="MENOR APRENDIZ",VLOOKUP($B5,carga_horaria[],2,FALSE)*(HLOOKUP(K$3,'DIA UTEIS'!$B$4:$M$6,3,FALSE)+COUNTA('DIAS FRACIONADOS'!$B$6:$B$12)),IF(VLOOKUP($B5,quadro_de_func[#All],3,FALSE)="ESTAGIÁRIO",((VLOOKUP($B5,carga_horaria[],2,FALSE)*HLOOKUP(K$3,'DIA UTEIS'!$B$4:$M$6,3,FALSE))-(HLOOKUP($B5,'EST. PROVAS'!$B$3:$Z$4,2,FALSE)*(VLOOKUP($B5,carga_horaria[],2,FALSE)/2)))+HLOOKUP(HR_A_FAZER[[#Headers],[SETEMBRO]],'DIAS FRACIONADOS'!$B$3:$Y$4,2,FALSE),(VLOOKUP($B5,carga_horaria[],2,FALSE)*(HLOOKUP(K$3,'DIA UTEIS'!$B$4:$M$6,3,FALSE)))+HLOOKUP(HR_A_FAZER[[#Headers],[SETEMBRO]],'DIAS FRACIONADOS'!$B$3:$Y$4,2,FALSE))) -> 7.5 | L5: =IF(VLOOKUP($B5,quadro_de_func[#All],3,FALSE)="MENOR APRENDIZ",VLOOKUP($B5,carga_horaria[],2,FALSE)*(HLOOKUP(L$3,'DIA UTEIS'!$B$4:$M$6,3,FALSE)+COUNTA('DIAS FRACIONADOS'!$B$6:$B$12)),IF(VLOOKUP($B5,quadro_de_func[#All],3,FALSE)="ESTAGIÁRIO",((VLOOKUP($B5,carga_horaria[],2,FALSE)*HLOOKUP(L$3,'DIA UTEIS'!$B$4:$M$6,3,FALSE))-(HLOOKUP($B5,'EST. PROVAS'!$B$3:$Z$4,2,FALSE)*(VLOOKUP($B5,carga_horaria[],2,FALSE)/2)))+HLOOKUP(HR_A_FAZER[[#Headers],[OUTUBRO]],'DIAS FRACIONADOS'!$B$3:$Y$4,2,FALSE),(VLOOKUP($B5,carga_horaria[],2,FALSE)*(HLOOKUP(L$3,'DIA UTEIS'!$B$4:$M$6,3,FALSE)))+HLOOKUP(HR_A_FAZER[[#Headers],[OUTUBRO]],'DIAS FRACIONADOS'!$B$3:$Y$4,2,FALSE))) -> 8.625 | M5: =IF(VLOOKUP($B5,quadro_de_func[#All],3,FALSE)="MENOR APRENDIZ",VLOOKUP($B5,carga_horaria[],2,FALSE)*(HLOOKUP(M$3,'DIA UTEIS'!$B$4:$M$6,3,FALSE)+COUNTA('DIAS FRACIONADOS'!$B$6:$B$12)),IF(VLOOKUP($B5,quadro_de_func[#All],3,FALSE)="ESTAGIÁRIO",((VLOOKUP($B5,carga_horaria[],2,FALSE)*HLOOKUP(M$3,'DIA UTEIS'!$B$4:$M$6,3,FALSE))-(HLOOKUP($B5,'EST. PROVAS'!$B$3:$Z$4,2,FALSE)*(VLOOKUP($B5,carga_horaria[],2,FALSE)/2)))+HLOOKUP(HR_A_FAZER[[#Headers],[NOVEMBRO]],'DIAS FRACIONADOS'!$B$3:$Y$4,2,FALSE),(VLOOKUP($B5,carga_horaria[],2,FALSE)*(HLOOKUP(M$3,'DIA UTEIS'!$B$4:$M$6,3,FALSE)))+HLOOKUP(HR_A_FAZER[[#Headers],[NOVEMBRO]],'DIAS FRACIONADOS'!$B$3:$Y$4,2,FALSE))) -> 7.5 | N5: =IF(VLOOKUP($B5,quadro_de_func[#All],3,FALSE)="MENOR APRENDIZ",VLOOKUP($B5,carga_horaria[],2,FALSE)*(HLOOKUP(N$3,'DIA UTEIS'!$B$4:$M$6,3,FALSE)+COUNTA('DIAS FRACIONADOS'!$B$6:$B$12)),IF(VLOOKUP($B5,quadro_de_func[#All],3,FALSE)="ESTAGIÁRIO",((VLOOKUP($B5,carga_horaria[],2,FALSE)*HLOOKUP(N$3,'DIA UTEIS'!$B$4:$M$6,3,FALSE))-(HLOOKUP($B5,'EST. PROVAS'!$B$3:$Z$4,2,FALSE)*(VLOOKUP($B5,carga_horaria[],2,FALSE)/2)))+HLOOKUP(HR_A_FAZER[[#Headers],[DEZEMBRO]],'DIAS FRACIONADOS'!$B$3:$Y$4,2,FALSE),(VLOOKUP($B5,carga_horaria[],2,FALSE)*(HLOOKUP(N$3,'DIA UTEIS'!$B$4:$M$6,3,FALSE)))+HLOOKUP(HR_A_FAZER[[#Headers],[DEZEMBRO]],'DIAS FRACIONADOS'!$B$3:$Y$4,2,FALSE))) -> 7.875
B6: =quadro_de_func[[#This Row],[NOME]] -> Daiani | C6: =IF(VLOOKUP($B6,quadro_de_func[#All],3,FALSE)="MENOR APRENDIZ",VLOOKUP($B6,carga_horaria[],2,FALSE)*(HLOOKUP(C$3,'DIA UTEIS'!$B$4:$M$6,3,FALSE)+COUNTA('DIAS FRACIONADOS'!$B$6:$B$12)),IF(VLOOKUP($B6,quadro_de_func[#All],3,FALSE)="ESTAGIÁRIO",((VLOOKUP($B6,carga_horaria[],2,FALSE)*HLOOKUP(C$3,'DIA UTEIS'!$B$4:$M$6,3,FALSE))-(HLOOKUP($B6,'EST. PROVAS'!$B$3:$Z$4,2,FALSE)*(VLOOKUP($B6,carga_horaria[],2,FALSE)/2)))+HLOOKUP(HR_A_FAZER[[#Headers],[JANEIRO]],'DIAS FRACIONADOS'!$B$3:$Y$4,2,FALSE),(VLOOKUP($B6,carga_horaria[],2,FALSE)*(HLOOKUP(C$3,'DIA UTEIS'!$B$4:$M$6,3,FALSE)))+HLOOKUP(HR_A_FAZER[[#Headers],[JANEIRO]],'DIAS FRACIONADOS'!$B$3:$Y$4,2,FALSE))) -> 7.8645833 | D6: =IF(VLOOKUP($B6,quadro_de_func[#All],3,FALSE)="MENOR APRENDIZ",VLOOKUP($B6,carga_horaria[],2,FALSE)*(HLOOKUP(D$3,'DIA UTEIS'!$B$4:$M$6,3,FALSE)+COUNTA('DIAS FRACIONADOS'!$B$6:$B$12)),IF(VLOOKUP($B6,quadro_de_func[#All],3,FALSE)="ESTAGIÁRIO",((VLOOKUP($B6,carga_horaria[],2,FALSE)*HLOOKUP(D$3,'DIA UTEIS'!$B$4:$M$6,3,FALSE))-(HLOOKUP($B6,'EST. PROVAS'!$B$3:$Z$4,2,FALSE)*(VLOOKUP($B6,carga_horaria[],2,FALSE)/2)))+HLOOKUP(HR_A_FAZER[[#Headers],[FEVEREIRO]],'DIAS FRACIONADOS'!$B$3:$Y$4,2,FALSE),(VLOOKUP($B6,carga_horaria[],2,FALSE)*(HLOOKUP(D$3,'DIA UTEIS'!$B$4:$M$6,3,FALSE)))+HLOOKUP(HR_A_FAZER[[#Headers],[FEVEREIRO]],'DIAS FRACIONADOS'!$B$3:$Y$4,2,FALSE))) -> 7.2916667 | E6: =IF(VLOOKUP($B6,quadro_de_func[#All],3,FALSE)="MENOR APRENDIZ",VLOOKUP($B6,carga_horaria[],2,FALSE)*(HLOOKUP(E$3,'DIA UTEIS'!$B$4:$M$6,3,FALSE)+COUNTA('DIAS FRACIONADOS'!$B$6:$B$12)),IF(VLOOKUP($B6,quadro_de_func[#All],3,FALSE)="ESTAGIÁRIO",((VLOOKUP($B6,carga_horaria[],2,FALSE)*HLOOKUP(E$3,'DIA UTEIS'!$B$4:$M$6,3,FALSE))-(HLOOKUP($B6,'EST. PROVAS'!$B$3:$Z$4,2,FALSE)*(VLOOKUP($B6,carga_horaria[],2,FALSE)/2)))+HLOOKUP(HR_A_FAZER[[#Headers],[MARÇO]],'DIAS FRACIONADOS'!$B$3:$Y$4,2,FALSE),(VLOOKUP($B6,carga_horaria[],2,FALSE)*(HLOOKUP(E$3,'DIA UTEIS'!$B$4:$M$6,3,FALSE)))+HLOOKUP(HR_A_FAZER[[#Headers],[MARÇO]],'DIAS FRACIONADOS'!$B$3:$Y$4,2,FALSE))) -> 6.8125 | F6: =IF(VLOOKUP($B6,quadro_de_func[#All],3,FALSE)="MENOR APRENDIZ",VLOOKUP($B6,carga_horaria[],2,FALSE)*(HLOOKUP(F$3,'DIA UTEIS'!$B$4:$M$6,3,FALSE)+COUNTA('DIAS FRACIONADOS'!$B$6:$B$12)),IF(VLOOKUP($B6,quadro_de_func[#All],3,FALSE)="ESTAGIÁRIO",((VLOOKUP($B6,carga_horaria[],2,FALSE)*HLOOKUP(F$3,'DIA UTEIS'!$B$4:$M$6,3,FALSE))-(HLOOKUP($B6,'EST. PROVAS'!$B$3:$Z$4,2,FALSE)*(VLOOKUP($B6,carga_horaria[],2,FALSE)/2)))+HLOOKUP(HR_A_FAZER[[#Headers],[ABRIL]],'DIAS FRACIONADOS'!$B$3:$Y$4,2,FALSE),(VLOOKUP($B6,carga_horaria[],2,FALSE)*(HLOOKUP(F$3,'DIA UTEIS'!$B$4:$M$6,3,FALSE)))+HLOOKUP(HR_A_FAZER[[#Headers],[ABRIL]],'DIAS FRACIONADOS'!$B$3:$Y$4,2,FALSE))) -> 7.65625 | G6: =IF(VLOOKUP($B6,quadro_de_func[#All],3,FALSE)="MENOR APRENDIZ",VLOOKUP($B6,carga_horaria[],2,FALSE)*(HLOOKUP(G$3,'DIA UTEIS'!$B$4:$M$6,3,FALSE)+COUNTA('DIAS FRACIONADOS'!$B$6:$B$12)),IF(VLOOKUP($B6,quadro_de_func[#All],3,FALSE)="ESTAGIÁRIO",((VLOOKUP($B6,carga_horaria[],2,FALSE)*HLOOKUP(G$3,'DIA UTEIS'!$B$4:$M$6,3,FALSE))-(HLOOKUP($B6,'EST. PROVAS'!$B$3:$Z$4,2,FALSE)*(VLOOKUP($B6,carga_horaria[],2,FALSE)/2)))+HLOOKUP(HR_A_FAZER[[#Headers],[MAIO]],'DIAS FRACIONADOS'!$B$3:$Y$4,2,FALSE),(VLOOKUP($B6,carga_horaria[],2,FALSE)*(HLOOKUP(G$3,'DIA UTEIS'!$B$4:$M$6,3,FALSE)))+HLOOKUP(HR_A_FAZER[[#Headers],[MAIO]],'DIAS FRACIONADOS'!$B$3:$Y$4,2,FALSE))) -> 8.0208333 | H6: =IF(VLOOKUP($B6,quadro_de_func[#All],3,FALSE)="MENOR APRENDIZ",VLOOKUP($B6,carga_horaria[],2,FALSE)*(HLOOKUP(H$3,'DIA UTEIS'!$B$4:$M$6,3,FALSE)+COUNTA('DIAS FRACIONADOS'!$B$6:$B$12)),IF(VLOOKUP($B6,quadro_de_func[#All],3,FALSE)="ESTAGIÁRIO",((VLOOKUP($B6,carga_horaria[],2,FALSE)*HLOOKUP(H$3,'DIA UTEIS'!$B$4:$M$6,3,FALSE))-(HLOOKUP($B6,'EST. PROVAS'!$B$3:$Z$4,2,FALSE)*(VLOOKUP($B6,carga_horaria[],2,FALSE)/2)))+HLOOKUP(HR_A_FAZER[[#Headers],[JUNHO]],'DIAS FRACIONADOS'!$B$3:$Y$4,2,FALSE),(VLOOKUP($B6,carga_horaria[],2,FALSE)*(HLOOKUP(H$3,'DIA UTEIS'!$B$4:$M$6,3,FALSE)))+HLOOKUP(HR_A_FAZER[[#Headers],[JUNHO]],'DIAS FRACIONADOS'!$B$3:$Y$4,2,FALSE))) -> 6.9270833 | I6: =IF(VLOOKUP($B6,quadro_de_func[#All],3,FALSE)="MENOR APRENDIZ",VLOOKUP($B6,carga_horaria[],2,FALSE)*(HLOOKUP(I$3,'DIA UTEIS'!$B$4:$M$6,3,FALSE)+COUNTA('DIAS FRACIONADOS'!$B$6:$B$12)),IF(VLOOKUP($B6,quadro_de_func[#All],3,FALSE)="ESTAGIÁRIO",((VLOOKUP($B6,carga_horaria[],2,FALSE)*HLOOKUP(I$3,'DIA UTEIS'!$B$4:$M$6,3,FALSE))-(HLOOKUP($B6,'EST. PROVAS'!$B$3:$Z$4,2,FALSE)*(VLOOKUP($B6,carga_horaria[],2,FALSE)/2)))+HLOOKUP(HR_A_FAZER[[#Headers],[JULHO]],'DIAS FRACIONADOS'!$B$3:$Y$4,2,FALSE),(VLOOKUP($B6,carga_horaria[],2,FALSE)*(HLOOKUP(I$3,'DIA UTEIS'!$B$4:$M$6,3,FALSE)))+HLOOKUP(HR_A_FAZER[[#Headers],[JULHO]],'DIAS FRACIONADOS'!$B$3:$Y$4,2,FALSE))) -> 8.0208333 | J6: =IF(VLOOKUP($B6,quadro_de_func[#All],3,FALSE)="MENOR APRENDIZ",VLOOKUP($B6,carga_horaria[],2,FALSE)*(HLOOKUP(J$3,'DIA UTEIS'!$B$4:$M$6,3,FALSE)+COUNTA('DIAS FRACIONADOS'!$B$6:$B$12)),IF(VLOOKUP($B6,quadro_de_func[#All],3,FALSE)="ESTAGIÁRIO",((VLOOKUP($B6,carga_horaria[],2,FALSE)*HLOOKUP(J$3,'DIA UTEIS'!$B$4:$M$6,3,FALSE))-(HLOOKUP($B6,'EST. PROVAS'!$B$3:$Z$4,2,FALSE)*(VLOOKUP($B6,carga_horaria[],2,FALSE)/2)))+HLOOKUP(HR_A_FAZER[[#Headers],[AGOSTO]],'DIAS FRACIONADOS'!$B$3:$Y$4,2,FALSE),(VLOOKUP($B6,carga_horaria[],2,FALSE)*(HLOOKUP(J$3,'DIA UTEIS'!$B$4:$M$6,3,FALSE)))+HLOOKUP(HR_A_FAZER[[#Headers],[AGOSTO]],'DIAS FRACIONADOS'!$B$3:$Y$4,2,FALSE))) -> 8.0208333 | K6: =IF(VLOOKUP($B6,quadro_de_func[#All],3,FALSE)="MENOR APRENDIZ",VLOOKUP($B6,carga_horaria[],2,FALSE)*(HLOOKUP(K$3,'DIA UTEIS'!$B$4:$M$6,3,FALSE)+COUNTA('DIAS FRACIONADOS'!$B$6:$B$12)),IF(VLOOKUP($B6,quadro_de_func[#All],3,FALSE)="ESTAGIÁRIO",((VLOOKUP($B6,carga_horaria[],2,FALSE)*HLOOKUP(K$3,'DIA UTEIS'!$B$4:$M$6,3,FALSE))-(HLOOKUP($B6,'EST. PROVAS'!$B$3:$Z$4,2,FALSE)*(VLOOKUP($B6,carga_horaria[],2,FALSE)/2)))+HLOOKUP(HR_A_FAZER[[#Headers],[SETEMBRO]],'DIAS FRACIONADOS'!$B$3:$Y$4,2,FALSE),(VLOOKUP($B6,carga_horaria[],2,FALSE)*(HLOOKUP(K$3,'DIA UTEIS'!$B$4:$M$6,3,FALSE)))+HLOOKUP(HR_A_FAZER[[#Headers],[SETEMBRO]],'DIAS FRACIONADOS'!$B$3:$Y$4,2,FALSE))) -> 7.2916667 | L6: =IF(VLOOKUP($B6,quadro_de_func[#All],3,FALSE)="MENOR APRENDIZ",VLOOKUP($B6,carga_horaria[],2,FALSE)*(HLOOKUP(L$3,'DIA UTEIS'!$B$4:$M$6,3,FALSE)+COUNTA('DIAS FRACIONADOS'!$B$6:$B$12)),IF(VLOOKUP($B6,quadro_de_func[#All],3,FALSE)="ESTAGIÁRIO",((VLOOKUP($B6,carga_horaria[],2,FALSE)*HLOOKUP(L$3,'DIA UTEIS'!$B$4:$M$6,3,FALSE))-(HLOOKUP($B6,'EST. PROVAS'!$B$3:$Z$4,2,FALSE)*(VLOOKUP($B6,carga_horaria[],2,FALSE)/2)))+HLOOKUP(HR_A_FAZER[[#Headers],[OUTUBRO]],'DIAS FRACIONADOS'!$B$3:$Y$4,2,FALSE),(VLOOKUP($B6,carga_horaria[],2,FALSE)*(HLOOKUP(L$3,'DIA UTEIS'!$B$4:$M$6,3,FALSE)))+HLOOKUP(HR_A_FAZER[[#Headers],[OUTUBRO]],'DIAS FRACIONADOS'!$B$3:$Y$4,2,FALSE))) -> 8.3854167 | M6: =IF(VLOOKUP($B6,quadro_de_func[#All],3,FALSE)="MENOR APRENDIZ",VLOOKUP($B6,carga_horaria[],2,FALSE)*(HLOOKUP(M$3,'DIA UTEIS'!$B$4:$M$6,3,FALSE)+COUNTA('DIAS FRACIONADOS'!$B$6:$B$12)),IF(VLOOKUP($B6,quadro_de_func[#All],3,FALSE)="ESTAGIÁRIO",((VLOOKUP($B6,carga_horaria[],2,FALSE)*HLOOKUP(M$3,'DIA UTEIS'!$B$4:$M$6,3,FALSE))-(HLOOKUP($B6,'EST. PROVAS'!$B$3:$Z$4,2,FALSE)*(VLOOKUP($B6,carga_horaria[],2,FALSE)/2)))+HLOOKUP(HR_A_FAZER[[#Headers],[NOVEMBRO]],'DIAS FRACIONADOS'!$B$3:$Y$4,2,FALSE),(VLOOKUP($B6,carga_horaria[],2,FALSE)*(HLOOKUP(M$3,'DIA UTEIS'!$B$4:$M$6,3,FALSE)))+HLOOKUP(HR_A_FAZER[[#Headers],[NOVEMBRO]],'DIAS FRACIONADOS'!$B$3:$Y$4,2,FALSE))) -> 7.2916667 | N6: =IF(VLOOKUP($B6,quadro_de_func[#All],3,FALSE)="MENOR APRENDIZ",VLOOKUP($B6,carga_horaria[],2,FALSE)*(HLOOKUP(N$3,'DIA UTEIS'!$B$4:$M$6,3,FALSE)+COUNTA('DIAS FRACIONADOS'!$B$6:$B$12)),IF(VLOOKUP($B6,quadro_de_func[#All],3,FALSE)="ESTAGIÁRIO",((VLOOKUP($B6,carga_horaria[],2,FALSE)*HLOOKUP(N$3,'DIA UTEIS'!$B$4:$M$6,3,FALSE))-(HLOOKUP($B6,'EST. PROVAS'!$B$3:$Z$4,2,FALSE)*(VLOOKUP($B6,carga_horaria[],2,FALSE)/2)))+HLOOKUP(HR_A_FAZER[[#Headers],[DEZEMBRO]],'DIAS FRACIONADOS'!$B$3:$Y$4,2,FALSE),(VLOOKUP($B6,carga_horaria[],2,FALSE)*(HLOOKUP(N$3,'DIA UTEIS'!$B$4:$M$6,3,FALSE)))+HLOOKUP(HR_A_FAZER[[#Headers],[DEZEMBRO]],'DIAS FRACIONADOS'!$B$3:$Y$4,2,FALSE))) -> 7.65625
B7: =quadro_de_func[[#This Row],[NOME]] -> Érica | C7: =IF(VLOOKUP($B7,quadro_de_func[#All],3,FALSE)="MENOR APRENDIZ",VLOOKUP($B7,carga_horaria[],2,FALSE)*(HLOOKUP(C$3,'DIA UTEIS'!$B$4:$M$6,3,FALSE)+COUNTA('DIAS FRACIONADOS'!$B$6:$B$12)),IF(VLOOKUP($B7,quadro_de_func[#All],3,FALSE)="ESTAGIÁRIO",((VLOOKUP($B7,carga_horaria[],2,FALSE)*HLOOKUP(C$3,'DIA UTEIS'!$B$4:$M$6,3,FALSE))-(HLOOKUP($B7,'EST. PROVAS'!$B$3:$Z$4,2,FALSE)*(VLOOKUP($B7,carga_horaria[],2,FALSE)/2)))+HLOOKUP(HR_A_FAZER[[#Headers],[JANEIRO]],'DIAS FRACIONADOS'!$B$3:$Y$4,2,FALSE),(VLOOKUP($B7,carga_horaria[],2,FALSE)*(HLOOKUP(C$3,'DIA UTEIS'!$B$4:$M$6,3,FALSE)))+HLOOKUP(HR_A_FAZER[[#Headers],[JANEIRO]],'DIAS FRACIONADOS'!$B$3:$Y$4,2,FALSE))) -> 7.8645833 | D7: =IF(VLOOKUP($B7,quadro_de_func[#All],3,FALSE)="MENOR APRENDIZ",VLOOKUP($B7,carga_horaria[],2,FALSE)*(HLOOKUP(D$3,'DIA UTEIS'!$B$4:$M$6,3,FALSE)+COUNTA('DIAS FRACIONADOS'!$B$6:$B$12)),IF(VLOOKUP($B7,quadro_de_func[#All],3,FALSE)="ESTAGIÁRIO",((VLOOKUP($B7,carga_horaria[],2,FALSE)*HLOOKUP(D$3,'DIA UTEIS'!$B$4:$M$6,3,FALSE))-(HLOOKUP($B7,'EST. PROVAS'!$B$3:$Z$4,2,FALSE)*(VLOOKUP($B7,carga_horaria[],2,FALSE)/2)))+HLOOKUP(HR_A_FAZER[[#Headers],[FEVEREIRO]],'DIAS FRACIONADOS'!$B$3:$Y$4,2,FALSE),(VLOOKUP($B7,carga_horaria[],2,FALSE)*(HLOOKUP(D$3,'DIA UTEIS'!$B$4:$M$6,3,FALSE)))+HLOOKUP(HR_A_FAZER[[#Headers],[FEVEREIRO]],'DIAS FRACIONADOS'!$B$3:$Y$4,2,FALSE))) -> 7.2916667 | E7: =IF(VLOOKUP($B7,quadro_de_func[#All],3,FALSE)="MENOR APRENDIZ",VLOOKUP($B7,carga_horaria[],2,FALSE)*(HLOOKUP(E$3,'DIA UTEIS'!$B$4:$M$6,3,FALSE)+COUNTA('DIAS FRACIONADOS'!$B$6:$B$12)),IF(VLOOKUP($B7,quadro_de_func[#All],3,FALSE)="ESTAGIÁRIO",((VLOOKUP($B7,carga_horaria[],2,FALSE)*HLOOKUP(E$3,'DIA UTEIS'!$B$4:$M$6,3,FALSE))-(HLOOKUP($B7,'EST. PROVAS'!$B$3:$Z$4,2,FALSE)*(VLOOKUP($B7,carga_horaria[],2,FALSE)/2)))+HLOOKUP(HR_A_FAZER[[#Headers],[MARÇO]],'DIAS FRACIONADOS'!$B$3:$Y$4,2,FALSE),(VLOOKUP($B7,carga_horaria[],2,FALSE)*(HLOOKUP(E$3,'DIA UTEIS'!$B$4:$M$6,3,FALSE)))+HLOOKUP(HR_A_FAZER[[#Headers],[MARÇO]],'DIAS FRACIONADOS'!$B$3:$Y$4,2,FALSE))) -> 6.8125 | F7: =IF(VLOOKUP($B7,quadro_de_func[#All],3,FALSE)="MENOR APRENDIZ",VLOOKUP($B7,carga_horaria[],2,FALSE)*(HLOOKUP(F$3,'DIA UTEIS'!$B$4:$M$6,3,FALSE)+COUNTA('DIAS FRACIONADOS'!$B$6:$B$12)),IF(VLOOKUP($B7,quadro_de_func[#All],3,FALSE)="ESTAGIÁRIO",((VLOOKUP($B7,carga_horaria[],2,FALSE)*HLOOKUP(F$3,'DIA UTEIS'!$B$4:$M$6,3,FALSE))-(HLOOKUP($B7,'EST. PROVAS'!$B$3:$Z$4,2,FALSE)*(VLOOKUP($B7,carga_horaria[],2,FALSE)/2)))+HLOOKUP(HR_A_FAZER[[#Headers],[ABRIL]],'DIAS FRACIONADOS'!$B$3:$Y$4,2,FALSE),(VLOOKUP($B7,carga_horaria[],2,FALSE)*(HLOOKUP(F$3,'DIA UTEIS'!$B$4:$M$6,3,FALSE)))+HLOOKUP(HR_A_FAZER[[#Headers],[ABRIL]],'DIAS FRACIONADOS'!$B$3:$Y$4,2,FALSE))) -> 7.65625 | G7: =IF(VLOOKUP($B7,quadro_de_func[#All],3,FALSE)="MENOR APRENDIZ",VLOOKUP($B7,carga_horaria[],2,FALSE)*(HLOOKUP(G$3,'DIA UTEIS'!$B$4:$M$6,3,FALSE)+COUNTA('DIAS FRACIONADOS'!$B$6:$B$12)),IF(VLOOKUP($B7,quadro_de_func[#All],3,FALSE)="ESTAGIÁRIO",((VLOOKUP($B7,carga_horaria[],2,FALSE)*HLOOKUP(G$3,'DIA UTEIS'!$B$4:$M$6,3,FALSE))-(HLOOKUP($B7,'EST. PROVAS'!$B$3:$Z$4,2,FALSE)*(VLOOKUP($B7,carga_horaria[],2,FALSE)/2)))+HLOOKUP(HR_A_FAZER[[#Headers],[MAIO]],'DIAS FRACIONADOS'!$B$3:$Y$4,2,FALSE),(VLOOKUP($B7,carga_horaria[],2,FALSE)*(HLOOKUP(G$3,'DIA UTEIS'!$B$4:$M$6,3,FALSE)))+HLOOKUP(HR_A_FAZER[[#Headers],[MAIO]],'DIAS FRACIONADOS'!$B$3:$Y$4,2,FALSE))) -> 8.0208333 | H7: =IF(VLOOKUP($B7,quadro_de_func[#All],3,FALSE)="MENOR APRENDIZ",VLOOKUP($B7,carga_horaria[],2,FALSE)*(HLOOKUP(H$3,'DIA UTEIS'!$B$4:$M$6,3,FALSE)+COUNTA('DIAS FRACIONADOS'!$B$6:$B$12)),IF(VLOOKUP($B7,quadro_de_func[#All],3,FALSE)="ESTAGIÁRIO",((VLOOKUP($B7,carga_horaria[],2,FALSE)*HLOOKUP(H$3,'DIA UTEIS'!$B$4:$M$6,3,FALSE))-(HLOOKUP($B7,'EST. PROVAS'!$B$3:$Z$4,2,FALSE)*(VLOOKUP($B7,carga_horaria[],2,FALSE)/2)))+HLOOKUP(HR_A_FAZER[[#Headers],[JUNHO]],'DIAS FRACIONADOS'!$B$3:$Y$4,2,FALSE),(VLOOKUP($B7,carga_horaria[],2,FALSE)*(HLOOKUP(H$3,'DIA UTEIS'!$B$4:$M$6,3,FALSE)))+HLOOKUP(HR_A_FAZER[[#Headers],[JUNHO]],'DIAS FRACIONADOS'!$B$3:$Y$4,2,FALSE))) -> 6.9270833 | I7: =IF(VLOOKUP($B7,quadro_de_func[#All],3,FALSE)="MENOR APRENDIZ",VLOOKUP($B7,carga_horaria[],2,FALSE)*(HLOOKUP(I$3,'DIA UTEIS'!$B$4:$M$6,3,FALSE)+COUNTA('DIAS FRACIONADOS'!$B$6:$B$12)),IF(VLOOKUP($B7,quadro_de_func[#All],3,FALSE)="ESTAGIÁRIO",((VLOOKUP($B7,carga_horaria[],2,FALSE)*HLOOKUP(I$3,'DIA UTEIS'!$B$4:$M$6,3,FALSE))-(HLOOKUP($B7,'EST. PROVAS'!$B$3:$Z$4,2,FALSE)*(VLOOKUP($B7,carga_horaria[],2,FALSE)/2)))+HLOOKUP(HR_A_FAZER[[#Headers],[JULHO]],'DIAS FRACIONADOS'!$B$3:$Y$4,2,FALSE),(VLOOKUP($B7,carga_horaria[],2,FALSE)*(HLOOKUP(I$3,'DIA UTEIS'!$B$4:$M$6,3,FALSE)))+HLOOKUP(HR_A_FAZER[[#Headers],[JULHO]],'DIAS FRACIONADOS'!$B$3:$Y$4,2,FALSE))) -> 8.0208333 | J7: =IF(VLOOKUP($B7,quadro_de_func[#All],3,FALSE)="MENOR APRENDIZ",VLOOKUP($B7,carga_horaria[],2,FALSE)*(HLOOKUP(J$3,'DIA UTEIS'!$B$4:$M$6,3,FALSE)+COUNTA('DIAS FRACIONADOS'!$B$6:$B$12)),IF(VLOOKUP($B7,quadro_de_func[#All],3,FALSE)="ESTAGIÁRIO",((VLOOKUP($B7,carga_horaria[],2,FALSE)*HLOOKUP(J$3,'DIA UTEIS'!$B$4:$M$6,3,FALSE))-(HLOOKUP($B7,'EST. PROVAS'!$B$3:$Z$4,2,FALSE)*(VLOOKUP($B7,carga_horaria[],2,FALSE)/2)))+HLOOKUP(HR_A_FAZER[[#Headers],[AGOSTO]],'DIAS FRACIONADOS'!$B$3:$Y$4,2,FALSE),(VLOOKUP($B7,carga_horaria[],2,FALSE)*(HLOOKUP(J$3,'DIA UTEIS'!$B$4:$M$6,3,FALSE)))+HLOOKUP(HR_A_FAZER[[#Headers],[AGOSTO]],'DIAS FRACIONADOS'!$B$3:$Y$4,2,FALSE))) -> 8.0208333 | K7: =IF(VLOOKUP($B7,quadro_de_func[#All],3,FALSE)="MENOR APRENDIZ",VLOOKUP($B7,carga_horaria[],2,FALSE)*(HLOOKUP(K$3,'DIA UTEIS'!$B$4:$M$6,3,FALSE)+COUNTA('DIAS FRACIONADOS'!$B$6:$B$12)),IF(VLOOKUP($B7,quadro_de_func[#All],3,FALSE)="ESTAGIÁRIO",((VLOOKUP($B7,carga_horaria[],2,FALSE)*HLOOKUP(K$3,'DIA UTEIS'!$B$4:$M$6,3,FALSE))-(HLOOKUP($B7,'EST. PROVAS'!$B$3:$Z$4,2,FALSE)*(VLOOKUP($B7,carga_horaria[],2,FALSE)/2)))+HLOOKUP(HR_A_FAZER[[#Headers],[SETEMBRO]],'DIAS FRACIONADOS'!$B$3:$Y$4,2,FALSE),(VLOOKUP($B7,carga_horaria[],2,FALSE)*(HLOOKUP(K$3,'DIA UTEIS'!$B$4:$M$6,3,FALSE)))+HLOOKUP(HR_A_FAZER[[#Headers],[SETEMBRO]],'DIAS FRACIONADOS'!$B$3:$Y$4,2,FALSE))) -> 7.2916667 | L7: =IF(VLOOKUP($B7,quadro_de_func[#All],3,FALSE)="MENOR APRENDIZ",VLOOKUP($B7,carga_horaria[],2,FALSE)*(HLOOKUP(L$3,'DIA UTEIS'!$B$4:$M$6,3,FALSE)+COUNTA('DIAS FRACIONADOS'!$B$6:$B$12)),IF(VLOOKUP($B7,quadro_de_func[#All],3,FALSE)="ESTAGIÁRIO",((VLOOKUP($B7,carga_horaria[],2,FALSE)*HLOOKUP(L$3,'DIA UTEIS'!$B$4:$M$6,3,FALSE))-(HLOOKUP($B7,'EST. PROVAS'!$B$3:$Z$4,2,FALSE)*(VLOOKUP($B7,carga_horaria[],2,FALSE)/2)))+HLOOKUP(HR_A_FAZER[[#Headers],[OUTUBRO]],'DIAS FRACIONADOS'!$B$3:$Y$4,2,FALSE),(VLOOKUP($B7,carga_horaria[],2,FALSE)*(HLOOKUP(L$3,'DIA UTEIS'!$B$4:$M$6,3,FALSE)))+HLOOKUP(HR_A_FAZER[[#Headers],[OUTUBRO]],'DIAS FRACIONADOS'!$B$3:$Y$4,2,FALSE))) -> 8.3854167 | M7: =IF(VLOOKUP($B7,quadro_de_func[#All],3,FALSE)="MENOR APRENDIZ",VLOOKUP($B7,carga_horaria[],2,FALSE)*(HLOOKUP(M$3,'DIA UTEIS'!$B$4:$M$6,3,FALSE)+COUNTA('DIAS FRACIONADOS'!$B$6:$B$12)),IF(VLOOKUP($B7,quadro_de_func[#All],3,FALSE)="ESTAGIÁRIO",((VLOOKUP($B7,carga_horaria[],2,FALSE)*HLOOKUP(M$3,'DIA UTEIS'!$B$4:$M$6,3,FALSE))-(HLOOKUP($B7,'EST. PROVAS'!$B$3:$Z$4,2,FALSE)*(VLOOKUP($B7,carga_horaria[],2,FALSE)/2)))+HLOOKUP(HR_A_FAZER[[#Headers],[NOVEMBRO]],'DIAS FRACIONADOS'!$B$3:$Y$4,2,FALSE),(VLOOKUP($B7,carga_horaria[],2,FALSE)*(HLOOKUP(M$3,'DIA UTEIS'!$B$4:$M$6,3,FALSE)))+HLOOKUP(HR_A_FAZER[[#Headers],[NOVEMBRO]],'DIAS FRACIONADOS'!$B$3:$Y$4,2,FALSE))) -> 7.2916667 | N7: =IF(VLOOKUP($B7,quadro_de_func[#All],3,FALSE)="MENOR APRENDIZ",VLOOKUP($B7,carga_horaria[],2,FALSE)*(HLOOKUP(N$3,'DIA UTEIS'!$B$4:$M$6,3,FALSE)+COUNTA('DIAS FRACIONADOS'!$B$6:$B$12)),IF(VLOOKUP($B7,quadro_de_func[#All],3,FALSE)="ESTAGIÁRIO",((VLOOKUP($B7,carga_horaria[],2,FALSE)*HLOOKUP(N$3,'DIA UTEIS'!$B$4:$M$6,3,FALSE))-(HLOOKUP($B7,'EST. PROVAS'!$B$3:$Z$4,2,FALSE)*(VLOOKUP($B7,carga_horaria[],2,FALSE)/2)))+HLOOKUP(HR_A_FAZER[[#Headers],[DEZEMBRO]],'DIAS FRACIONADOS'!$B$3:$Y$4,2,FALSE),(VLOOKUP($B7,carga_horaria[],2,FALSE)*(HLOOKUP(N$3,'DIA UTEIS'!$B$4:$M$6,3,FALSE)))+HLOOKUP(HR_A_FAZER[[#Headers],[DEZEMBRO]],'DIAS FRACIONADOS'!$B$3:$Y$4,2,FALSE))) -> 7.65625
B8: =quadro_de_func[[#This Row],[NOME]] -> func 5 | C8: =IF(VLOOKUP($B8,quadro_de_func[#All],3,FALSE)="MENOR APRENDIZ",VLOOKUP($B8,carga_horaria[],2,FALSE)*(HLOOKUP(C$3,'DIA UTEIS'!$B$4:$M$6,3,FALSE)+COUNTA('DIAS FRACIONADOS'!$B$6:$B$12)),IF(VLOOKUP($B8,quadro_de_func[#All],3,FALSE)="ESTAGIÁRIO",((VLOOKUP($B8,carga_horaria[],2,FALSE)*HLOOKUP(C$3,'DIA UTEIS'!$B$4:$M$6,3,FALSE))-(HLOOKUP($B8,'EST. PROVAS'!$B$3:$Z$4,2,FALSE)*(VLOOKUP($B8,carga_horaria[],2,FALSE)/2)))+HLOOKUP(HR_A_FAZER[[#Headers],[JANEIRO]],'DIAS FRACIONADOS'!$B$3:$Y$4,2,FALSE),(VLOOKUP($B8,carga_horaria[],2,FALSE)*(HLOOKUP(C$3,'DIA UTEIS'!$B$4:$M$6,3,FALSE)))+HLOOKUP(HR_A_FAZER[[#Headers],[JANEIRO]],'DIAS FRACIONADOS'!$B$3:$Y$4,2,FALSE))) -> 7.2083333 | D8: =IF(VLOOKUP($B8,quadro_de_func[#All],3,FALSE)="MENOR APRENDIZ",VLOOKUP($B8,carga_horaria[],2,FALSE)*(HLOOKUP(D$3,'DIA UTEIS'!$B$4:$M$6,3,FALSE)+COUNTA('DIAS FRACIONADOS'!$B$6:$B$12)),IF(VLOOKUP($B8,quadro_de_func[#All],3,FALSE)="ESTAGIÁRIO",((VLOOKUP($B8,carga_horaria[],2,FALSE)*HLOOKUP(D$3,'DIA UTEIS'!$B$4:$M$6,3,FALSE))-(HLOOKUP($B8,'EST. PROVAS'!$B$3:$Z$4,2,FALSE)*(VLOOKUP($B8,carga_horaria[],2,FALSE)/2)))+HLOOKUP(HR_A_FAZER[[#Headers],[FEVEREIRO]],'DIAS FRACIONADOS'!$B$3:$Y$4,2,FALSE),(VLOOKUP($B8,carga_horaria[],2,FALSE)*(HLOOKUP(D$3,'DIA UTEIS'!$B$4:$M$6,3,FALSE)))+HLOOKUP(HR_A_FAZER[[#Headers],[FEVEREIRO]],'DIAS FRACIONADOS'!$B$3:$Y$4,2,FALSE))) -> 6.6666667 | E8: =IF(VLOOKUP($B8,quadro_de_func[#All],3,FALSE)="MENOR APRENDIZ",VLOOKUP($B8,carga_horaria[],2,FALSE)*(HLOOKUP(E$3,'DIA UTEIS'!$B$4:$M$6,3,FALSE)+COUNTA('DIAS FRACIONADOS'!$B$6:$B$12)),IF(VLOOKUP($B8,quadro_de_func[#All],3,FALSE)="ESTAGIÁRIO",((VLOOKUP($B8,carga_horaria[],2,FALSE)*HLOOKUP(E$3,'DIA UTEIS'!$B$4:$M$6,3,FALSE))-(HLOOKUP($B8,'EST. PROVAS'!$B$3:$Z$4,2,FALSE)*(VLOOKUP($B8,carga_horaria[],2,FALSE)/2)))+HLOOKUP(HR_A_FAZER[[#Headers],[MARÇO]],'DIAS FRACIONADOS'!$B$3:$Y$4,2,FALSE),(VLOOKUP($B8,carga_horaria[],2,FALSE)*(HLOOKUP(E$3,'DIA UTEIS'!$B$4:$M$6,3,FALSE)))+HLOOKUP(HR_A_FAZER[[#Headers],[MARÇO]],'DIAS FRACIONADOS'!$B$3:$Y$4,2,FALSE))) -> 6.25 | F8: =IF(VLOOKUP($B8,quadro_de_func[#All],3,FALSE)="MENOR APRENDIZ",VLOOKUP($B8,carga_horaria[],2,FALSE)*(HLOOKUP(F$3,'DIA UTEIS'!$B$4:$M$6,3,FALSE)+COUNTA('DIAS FRACIONADOS'!$B$6:$B$12)),IF(VLOOKUP($B8,quadro_de_func[#All],3,FALSE)="ESTAGIÁRIO",((VLOOKUP($B8,carga_horaria[],2,FALSE)*HLOOKUP(F$3,'DIA UTEIS'!$B$4:$M$6,3,FALSE))-(HLOOKUP($B8,'EST. PROVAS'!$B$3:$Z$4,2,FALSE)*(VLOOKUP($B8,carga_horaria[],2,FALSE)/2)))+HLOOKUP(HR_A_FAZER[[#Headers],[ABRIL]],'DIAS FRACIONADOS'!$B$3:$Y$4,2,FALSE),(VLOOKUP($B8,carga_horaria[],2,FALSE)*(HLOOKUP(F$3,'DIA UTEIS'!$B$4:$M$6,3,FALSE)))+HLOOKUP(HR_A_FAZER[[#Headers],[ABRIL]],'DIAS FRACIONADOS'!$B$3:$Y$4,2,FALSE))) -> 7 | G8: =IF(VLOOKUP($B8,quadro_de_func[#All],3,FALSE)="MENOR APRENDIZ",VLOOKUP($B8,carga_horaria[],2,FALSE)*(HLOOKUP(G$3,'DIA UTEIS'!$B$4:$M$6,3,FALSE)+COUNTA('DIAS FRACIONADOS'!$B$6:$B$12)),IF(VLOOKUP($B8,quadro_de_func[#All],3,FALSE)="ESTAGIÁRIO",((VLOOKUP($B8,carga_horaria[],2,FALSE)*HLOOKUP(G$3,'DIA UTEIS'!$B$4:$M$6,3,FALSE))-(HLOOKUP($B8,'EST. PROVAS'!$B$3:$Z$4,2,FALSE)*(VLOOKUP($B8,carga_horaria[],2,FALSE)/2)))+HLOOKUP(HR_A_FAZER[[#Headers],[MAIO]],'DIAS FRACIONADOS'!$B$3:$Y$4,2,FALSE),(VLOOKUP($B8,carga_horaria[],2,FALSE)*(HLOOKUP(G$3,'DIA UTEIS'!$B$4:$M$6,3,FALSE)))+HLOOKUP(HR_A_FAZER[[#Headers],[MAIO]],'DIAS FRACIONADOS'!$B$3:$Y$4,2,FALSE))) -> 7.3333333 | H8: =IF(VLOOKUP($B8,quadro_de_func[#All],3,FALSE)="MENOR APRENDIZ",VLOOKUP($B8,carga_horaria[],2,FALSE)*(HLOOKUP(H$3,'DIA UTEIS'!$B$4:$M$6,3,FALSE)+COUNTA('DIAS FRACIONADOS'!$B$6:$B$12)),IF(VLOOKUP($B8,quadro_de_func[#All],3,FALSE)="ESTAGIÁRIO",((VLOOKUP($B8,carga_horaria[],2,FALSE)*HLOOKUP(H$3,'DIA UTEIS'!$B$4:$M$6,3,FALSE))-(HLOOKUP($B8,'EST. PROVAS'!$B$3:$Z$4,2,FALSE)*(VLOOKUP($B8,carga_horaria[],2,FALSE)/2)))+HLOOKUP(HR_A_FAZER[[#Headers],[JUNHO]],'DIAS FRACIONADOS'!$B$3:$Y$4,2,FALSE),(VLOOKUP($B8,carga_horaria[],2,FALSE)*(HLOOKUP(H$3,'DIA UTEIS'!$B$4:$M$6,3,FALSE)))+HLOOKUP(HR_A_FAZER[[#Headers],[JUNHO]],'DIAS FRACIONADOS'!$B$3:$Y$4,2,FALSE))) -> 6.3333333 | I8: =IF(VLOOKUP($B8,quadro_de_func[#All],3,FALSE)="MENOR APRENDIZ",VLOOKUP($B8,carga_horaria[],2,FALSE)*(HLOOKUP(I$3,'DIA UTEIS'!$B$4:$M$6,3,FALSE)+COUNTA('DIAS FRACIONADOS'!$B$6:$B$12)),IF(VLOOKUP($B8,quadro_de_func[#All],3,FALSE)="ESTAGIÁRIO",((VLOOKUP($B8,carga_horaria[],2,FALSE)*HLOOKUP(I$3,'DIA UTEIS'!$B$4:$M$6,3,FALSE))-(HLOOKUP($B8,'EST. PROVAS'!$B$3:$Z$4,2,FALSE)*(VLOOKUP($B8,carga_horaria[],2,FALSE)/2)))+HLOOKUP(HR_A_FAZER[[#Headers],[JULHO]],'DIAS FRACIONADOS'!$B$3:$Y$4,2,FALSE),(VLOOKUP($B8,carga_horaria[],2,FALSE)*(HLOOKUP(I$3,'DIA UTEIS'!$B$4:$M$6,3,FALSE)))+HLOOKUP(HR_A_FAZER[[#Headers],[JULHO]],'DIAS FRACIONADOS'!$B$3:$Y$4,2,FALSE))) -> 7.3333333 | J8: =IF(VLOOKUP($B8,quadro_de_func[#All],3,FALSE)="MENOR APRENDIZ",VLOOKUP($B8,carga_horaria[],2,FALSE)*(HLOOKUP(J$3,'DIA UTEIS'!$B$4:$M$6,3,FALSE)+COUNTA('DIAS FRACIONADOS'!$B$6:$B$12)),IF(VLOOKUP($B8,quadro_de_func[#All],3,FALSE)="ESTAGIÁRIO",((VLOOKUP($B8,carga_horaria[],2,FALSE)*HLOOKUP(J$3,'DIA UTEIS'!$B$4:$M$6,3,FALSE))-(HLOOKUP($B8,'EST. PROVAS'!$B$3:$Z$4,2,FALSE)*(VLOOKUP($B8,carga_horaria[],2,FALSE)/2)))+HLOOKUP(HR_A_FAZER[[#Headers],[AGOSTO]],'DIAS FRACIONADOS'!$B$3:$Y$4,2,FALSE),(VLOOKUP($B8,carga_horaria[],2,FALSE)*(HLOOKUP(J$3,'DIA UTEIS'!$B$4:$M$6,3,FALSE)))+HLOOKUP(HR_A_FAZER[[#Headers],[AGOSTO]],'DIAS FRACIONADOS'!$B$3:$Y$4,2,FALSE))) -> 7.3333333 | K8: =IF(VLOOKUP($B8,quadro_de_func[#All],3,FALSE)="MENOR APRENDIZ",VLOOKUP($B8,carga_horaria[],2,FALSE)*(HLOOKUP(K$3,'DIA UTEIS'!$B$4:$M$6,3,FALSE)+COUNTA('DIAS FRACIONADOS'!$B$6:$B$12)),IF(VLOOKUP($B8,quadro_de_func[#All],3,FALSE)="ESTAGIÁRIO",((VLOOKUP($B8,carga_horaria[],2,FALSE)*HLOOKUP(K$3,'DIA UTEIS'!$B$4:$M$6,3,FALSE))-(HLOOKUP($B8,'EST. PROVAS'!$B$3:$Z$4,2,FALSE)*(VLOOKUP($B8,carga_horaria[],2,FALSE)/2)))+HLOOKUP(HR_A_FAZER[[#Headers],[SETEMBRO]],'DIAS FRACIONADOS'!$B$3:$Y$4,2,FALSE),(VLOOKUP($B8,carga_horaria[],2,FALSE)*(HLOOKUP(K$3,'DIA UTEIS'!$B$4:$M$6,3,FALSE)))+HLOOKUP(HR_A_FAZER[[#Headers],[SETEMBRO]],'DIAS FRACIONADOS'!$B$3:$Y$4,2,FALSE))) -> 6.6666667 | L8: =IF(VLOOKUP($B8,quadro_de_func[#All],3,FALSE)="MENOR APRENDIZ",VLOOKUP($B8,carga_horaria[],2,FALSE)*(HLOOKUP(L$3,'DIA UTEIS'!$B$4:$M$6,3,FALSE)+COUNTA('DIAS FRACIONADOS'!$B$6:$B$12)),IF(VLOOKUP($B8,quadro_de_func[#All],3,FALSE)="ESTAGIÁRIO",((VLOOKUP($B8,carga_horaria[],2,FALSE)*HLOOKUP(L$3,'DIA UTEIS'!$B$4:$M$6,3,FALSE))-(HLOOKUP($B8,'EST. PROVAS'!$B$3:$Z$4,2,FALSE)*(VLOOKUP($B8,carga_horaria[],2,FALSE)/2)))+HLOOKUP(HR_A_FAZER[[#Headers],[OUTUBRO]],'DIAS FRACIONADOS'!$B$3:$Y$4,2,FALSE),(VLOOKUP($B8,carga_horaria[],2,FALSE)*(HLOOKUP(L$3,'DIA UTEIS'!$B$4:$M$6,3,FALSE)))+HLOOKUP(HR_A_FAZER[[#Headers],[OUTUBRO]],'DIAS FRACIONADOS'!$B$3:$Y$4,2,FALSE))) -> 7.6666667 | M8: =IF(VLOOKUP($B8,quadro_de_func[#All],3,FALSE)="MENOR APRENDIZ",VLOOKUP($B8,carga_horaria[],2,FALSE)*(HLOOKUP(M$3,'DIA UTEIS'!$B$4:$M$6,3,FALSE)+COUNTA('DIAS FRACIONADOS'!$B$6:$B$12)),IF(VLOOKUP($B8,quadro_de_func[#All],3,FALSE)="ESTAGIÁRIO",((VLOOKUP($B8,carga_horaria[],2,FALSE)*HLOOKUP(M$3,'DIA UTEIS'!$B$4:$M$6,3,FALSE))-(HLOOKUP($B8,'EST. PROVAS'!$B$3:$Z$4,2,FALSE)*(VLOOKUP($B8,carga_horaria[],2,FALSE)/2)))+HLOOKUP(HR_A_FAZER[[#Headers],[NOVEMBRO]],'DIAS FRACIONADOS'!$B$3:$Y$4,2,FALSE),(VLOOKUP($B8,carga_horaria[],2,FALSE)*(HLOOKUP(M$3,'DIA UTEIS'!$B$4:$M$6,3,FALSE)))+HLOOKUP(HR_A_FAZER[[#Headers],[NOVEMBRO]],'DIAS FRACIONADOS'!$B$3:$Y$4,2,FALSE))) -> 6.6666667 | N8: =IF(VLOOKUP($B8,quadro_de_func[#All],3,FALSE)="MENOR APRENDIZ",VLOOKUP($B8,carga_horaria[],2,FALSE)*(HLOOKUP(N$3,'DIA UTEIS'!$B$4:$M$6,3,FALSE)+COUNTA('DIAS FRACIONADOS'!$B$6:$B$12)),IF(VLOOKUP($B8,quadro_de_func[#All],3,FALSE)="ESTAGIÁRIO",((VLOOKUP($B8,carga_horaria[],2,FALSE)*HLOOKUP(N$3,'DIA UTEIS'!$B$4:$M$6,3,FALSE))-(HLOOKUP($B8,'EST. PROVAS'!$B$3:$Z$4,2,FALSE)*(VLOOKUP($B8,carga_horaria[],2,FALSE)/2)))+HLOOKUP(HR_A_FAZER[[#Headers],[DEZEMBRO]],'DIAS FRACIONADOS'!$B$3:$Y$4,2,FALSE),(VLOOKUP($B8,carga_horaria[],2,FALSE)*(HLOOKUP(N$3,'DIA UTEIS'!$B$4:$M$6,3,FALSE)))+HLOOKUP(HR_A_FAZER[[#Headers],[DEZEMBRO]],'DIAS FRACIONADOS'!$B$3:$Y$4,2,FALSE))) -> 7
B9: =quadro_de_func[[#This Row],[NOME]] -> func 6 | C9: =IF(VLOOKUP($B9,quadro_de_func[#All],3,FALSE)="MENOR APRENDIZ",VLOOKUP($B9,carga_horaria[],2,FALSE)*(HLOOKUP(C$3,'DIA UTEIS'!$B$4:$M$6,3,FALSE)+COUNTA('DIAS FRACIONADOS'!$B$6:$B$12)),IF(VLOOKUP($B9,quadro_de_func[#All],3,FALSE)="ESTAGIÁRIO",((VLOOKUP($B9,carga_horaria[],2,FALSE)*HLOOKUP(C$3,'DIA UTEIS'!$B$4:$M$6,3,FALSE))-(HLOOKUP($B9,'EST. PROVAS'!$B$3:$Z$4,2,FALSE)*(VLOOKUP($B9,carga_horaria[],2,FALSE)/2)))+HLOOKUP(HR_A_FAZER[[#Headers],[JANEIRO]],'DIAS FRACIONADOS'!$B$3:$Y$4,2,FALSE),(VLOOKUP($B9,carga_horaria[],2,FALSE)*(HLOOKUP(C$3,'DIA UTEIS'!$B$4:$M$6,3,FALSE)))+HLOOKUP(HR_A_FAZER[[#Headers],[JANEIRO]],'DIAS FRACIONADOS'!$B$3:$Y$4,2,FALSE))) -> 5.4583333 | D9: =IF(VLOOKUP($B9,quadro_de_func[#All],3,FALSE)="MENOR APRENDIZ",VLOOKUP($B9,carga_horaria[],2,FALSE)*(HLOOKUP(D$3,'DIA UTEIS'!$B$4:$M$6,3,FALSE)+COUNTA('DIAS FRACIONADOS'!$B$6:$B$12)),IF(VLOOKUP($B9,quadro_de_func[#All],3,FALSE)="ESTAGIÁRIO",((VLOOKUP($B9,carga_horaria[],2,FALSE)*HLOOKUP(D$3,'DIA UTEIS'!$B$4:$M$6,3,FALSE))-(HLOOKUP($B9,'EST. PROVAS'!$B$3:$Z$4,2,FALSE)*(VLOOKUP($B9,carga_horaria[],2,FALSE)/2)))+HLOOKUP(HR_A_FAZER[[#Headers],[FEVEREIRO]],'DIAS FRACIONADOS'!$B$3:$Y$4,2,FALSE),(VLOOKUP($B9,carga_horaria[],2,FALSE)*(HLOOKUP(D$3,'DIA UTEIS'!$B$4:$M$6,3,FALSE)))+HLOOKUP(HR_A_FAZER[[#Headers],[FEVEREIRO]],'DIAS FRACIONADOS'!$B$3:$Y$4,2,FALSE))) -> 5 | E9: =IF(VLOOKUP($B9,quadro_de_func[#All],3,FALSE)="MENOR APRENDIZ",VLOOKUP($B9,carga_horaria[],2,FALSE)*(HLOOKUP(E$3,'DIA UTEIS'!$B$4:$M$6,3,FALSE)+COUNTA('DIAS FRACIONADOS'!$B$6:$B$12)),IF(VLOOKUP($B9,quadro_de_func[#All],3,FALSE)="ESTAGIÁRIO",((VLOOKUP($B9,carga_horaria[],2,FALSE)*HLOOKUP(E$3,'DIA UTEIS'!$B$4:$M$6,3,FALSE))-(HLOOKUP($B9,'EST. PROVAS'!$B$3:$Z$4,2,FALSE)*(VLOOKUP($B9,carga_horaria[],2,FALSE)/2)))+HLOOKUP(HR_A_FAZER[[#Headers],[MARÇO]],'DIAS FRACIONADOS'!$B$3:$Y$4,2,FALSE),(VLOOKUP($B9,carga_horaria[],2,FALSE)*(HLOOKUP(E$3,'DIA UTEIS'!$B$4:$M$6,3,FALSE)))+HLOOKUP(HR_A_FAZER[[#Headers],[MARÇO]],'DIAS FRACIONADOS'!$B$3:$Y$4,2,FALSE))) -> 4.75 | F9: =IF(VLOOKUP($B9,quadro_de_func[#All],3,FALSE)="MENOR APRENDIZ",VLOOKUP($B9,carga_horaria[],2,FALSE)*(HLOOKUP(F$3,'DIA UTEIS'!$B$4:$M$6,3,FALSE)+COUNTA('DIAS FRACIONADOS'!$B$6:$B$12)),IF(VLOOKUP($B9,quadro_de_func[#All],3,FALSE)="ESTAGIÁRIO",((VLOOKUP($B9,carga_horaria[],2,FALSE)*HLOOKUP(F$3,'DIA UTEIS'!$B$4:$M$6,3,FALSE))-(HLOOKUP($B9,'EST. PROVAS'!$B$3:$Z$4,2,FALSE)*(VLOOKUP($B9,carga_horaria[],2,FALSE)/2)))+HLOOKUP(HR_A_FAZER[[#Headers],[ABRIL]],'DIAS FRACIONADOS'!$B$3:$Y$4,2,FALSE),(VLOOKUP($B9,carga_horaria[],2,FALSE)*(HLOOKUP(F$3,'DIA UTEIS'!$B$4:$M$6,3,FALSE)))+HLOOKUP(HR_A_FAZER[[#Headers],[ABRIL]],'DIAS FRACIONADOS'!$B$3:$Y$4,2,FALSE))) -> 5.25 | G9: =IF(VLOOKUP($B9,quadro_de_func[#All],3,FALSE)="MENOR APRENDIZ",VLOOKUP($B9,carga_horaria[],2,FALSE)*(HLOOKUP(G$3,'DIA UTEIS'!$B$4:$M$6,3,FALSE)+COUNTA('DIAS FRACIONADOS'!$B$6:$B$12)),IF(VLOOKUP($B9,quadro_de_func[#All],3,FALSE)="ESTAGIÁRIO",((VLOOKUP($B9,carga_horaria[],2,FALSE)*HLOOKUP(G$3,'DIA UTEIS'!$B$4:$M$6,3,FALSE))-(HLOOKUP($B9,'EST. PROVAS'!$B$3:$Z$4,2,FALSE)*(VLOOKUP($B9,carga_horaria[],2,FALSE)/2)))+HLOOKUP(HR_A_FAZER[[#Headers],[MAIO]],'DIAS FRACIONADOS'!$B$3:$Y$4,2,FALSE),(VLOOKUP($B9,carga_horaria[],2,FALSE)*(HLOOKUP(G$3,'DIA UTEIS'!$B$4:$M$6,3,FALSE)))+HLOOKUP(HR_A_FAZER[[#Headers],[MAIO]],'DIAS FRACIONADOS'!$B$3:$Y$4,2,FALSE))) -> 5.5 | H9: =IF(VLOOKUP($B9,quadro_de_func[#All],3,FALSE)="MENOR APRENDIZ",VLOOKUP($B9,carga_horaria[],2,FALSE)*(HLOOKUP(H$3,'DIA UTEIS'!$B$4:$M$6,3,FALSE)+COUNTA('DIAS FRACIONADOS'!$B$6:$B$12)),IF(VLOOKUP($B9,quadro_de_func[#All],3,FALSE)="ESTAGIÁRIO",((VLOOKUP($B9,carga_horaria[],2,FALSE)*HLOOKUP(H$3,'DIA UTEIS'!$B$4:$M$6,3,FALSE))-(HLOOKUP($B9,'EST. PROVAS'!$B$3:$Z$4,2,FALSE)*(VLOOKUP($B9,carga_horaria[],2,FALSE)/2)))+HLOOKUP(HR_A_FAZER[[#Headers],[JUNHO]],'DIAS FRACIONADOS'!$B$3:$Y$4,2,FALSE),(VLOOKUP($B9,carga_horaria[],2,FALSE)*(HLOOKUP(H$3,'DIA UTEIS'!$B$4:$M$6,3,FALSE)))+HLOOKUP(HR_A_FAZER[[#Headers],[JUNHO]],'DIAS FRACIONADOS'!$B$3:$Y$4,2,FALSE))) -> 4.75 | I9: =IF(VLOOKUP($B9,quadro_de_func[#All],3,FALSE)="MENOR APRENDIZ",VLOOKUP($B9,carga_horaria[],2,FALSE)*(HLOOKUP(I$3,'DIA UTEIS'!$B$4:$M$6,3,FALSE)+COUNTA('DIAS FRACIONADOS'!$B$6:$B$12)),IF(VLOOKUP($B9,quadro_de_func[#All],3,FALSE)="ESTAGIÁRIO",((VLOOKUP($B9,carga_horaria[],2,FALSE)*HLOOKUP(I$3,'DIA UTEIS'!$B$4:$M$6,3,FALSE))-(HLOOKUP($B9,'EST. PROVAS'!$B$3:$Z$4,2,FALSE)*(VLOOKUP($B9,carga_horaria[],2,FALSE)/2)))+HLOOKUP(HR_A_FAZER[[#Headers],[JULHO]],'DIAS FRACIONADOS'!$B$3:$Y$4,2,FALSE),(VLOOKUP($B9,carga_horaria[],2,FALSE)*(HLOOKUP(I$3,'DIA UTEIS'!$B$4:$M$6,3,FALSE)))+HLOOKUP(HR_A_FAZER[[#Headers],[JULHO]],'DIAS FRACIONADOS'!$B$3:$Y$4,2,FALSE))) -> 5.5 | J9: =IF(VLOOKUP($B9,quadro_de_func[#All],3,FALSE)="MENOR APRENDIZ",VLOOKUP($B9,carga_horaria[],2,FALSE)*(HLOOKUP(J$3,'DIA UTEIS'!$B$4:$M$6,3,FALSE)+COUNTA('DIAS FRACIONADOS'!$B$6:$B$12)),IF(VLOOKUP($B9,quadro_de_func[#All],3,FALSE)="ESTAGIÁRIO",((VLOOKUP($B9,carga_horaria[],2,FALSE)*HLOOKUP(J$3,'DIA UTEIS'!$B$4:$M$6,3,FALSE))-(HLOOKUP($B9,'EST. PROVAS'!$B$3:$Z$4,2,FALSE)*(VLOOKUP($B9,carga_horaria[],2,FALSE)/2)))+HLOOKUP(HR_A_FAZER[[#Headers],[AGOSTO]],'DIAS FRACIONADOS'!$B$3:$Y$4,2,FALSE),(VLOOKUP($B9,carga_horaria[],2,FALSE)*(HLOOKUP(J$3,'DIA UTEIS'!$B$4:$M$6,3,FALSE)))+HLOOKUP(HR_A_FAZER[[#Headers],[AGOSTO]],'DIAS FRACIONADOS'!$B$3:$Y$4,2,FALSE))) -> 5.5 | K9: =IF(VLOOKUP($B9,quadro_de_func[#All],3,FALSE)="MENOR APRENDIZ",VLOOKUP($B9,carga_horaria[],2,FALSE)*(HLOOKUP(K$3,'DIA UTEIS'!$B$4:$M$6,3,FALSE)+COUNTA('DIAS FRACIONADOS'!$B$6:$B$12)),IF(VLOOKUP($B9,quadro_de_func[#All],3,FALSE)="ESTAGIÁRIO",((VLOOKUP($B9,carga_horaria[],2,FALSE)*HLOOKUP(K$3,'DIA UTEIS'!$B$4:$M$6,3,FALSE))-(HLOOKUP($B9,'EST. PROVAS'!$B$3:$Z$4,2,FALSE)*(VLOOKUP($B9,carga_horaria[],2,FALSE)/2)))+HLOOKUP(HR_A_FAZER[[#Headers],[SETEMBRO]],'DIAS FRACIONADOS'!$B$3:$Y$4,2,FALSE),(VLOOKUP($B9,carga_horaria[],2,FALSE)*(HLOOKUP(K$3,'DIA UTEIS'!$B$4:$M$6,3,FALSE)))+HLOOKUP(HR_A_FAZER[[#Headers],[SETEMBRO]],'DIAS FRACIONADOS'!$B$3:$Y$4,2,FALSE))) -> 5 | L9: =IF(VLOOKUP($B9,quadro_de_func[#All],3,FALSE)="MENOR APRENDIZ",VLOOKUP($B9,carga_horaria[],2,FALSE)*(HLOOKUP(L$3,'DIA UTEIS'!$B$4:$M$6,3,FALSE)+COUNTA('DIAS FRACIONADOS'!$B$6:$B$12)),IF(VLOOKUP($B9,quadro_de_func[#All],3,FALSE)="ESTAGIÁRIO",((VLOOKUP($B9,carga_horaria[],2,FALSE)*HLOOKUP(L$3,'DIA UTEIS'!$B$4:$M$6,3,FALSE))-(HLOOKUP($B9,'EST. PROVAS'!$B$3:$Z$4,2,FALSE)*(VLOOKUP($B9,carga_horaria[],2,FALSE)/2)))+HLOOKUP(HR_A_FAZER[[#Headers],[OUTUBRO]],'DIAS FRACIONADOS'!$B$3:$Y$4,2,FALSE),(VLOOKUP($B9,carga_horaria[],2,FALSE)*(HLOOKUP(L$3,'DIA UTEIS'!$B$4:$M$6,3,FALSE)))+HLOOKUP(HR_A_FAZER[[#Headers],[OUTUBRO]],'DIAS FRACIONADOS'!$B$3:$Y$4,2,FALSE))) -> 5.75 | M9: =IF(VLOOKUP($B9,quadro_de_func[#All],3,FALSE)="MENOR APRENDIZ",VLOOKUP($B9,carga_horaria[],2,FALSE)*(HLOOKUP(M$3,'DIA UTEIS'!$B$4:$M$6,3,FALSE)+COUNTA('DIAS FRACIONADOS'!$B$6:$B$12)),IF(VLOOKUP($B9,quadro_de_func[#All],3,FALSE)="ESTAGIÁRIO",((VLOOKUP($B9,carga_horaria[],2,FALSE)*HLOOKUP(M$3,'DIA UTEIS'!$B$4:$M$6,3,FALSE))-(HLOOKUP($B9,'EST. PROVAS'!$B$3:$Z$4,2,FALSE)*(VLOOKUP($B9,carga_horaria[],2,FALSE)/2)))+HLOOKUP(HR_A_FAZER[[#Headers],[NOVEMBRO]],'DIAS FRACIONADOS'!$B$3:$Y$4,2,FALSE),(VLOOKUP($B9,carga_horaria[],2,FALSE)*(HLOOKUP(M$3,'DIA UTEIS'!$B$4:$M$6,3,FALSE)))+HLOOKUP(HR_A_FAZER[[#Headers],[NOVEMBRO]],'DIAS FRACIONADOS'!$B$3:$Y$4,2,FALSE))) -> 5 | N9: =IF(VLOOKUP($B9,quadro_de_func[#All],3,FALSE)="MENOR APRENDIZ",VLOOKUP($B9,carga_horaria[],2,FALSE)*(HLOOKUP(N$3,'DIA UTEIS'!$B$4:$M$6,3,FALSE)+COUNTA('DIAS FRACIONADOS'!$B$6:$B$12)),IF(VLOOKUP($B9,quadro_de_func[#All],3,FALSE)="ESTAGIÁRIO",((VLOOKUP($B9,carga_horaria[],2,FALSE)*HLOOKUP(N$3,'DIA UTEIS'!$B$4:$M$6,3,FALSE))-(HLOOKUP($B9,'EST. PROVAS'!$B$3:$Z$4,2,FALSE)*(VLOOKUP($B9,carga_horaria[],2,FALSE)/2)))+HLOOKUP(HR_A_FAZER[[#Headers],[DEZEMBRO]],'DIAS FRACIONADOS'!$B$3:$Y$4,2,FALSE),(VLOOKUP($B9,carga_horaria[],2,FALSE)*(HLOOKUP(N$3,'DIA UTEIS'!$B$4:$M$6,3,FALSE)))+HLOOKUP(HR_A_FAZER[[#Headers],[DEZEMBRO]],'DIAS FRACIONADOS'!$B$3:$Y$4,2,FALSE))) -> 5.25
B10: =quadro_de_func[[#This Row],[NOME]] -> func 7 | C10: =IF(VLOOKUP($B10,quadro_de_func[#All],3,FALSE)="MENOR APRENDIZ",VLOOKUP($B10,carga_horaria[],2,FALSE)*(HLOOKUP(C$3,'DIA UTEIS'!$B$4:$M$6,3,FALSE)+COUNTA('DIAS FRACIONADOS'!$B$6:$B$12)),IF(VLOOKUP($B10,quadro_de_func[#All],3,FALSE)="ESTAGIÁRIO",((VLOOKUP($B10,carga_horaria[],2,FALSE)*HLOOKUP(C$3,'DIA UTEIS'!$B$4:$M$6,3,FALSE))-(HLOOKUP($B10,'EST. PROVAS'!$B$3:$Z$4,2,FALSE)*(VLOOKUP($B10,carga_horaria[],2,FALSE)/2)))+HLOOKUP(HR_A_FAZER[[#Headers],[JANEIRO]],'DIAS FRACIONADOS'!$B$3:$Y$4,2,FALSE),(VLOOKUP($B10,carga_horaria[],2,FALSE)*(HLOOKUP(C$3,'DIA UTEIS'!$B$4:$M$6,3,FALSE)))+HLOOKUP(HR_A_FAZER[[#Headers],[JANEIRO]],'DIAS FRACIONADOS'!$B$3:$Y$4,2,FALSE))) -> 7.2083333 | D10: =IF(VLOOKUP($B10,quadro_de_func[#All],3,FALSE)="MENOR APRENDIZ",VLOOKUP($B10,carga_horaria[],2,FALSE)*(HLOOKUP(D$3,'DIA UTEIS'!$B$4:$M$6,3,FALSE)+COUNTA('DIAS FRACIONADOS'!$B$6:$B$12)),IF(VLOOKUP($B10,quadro_de_func[#All],3,FALSE)="ESTAGIÁRIO",((VLOOKUP($B10,carga_horaria[],2,FALSE)*HLOOKUP(D$3,'DIA UTEIS'!$B$4:$M$6,3,FALSE))-(HLOOKUP($B10,'EST. PROVAS'!$B$3:$Z$4,2,FALSE)*(VLOOKUP($B10,carga_horaria[],2,FALSE)/2)))+HLOOKUP(HR_A_FAZER[[#Headers],[FEVEREIRO]],'DIAS FRACIONADOS'!$B$3:$Y$4,2,FALSE),(VLOOKUP($B10,carga_horaria[],2,FALSE)*(HLOOKUP(D$3,'DIA UTEIS'!$B$4:$M$6,3,FALSE)))+HLOOKUP(HR_A_FAZER[[#Headers],[FEVEREIRO]],'DIAS FRACIONADOS'!$B$3:$Y$4,2,FALSE))) -> 6.6666667 | E10: =IF(VLOOKUP($B10,quadro_de_func[#All],3,FALSE)="MENOR APRENDIZ",VLOOKUP($B10,carga_horaria[],2,FALSE)*(HLOOKUP(E$3,'DIA UTEIS'!$B$4:$M$6,3,FALSE)+COUNTA('DIAS FRACIONADOS'!$B$6:$B$12)),IF(VLOOKUP($B10,quadro_de_func[#All],3,FALSE)="ESTAGIÁRIO",((VLOOKUP($B10,carga_horaria[],2,FALSE)*HLOOKUP(E$3,'DIA UTEIS'!$B$4:$M$6,3,FALSE))-(HLOOKUP($B10,'EST. PROVAS'!$B$3:$Z$4,2,FALSE)*(VLOOKUP($B10,carga_horaria[],2,FALSE)/2)))+HLOOKUP(HR_A_FAZER[[#Headers],[MARÇO]],'DIAS FRACIONADOS'!$B$3:$Y$4,2,FALSE),(VLOOKUP($B10,carga_horaria[],2,FALSE)*(HLOOKUP(E$3,'DIA UTEIS'!$B$4:$M$6,3,FALSE)))+HLOOKUP(HR_A_FAZER[[#Headers],[MARÇO]],'DIAS FRACIONADOS'!$B$3:$Y$4,2,FALSE))) -> 6.25 | F10: =IF(VLOOKUP($B10,quadro_de_func[#All],3,FALSE)="MENOR APRENDIZ",VLOOKUP($B10,carga_horaria[],2,FALSE)*(HLOOKUP(F$3,'DIA UTEIS'!$B$4:$M$6,3,FALSE)+COUNTA('DIAS FRACIONADOS'!$B$6:$B$12)),IF(VLOOKUP($B10,quadro_de_func[#All],3,FALSE)="ESTAGIÁRIO",((VLOOKUP($B10,carga_horaria[],2,FALSE)*HLOOKUP(F$3,'DIA UTEIS'!$B$4:$M$6,3,FALSE))-(HLOOKUP($B10,'EST. PROVAS'!$B$3:$Z$4,2,FALSE)*(VLOOKUP($B10,carga_horaria[],2,FALSE)/2)))+HLOOKUP(HR_A_FAZER[[#Headers],[ABRIL]],'DIAS FRACIONADOS'!$B$3:$Y$4,2,FALSE),(VLOOKUP($B10,carga_horaria[],2,FALSE)*(HLOOKUP(F$3,'DIA UTEIS'!$B$4:$M$6,3,FALSE)))+HLOOKUP(HR_A_FAZER[[#Headers],[ABRIL]],'DIAS FRACIONADOS'!$B$3:$Y$4,2,FALSE))) -> 7 | G10: =IF(VLOOKUP($B10,quadro_de_func[#All],3,FALSE)="MENOR APRENDIZ",VLOOKUP($B10,carga_horaria[],2,FALSE)*(HLOOKUP(G$3,'DIA UTEIS'!$B$4:$M$6,3,FALSE)+COUNTA('DIAS FRACIONADOS'!$B$6:$B$12)),IF(VLOOKUP($B10,quadro_de_func[#All],3,FALSE)="ESTAGIÁRIO",((VLOOKUP($B10,carga_horaria[],2,FALSE)*HLOOKUP(G$3,'DIA UTEIS'!$B$4:$M$6,3,FALSE))-(HLOOKUP($B10,'EST. PROVAS'!$B$3:$Z$4,2,FALSE)*(VLOOKUP($B10,carga_horaria[],2,FALSE)/2)))+HLOOKUP(HR_A_FAZER[[#Headers],[MAIO]],'DIAS FRACIONADOS'!$B$3:$Y$4,2,FALSE),(VLOOKUP($B10,carga_horaria[],2,FALSE)*(HLOOKUP(G$3,'DIA UTEIS'!$B$4:$M$6,3,FALSE)))+HLOOKUP(HR_A_FAZER[[#Headers],[MAIO]],'DIAS FRACIONADOS'!$B$3:$Y$4,2,FALSE))) -> 7.3333333 | H10: =IF(VLOOKUP($B10,quadro_de_func[#All],3,FALSE)="MENOR APRENDIZ",VLOOKUP($B10,carga_horaria[],2,FALSE)*(HLOOKUP(H$3,'DIA UTEIS'!$B$4:$M$6,3,FALSE)+COUNTA('DIAS FRACIONADOS'!$B$6:$B$12)),IF(VLOOKUP($B10,quadro_de_func[#All],3,FALSE)="ESTAGIÁRIO",((VLOOKUP($B10,carga_horaria[],2,FALSE)*HLOOKUP(H$3,'DIA UTEIS'!$B$4:$M$6,3,FALSE))-(HLOOKUP($B10,'EST. PROVAS'!$B$3:$Z$4,2,FALSE)*(VLOOKUP($B10,carga_horaria[],2,FALSE)/2)))+HLOOKUP(HR_A_FAZER[[#Headers],[JUNHO]],'DIAS FRACIONADOS'!$B$3:$Y$4,2,FALSE),(VLOOKUP($B10,carga_horaria[],2,FALSE)*(HLOOKUP(H$3,'DIA UTEIS'!$B$4:$M$6,3,FALSE)))+HLOOKUP(HR_A_FAZER[[#Headers],[JUNHO]],'DIAS FRACIONADOS'!$B$3:$Y$4,2,FALSE))) -> 6.3333333 | I10: =IF(VLOOKUP($B10,quadro_de_func[#All],3,FALSE)="MENOR APRENDIZ",VLOOKUP($B10,carga_horaria[],2,FALSE)*(HLOOKUP(I$3,'DIA UTEIS'!$B$4:$M$6,3,FALSE)+COUNTA('DIAS FRACIONADOS'!$B$6:$B$12)),IF(VLOOKUP($B10,quadro_de_func[#All],3,FALSE)="ESTAGIÁRIO",((VLOOKUP($B10,carga_horaria[],2,FALSE)*HLOOKUP(I$3,'DIA UTEIS'!$B$4:$M$6,3,FALSE))-(HLOOKUP($B10,'EST. PROVAS'!$B$3:$Z$4,2,FALSE)*(VLOOKUP($B10,carga_horaria[],2,FALSE)/2)))+HLOOKUP(HR_A_FAZER[[#Headers],[JULHO]],'DIAS FRACIONADOS'!$B$3:$Y$4,2,FALSE),(VLOOKUP($B10,carga_horaria[],2,FALSE)*(HLOOKUP(I$3,'DIA UTEIS'!$B$4:$M$6,3,FALSE)))+HLOOKUP(HR_A_FAZER[[#Headers],[JULHO]],'DIAS FRACIONADOS'!$B$3:$Y$4,2,FALSE))) -> 7.3333333 | J10: =IF(VLOOKUP($B10,quadro_de_func[#All],3,FALSE)="MENOR APRENDIZ",VLOOKUP($B10,carga_horaria[],2,FALSE)*(HLOOKUP(J$3,'DIA UTEIS'!$B$4:$M$6,3,FALSE)+COUNTA('DIAS FRACIONADOS'!$B$6:$B$12)),IF(VLOOKUP($B10,quadro_de_func[#All],3,FALSE)="ESTAGIÁRIO",((VLOOKUP($B10,carga_horaria[],2,FALSE)*HLOOKUP(J$3,'DIA UTEIS'!$B$4:$M$6,3,FALSE))-(HLOOKUP($B10,'EST. PROVAS'!$B$3:$Z$4,2,FALSE)*(VLOOKUP($B10,carga_horaria[],2,FALSE)/2)))+HLOOKUP(HR_A_FAZER[[#Headers],[AGOSTO]],'DIAS FRACIONADOS'!$B$3:$Y$4,2,FALSE),(VLOOKUP($B10,carga_horaria[],2,FALSE)*(HLOOKUP(J$3,'DIA UTEIS'!$B$4:$M$6,3,FALSE)))+HLOOKUP(HR_A_FAZER[[#Headers],[AGOSTO]],'DIAS FRACIONADOS'!$B$3:$Y$4,2,FALSE))) -> 7.3333333 | K10: =IF(VLOOKUP($B10,quadro_de_func[#All],3,FALSE)="MENOR APRENDIZ",VLOOKUP($B10,carga_horaria[],2,FALSE)*(HLOOKUP(K$3,'DIA UTEIS'!$B$4:$M$6,3,FALSE)+COUNTA('DIAS FRACIONADOS'!$B$6:$B$12)),IF(VLOOKUP($B10,quadro_de_func[#All],3,FALSE)="ESTAGIÁRIO",((VLOOKUP($B10,carga_horaria[],2,FALSE)*HLOOKUP(K$3,'DIA UTEIS'!$B$4:$M$6,3,FALSE))-(HLOOKUP($B10,'EST. PROVAS'!$B$3:$Z$4,2,FALSE)*(VLOOKUP($B10,carga_horaria[],2,FALSE)/2)))+HLOOKUP(HR_A_FAZER[[#Headers],[SETEMBRO]],'DIAS FRACIONADOS'!$B$3:$Y$4,2,FALSE),(VLOOKUP($B10,carga_horaria[],2,FALSE)*(HLOOKUP(K$3,'DIA UTEIS'!$B$4:$M$6,3,FALSE)))+HLOOKUP(HR_A_FAZER[[#Headers],[SETEMBRO]],'DIAS FRACIONADOS'!$B$3:$Y$4,2,FALSE))) -> 6.6666667 | L10: =IF(VLOOKUP($B10,quadro_de_func[#All],3,FALSE)="MENOR APRENDIZ",VLOOKUP($B10,carga_horaria[],2,FALSE)*(HLOOKUP(L$3,'DIA UTEIS'!$B$4:$M$6,3,FALSE)+COUNTA('DIAS FRACIONADOS'!$B$6:$B$12)),IF(VLOOKUP($B10,quadro_de_func[#All],3,FALSE)="ESTAGIÁRIO",((VLOOKUP($B10,carga_horaria[],2,FALSE)*HLOOKUP(L$3,'DIA UTEIS'!$B$4:$M$6,3,FALSE))-(HLOOKUP($B10,'EST. PROVAS'!$B$3:$Z$4,2,FALSE)*(VLOOKUP($B10,carga_horaria[],2,FALSE)/2)))+HLOOKUP(HR_A_FAZER[[#Headers],[OUTUBRO]],'DIAS FRACIONADOS'!$B$3:$Y$4,2,FALSE),(VLOOKUP($B10,carga_horaria[],2,FALSE)*(HLOOKUP(L$3,'DIA UTEIS'!$B$4:$M$6,3,FALSE)))+HLOOKUP(HR_A_FAZER[[#Headers],[OUTUBRO]],'DIAS FRACIONADOS'!$B$3:$Y$4,2,FALSE))) -> 7.6666667 | M10: =IF(VLOOKUP($B10,quadro_de_func[#All],3,FALSE)="MENOR APRENDIZ",VLOOKUP($B10,carga_horaria[],2,FALSE)*(HLOOKUP(M$3,'DIA UTEIS'!$B$4:$M$6,3,FALSE)+COUNTA('DIAS FRACIONADOS'!$B$6:$B$12)),IF(VLOOKUP($B10,quadro_de_func[#All],3,FALSE)="ESTAGIÁRIO",((VLOOKUP($B10,carga_horaria[],2,FALSE)*HLOOKUP(M$3,'DIA UTEIS'!$B$4:$M$6,3,FALSE))-(HLOOKUP($B10,'EST. PROVAS'!$B$3:$Z$4,2,FALSE)*(VLOOKUP($B10,carga_horaria[],2,FALSE)/2)))+HLOOKUP(HR_A_FAZER[[#Headers],[NOVEMBRO]],'DIAS FRACIONADOS'!$B$3:$Y$4,2,FALSE),(VLOOKUP($B10,carga_horaria[],2,FALSE)*(HLOOKUP(M$3,'DIA UTEIS'!$B$4:$M$6,3,FALSE)))+HLOOKUP(HR_A_FAZER[[#Headers],[NOVEMBRO]],'DIAS FRACIONADOS'!$B$3:$Y$4,2,FALSE))) -> 6.6666667 | N10: =IF(VLOOKUP($B10,quadro_de_func[#All],3,FALSE)="MENOR APRENDIZ",VLOOKUP($B10,carga_horaria[],2,FALSE)*(HLOOKUP(N$3,'DIA UTEIS'!$B$4:$M$6,3,FALSE)+COUNTA('DIAS FRACIONADOS'!$B$6:$B$12)),IF(VLOOKUP($B10,quadro_de_func[#All],3,FALSE)="ESTAGIÁRIO",((VLOOKUP($B10,carga_horaria[],2,FALSE)*HLOOKUP(N$3,'DIA UTEIS'!$B$4:$M$6,3,FALSE))-(HLOOKUP($B10,'EST. PROVAS'!$B$3:$Z$4,2,FALSE)*(VLOOKUP($B10,carga_horaria[],2,FALSE)/2)))+HLOOKUP(HR_A_FAZER[[#Headers],[DEZEMBRO]],'DIAS FRACIONADOS'!$B$3:$Y$4,2,FALSE),(VLOOKUP($B10,carga_horaria[],2,FALSE)*(HLOOKUP(N$3,'DIA UTEIS'!$B$4:$M$6,3,FALSE)))+HLOOKUP(HR_A_FAZER[[#Headers],[DEZEMBRO]],'DIAS FRACIONADOS'!$B$3:$Y$4,2,FALSE))) -> 7
B11: =quadro_de_func[[#This Row],[NOME]] -> func 8 | C11: =IF(VLOOKUP($B11,quadro_de_func[#All],3,FALSE)="MENOR APRENDIZ",VLOOKUP($B11,carga_horaria[],2,FALSE)*(HLOOKUP(C$3,'DIA UTEIS'!$B$4:$M$6,3,FALSE)+COUNTA('DIAS FRACIONADOS'!$B$6:$B$12)),IF(VLOOKUP($B11,quadro_de_func[#All],3,FALSE)="ESTAGIÁRIO",((VLOOKUP($B11,carga_horaria[],2,FALSE)*HLOOKUP(C$3,'DIA UTEIS'!$B$4:$M$6,3,FALSE))-(HLOOKUP($B11,'EST. PROVAS'!$B$3:$Z$4,2,FALSE)*(VLOOKUP($B11,carga_horaria[],2,FALSE)/2)))+HLOOKUP(HR_A_FAZER[[#Headers],[JANEIRO]],'DIAS FRACIONADOS'!$B$3:$Y$4,2,FALSE),(VLOOKUP($B11,carga_horaria[],2,FALSE)*(HLOOKUP(C$3,'DIA UTEIS'!$B$4:$M$6,3,FALSE)))+HLOOKUP(HR_A_FAZER[[#Headers],[JANEIRO]],'DIAS FRACIONADOS'!$B$3:$Y$4,2,FALSE))) -> 7.2083333 | D11: =IF(VLOOKUP($B11,quadro_de_func[#All],3,FALSE)="MENOR APRENDIZ",VLOOKUP($B11,carga_horaria[],2,FALSE)*(HLOOKUP(D$3,'DIA UTEIS'!$B$4:$M$6,3,FALSE)+COUNTA('DIAS FRACIONADOS'!$B$6:$B$12)),IF(VLOOKUP($B11,quadro_de_func[#All],3,FALSE)="ESTAGIÁRIO",((VLOOKUP($B11,carga_horaria[],2,FALSE)*HLOOKUP(D$3,'DIA UTEIS'!$B$4:$M$6,3,FALSE))-(HLOOKUP($B11,'EST. PROVAS'!$B$3:$Z$4,2,FALSE)*(VLOOKUP($B11,carga_horaria[],2,FALSE)/2)))+HLOOKUP(HR_A_FAZER[[#Headers],[FEVEREIRO]],'DIAS FRACIONADOS'!$B$3:$Y$4,2,FALSE),(VLOOKUP($B11,carga_horaria[],2,FALSE)*(HLOOKUP(D$3,'DIA UTEIS'!$B$4:$M$6,3,FALSE)))+HLOOKUP(HR_A_FAZER[[#Headers],[FEVEREIRO]],'DIAS FRACIONADOS'!$B$3:$Y$4,2,FALSE))) -> 6.6666667 | E11: =IF(VLOOKUP($B11,quadro_de_func[#All],3,FALSE)="MENOR APRENDIZ",VLOOKUP($B11,carga_horaria[],2,FALSE)*(HLOOKUP(E$3,'DIA UTEIS'!$B$4:$M$6,3,FALSE)+COUNTA('DIAS FRACIONADOS'!$B$6:$B$12)),IF(VLOOKUP($B11,quadro_de_func[#All],3,FALSE)="ESTAGIÁRIO",((VLOOKUP($B11,carga_horaria[],2,FALSE)*HLOOKUP(E$3,'DIA UTEIS'!$B$4:$M$6,3,FALSE))-(HLOOKUP($B11,'EST. PROVAS'!$B$3:$Z$4,2,FALSE)*(VLOOKUP($B11,carga_horaria[],2,FALSE)/2)))+HLOOKUP(HR_A_FAZER[[#Headers],[MARÇO]],'DIAS FRACIONADOS'!$B$3:$Y$4,2,FALSE),(VLOOKUP($B11,carga_horaria[],2,FALSE)*(HLOOKUP(E$3,'DIA UTEIS'!$B$4:$M$6,3,FALSE)))+HLOOKUP(HR_A_FAZER[[#Headers],[MARÇO]],'DIAS FRACIONADOS'!$B$3:$Y$4,2,FALSE))) -> 6.25 | F11: =IF(VLOOKUP($B11,quadro_de_func[#All],3,FALSE)="MENOR APRENDIZ",VLOOKUP($B11,carga_horaria[],2,FALSE)*(HLOOKUP(F$3,'DIA UTEIS'!$B$4:$M$6,3,FALSE)+COUNTA('DIAS FRACIONADOS'!$B$6:$B$12)),IF(VLOOKUP($B11,quadro_de_func[#All],3,FALSE)="ESTAGIÁRIO",((VLOOKUP($B11,carga_horaria[],2,FALSE)*HLOOKUP(F$3,'DIA UTEIS'!$B$4:$M$6,3,FALSE))-(HLOOKUP($B11,'EST. PROVAS'!$B$3:$Z$4,2,FALSE)*(VLOOKUP($B11,carga_horaria[],2,FALSE)/2)))+HLOOKUP(HR_A_FAZER[[#Headers],[ABRIL]],'DIAS FRACIONADOS'!$B$3:$Y$4,2,FALSE),(VLOOKUP($B11,carga_horaria[],2,FALSE)*(HLOOKUP(F$3,'DIA UTEIS'!$B$4:$M$6,3,FALSE)))+HLOOKUP(HR_A_FAZER[[#Headers],[ABRIL]],'DIAS FRACIONADOS'!$B$3:$Y$4,2,FALSE))) -> 7 | G11: =IF(VLOOKUP($B11,quadro_de_func[#All],3,FALSE)="MENOR APRENDIZ",VLOOKUP($B11,carga_horaria[],2,FALSE)*(HLOOKUP(G$3,'DIA UTEIS'!$B$4:$M$6,3,FALSE)+COUNTA('DIAS FRACIONADOS'!$B$6:$B$12)),IF(VLOOKUP($B11,quadro_de_func[#All],3,FALSE)="ESTAGIÁRIO",((VLOOKUP($B11,carga_horaria[],2,FALSE)*HLOOKUP(G$3,'DIA UTEIS'!$B$4:$M$6,3,FALSE))-(HLOOKUP($B11,'EST. PROVAS'!$B$3:$Z$4,2,FALSE)*(VLOOKUP($B11,carga_horaria[],2,FALSE)/2)))+HLOOKUP(HR_A_FAZER[[#Headers],[MAIO]],'DIAS FRACIONADOS'!$B$3:$Y$4,2,FALSE),(VLOOKUP($B11,carga_horaria[],2,FALSE)*(HLOOKUP(G$3,'DIA UTEIS'!$B$4:$M$6,3,FALSE)))+HLOOKUP(HR_A_FAZER[[#Headers],[MAIO]],'DIAS FRACIONADOS'!$B$3:$Y$4,2,FALSE))) -> 7.3333333 | H11: =IF(VLOOKUP($B11,quadro_de_func[#All],3,FALSE)="MENOR APRENDIZ",VLOOKUP($B11,carga_horaria[],2,FALSE)*(HLOOKUP(H$3,'DIA UTEIS'!$B$4:$M$6,3,FALSE)+COUNTA('DIAS FRACIONADOS'!$B$6:$B$12)),IF(VLOOKUP($B11,quadro_de_func[#All],3,FALSE)="ESTAGIÁRIO",((VLOOKUP($B11,carga_horaria[],2,FALSE)*HLOOKUP(H$3,'DIA UTEIS'!$B$4:$M$6,3,FALSE))-(HLOOKUP($B11,'EST. PROVAS'!$B$3:$Z$4,2,FALSE)*(VLOOKUP($B11,carga_horaria[],2,FALSE)/2)))+HLOOKUP(HR_A_FAZER[[#Headers],[JUNHO]],'DIAS FRACIONADOS'!$B$3:$Y$4,2,FALSE),(VLOOKUP($B11,carga_horaria[],2,FALSE)*(HLOOKUP(H$3,'DIA UTEIS'!$B$4:$M$6,3,FALSE)))+HLOOKUP(HR_A_FAZER[[#Headers],[JUNHO]],'DIAS FRACIONADOS'!$B$3:$Y$4,2,FALSE))) -> 6.3333333 | I11: =IF(VLOOKUP($B11,quadro_de_func[#All],3,FALSE)="MENOR APRENDIZ",VLOOKUP($B11,carga_horaria[],2,FALSE)*(HLOOKUP(I$3,'DIA UTEIS'!$B$4:$M$6,3,FALSE)+COUNTA('DIAS FRACIONADOS'!$B$6:$B$12)),IF(VLOOKUP($B11,quadro_de_func[#All],3,FALSE)="ESTAGIÁRIO",((VLOOKUP($B11,carga_horaria[],2,FALSE)*HLOOKUP(I$3,'DIA UTEIS'!$B$4:$M$6,3,FALSE))-(HLOOKUP($B11,'EST. PROVAS'!$B$3:$Z$4,2,FALSE)*(VLOOKUP($B11,carga_horaria[],2,FALSE)/2)))+HLOOKUP(HR_A_FAZER[[#Headers],[JULHO]],'DIAS FRACIONADOS'!$B$3:$Y$4,2,FALSE),(VLOOKUP($B11,carga_horaria[],2,FALSE)*(HLOOKUP(I$3,'DIA UTEIS'!$B$4:$M$6,3,FALSE)))+HLOOKUP(HR_A_FAZER[[#Headers],[JULHO]],'DIAS FRACIONADOS'!$B$3:$Y$4,2,FALSE))) -> 7.3333333 | J11: =IF(VLOOKUP($B11,quadro_de_func[#All],3,FALSE)="MENOR APRENDIZ",VLOOKUP($B11,carga_horaria[],2,FALSE)*(HLOOKUP(J$3,'DIA UTEIS'!$B$4:$M$6,3,FALSE)+COUNTA('DIAS FRACIONADOS'!$B$6:$B$12)),IF(VLOOKUP($B11,quadro_de_func[#All],3,FALSE)="ESTAGIÁRIO",((VLOOKUP($B11,carga_horaria[],2,FALSE)*HLOOKUP(J$3,'DIA UTEIS'!$B$4:$M$6,3,FALSE))-(HLOOKUP($B11,'EST. PROVAS'!$B$3:$Z$4,2,FALSE)*(VLOOKUP($B11,carga_horaria[],2,FALSE)/2)))+HLOOKUP(HR_A_FAZER[[#Headers],[AGOSTO]],'DIAS FRACIONADOS'!$B$3:$Y$4,2,FALSE),(VLOOKUP($B11,carga_horaria[],2,FALSE)*(HLOOKUP(J$3,'DIA UTEIS'!$B$4:$M$6,3,FALSE)))+HLOOKUP(HR_A_FAZER[[#Headers],[AGOSTO]],'DIAS FRACIONADOS'!$B$3:$Y$4,2,FALSE))) -> 7.3333333 | K11: =IF(VLOOKUP($B11,quadro_de_func[#All],3,FALSE)="MENOR APRENDIZ",VLOOKUP($B11,carga_horaria[],2,FALSE)*(HLOOKUP(K$3,'DIA UTEIS'!$B$4:$M$6,3,FALSE)+COUNTA('DIAS FRACIONADOS'!$B$6:$B$12)),IF(VLOOKUP($B11,quadro_de_func[#All],3,FALSE)="ESTAGIÁRIO",((VLOOKUP($B11,carga_horaria[],2,FALSE)*HLOOKUP(K$3,'DIA UTEIS'!$B$4:$M$6,3,FALSE))-(HLOOKUP($B11,'EST. PROVAS'!$B$3:$Z$4,2,FALSE)*(VLOOKUP($B11,carga_horaria[],2,FALSE)/2)))+HLOOKUP(HR_A_FAZER[[#Headers],[SETEMBRO]],'DIAS FRACIONADOS'!$B$3:$Y$4,2,FALSE),(VLOOKUP($B11,carga_horaria[],2,FALSE)*(HLOOKUP(K$3,'DIA UTEIS'!$B$4:$M$6,3,FALSE)))+HLOOKUP(HR_A_FAZER[[#Headers],[SETEMBRO]],'DIAS FRACIONADOS'!$B$3:$Y$4,2,FALSE))) -> 6.6666667 | L11: =IF(VLOOKUP($B11,quadro_de_func[#All],3,FALSE)="MENOR APRENDIZ",VLOOKUP($B11,carga_horaria[],2,FALSE)*(HLOOKUP(L$3,'DIA UTEIS'!$B$4:$M$6,3,FALSE)+COUNTA('DIAS FRACIONADOS'!$B$6:$B$12)),IF(VLOOKUP($B11,quadro_de_func[#All],3,FALSE)="ESTAGIÁRIO",((VLOOKUP($B11,carga_horaria[],2,FALSE)*HLOOKUP(L$3,'DIA UTEIS'!$B$4:$M$6,3,FALSE))-(HLOOKUP($B11,'EST. PROVAS'!$B$3:$Z$4,2,FALSE)*(VLOOKUP($B11,carga_horaria[],2,FALSE)/2)))+HLOOKUP(HR_A_FAZER[[#Headers],[OUTUBRO]],'DIAS FRACIONADOS'!$B$3:$Y$4,2,FALSE),(VLOOKUP($B11,carga_horaria[],2,FALSE)*(HLOOKUP(L$3,'DIA UTEIS'!$B$4:$M$6,3,FALSE)))+HLOOKUP(HR_A_FAZER[[#Headers],[OUTUBRO]],'DIAS FRACIONADOS'!$B$3:$Y$4,2,FALSE))) -> 7.6666667 | M11: =IF(VLOOKUP($B11,quadro_de_func[#All],3,FALSE)="MENOR APRENDIZ",VLOOKUP($B11,carga_horaria[],2,FALSE)*(HLOOKUP(M$3,'DIA UTEIS'!$B$4:$M$6,3,FALSE)+COUNTA('DIAS FRACIONADOS'!$B$6:$B$12)),IF(VLOOKUP($B11,quadro_de_func[#All],3,FALSE)="ESTAGIÁRIO",((VLOOKUP($B11,carga_horaria[],2,FALSE)*HLOOKUP(M$3,'DIA UTEIS'!$B$4:$M$6,3,FALSE))-(HLOOKUP($B11,'EST. PROVAS'!$B$3:$Z$4,2,FALSE)*(VLOOKUP($B11,carga_horaria[],2,FALSE)/2)))+HLOOKUP(HR_A_FAZER[[#Headers],[NOVEMBRO]],'DIAS FRACIONADOS'!$B$3:$Y$4,2,FALSE),(VLOOKUP($B11,carga_horaria[],2,FALSE)*(HLOOKUP(M$3,'DIA UTEIS'!$B$4:$M$6,3,FALSE)))+HLOOKUP(HR_A_FAZER[[#Headers],[NOVEMBRO]],'DIAS FRACIONADOS'!$B$3:$Y$4,2,FALSE))) -> 6.6666667 | N11: =IF(VLOOKUP($B11,quadro_de_func[#All],3,FALSE)="MENOR APRENDIZ",VLOOKUP($B11,carga_horaria[],2,FALSE)*(HLOOKUP(N$3,'DIA UTEIS'!$B$4:$M$6,3,FALSE)+COUNTA('DIAS FRACIONADOS'!$B$6:$B$12)),IF(VLOOKUP($B11,quadro_de_func[#All],3,FALSE)="ESTAGIÁRIO",((VLOOKUP($B11,carga_horaria[],2,FALSE)*HLOOKUP(N$3,'DIA UTEIS'!$B$4:$M$6,3,FALSE))-(HLOOKUP($B11,'EST. PROVAS'!$B$3:$Z$4,2,FALSE)*(VLOOKUP($B11,carga_horaria[],2,FALSE)/2)))+HLOOKUP(HR_A_FAZER[[#Headers],[DEZEMBRO]],'DIAS FRACIONADOS'!$B$3:$Y$4,2,FALSE),(VLOOKUP($B11,carga_horaria[],2,FALSE)*(HLOOKUP(N$3,'DIA UTEIS'!$B$4:$M$6,3,FALSE)))+HLOOKUP(HR_A_FAZER[[#Headers],[DEZEMBRO]],'DIAS FRACIONADOS'!$B$3:$Y$4,2,FALSE))) -> 7
B12: =quadro_de_func[[#This Row],[NOME]] -> func 9 | C12: =IF(VLOOKUP($B12,quadro_de_func[#All],3,FALSE)="MENOR APRENDIZ",VLOOKUP($B12,carga_horaria[],2,FALSE)*(HLOOKUP(C$3,'DIA UTEIS'!$B$4:$M$6,3,FALSE)+COUNTA('DIAS FRACIONADOS'!$B$6:$B$12)),IF(VLOOKUP($B12,quadro_de_func[#All],3,FALSE)="ESTAGIÁRIO",((VLOOKUP($B12,carga_horaria[],2,FALSE)*HLOOKUP(C$3,'DIA UTEIS'!$B$4:$M$6,3,FALSE))-(HLOOKUP($B12,'EST. PROVAS'!$B$3:$Z$4,2,FALSE)*(VLOOKUP($B12,carga_horaria[],2,FALSE)/2)))+HLOOKUP(HR_A_FAZER[[#Headers],[JANEIRO]],'DIAS FRACIONADOS'!$B$3:$Y$4,2,FALSE),(VLOOKUP($B12,carga_horaria[],2,FALSE)*(HLOOKUP(C$3,'DIA UTEIS'!$B$4:$M$6,3,FALSE)))+HLOOKUP(HR_A_FAZER[[#Headers],[JANEIRO]],'DIAS FRACIONADOS'!$B$3:$Y$4,2,FALSE))) -> 7.2083333 | D12: =IF(VLOOKUP($B12,quadro_de_func[#All],3,FALSE)="MENOR APRENDIZ",VLOOKUP($B12,carga_horaria[],2,FALSE)*(HLOOKUP(D$3,'DIA UTEIS'!$B$4:$M$6,3,FALSE)+COUNTA('DIAS FRACIONADOS'!$B$6:$B$12)),IF(VLOOKUP($B12,quadro_de_func[#All],3,FALSE)="ESTAGIÁRIO",((VLOOKUP($B12,carga_horaria[],2,FALSE)*HLOOKUP(D$3,'DIA UTEIS'!$B$4:$M$6,3,FALSE))-(HLOOKUP($B12,'EST. PROVAS'!$B$3:$Z$4,2,FALSE)*(VLOOKUP($B12,carga_horaria[],2,FALSE)/2)))+HLOOKUP(HR_A_FAZER[[#Headers],[FEVEREIRO]],'DIAS FRACIONADOS'!$B$3:$Y$4,2,FALSE),(VLOOKUP($B12,carga_horaria[],2,FALSE)*(HLOOKUP(D$3,'DIA UTEIS'!$B$4:$M$6,3,FALSE)))+HLOOKUP(HR_A_FAZER[[#Headers],[FEVEREIRO]],'DIAS FRACIONADOS'!$B$3:$Y$4,2,FALSE))) -> 6.6666667 | E12: =IF(VLOOKUP($B12,quadro_de_func[#All],3,FALSE)="MENOR APRENDIZ",VLOOKUP($B12,carga_horaria[],2,FALSE)*(HLOOKUP(E$3,'DIA UTEIS'!$B$4:$M$6,3,FALSE)+COUNTA('DIAS FRACIONADOS'!$B$6:$B$12)),IF(VLOOKUP($B12,quadro_de_func[#All],3,FALSE)="ESTAGIÁRIO",((VLOOKUP($B12,carga_horaria[],2,FALSE)*HLOOKUP(E$3,'DIA UTEIS'!$B$4:$M$6,3,FALSE))-(HLOOKUP($B12,'EST. PROVAS'!$B$3:$Z$4,2,FALSE)*(VLOOKUP($B12,carga_horaria[],2,FALSE)/2)))+HLOOKUP(HR_A_FAZER[[#Headers],[MARÇO]],'DIAS FRACIONADOS'!$B$3:$Y$4,2,FALSE),(VLOOKUP($B12,carga_horaria[],2,FALSE)*(HLOOKUP(E$3,'DIA UTEIS'!$B$4:$M$6,3,FALSE)))+HLOOKUP(HR_A_FAZER[[#Headers],[MARÇO]],'DIAS FRACIONADOS'!$B$3:$Y$4,2,FALSE))) -> 6.25 | F12: =IF(VLOOKUP($B12,quadro_de_func[#All],3,FALSE)="MENOR APRENDIZ",VLOOKUP($B12,carga_horaria[],2,FALSE)*(HLOOKUP(F$3,'DIA UTEIS'!$B$4:$M$6,3,FALSE)+COUNTA('DIAS FRACIONADOS'!$B$6:$B$12)),IF(VLOOKUP($B12,quadro_de_func[#All],3,FALSE)="ESTAGIÁRIO",((VLOOKUP($B12,carga_horaria[],2,FALSE)*HLOOKUP(F$3,'DIA UTEIS'!$B$4:$M$6,3,FALSE))-(HLOOKUP($B12,'EST. PROVAS'!$B$3:$Z$4,2,FALSE)*(VLOOKUP($B12,carga_horaria[],2,FALSE)/2)))+HLOOKUP(HR_A_FAZER[[#Headers],[ABRIL]],'DIAS FRACIONADOS'!$B$3:$Y$4,2,FALSE),(VLOOKUP($B12,carga_horaria[],2,FALSE)*(HLOOKUP(F$3,'DIA UTEIS'!$B$4:$M$6,3,FALSE)))+HLOOKUP(HR_A_FAZER[[#Headers],[ABRIL]],'DIAS FRACIONADOS'!$B$3:$Y$4,2,FALSE))) -> 7 | G12: =IF(VLOOKUP($B12,quadro_de_func[#All],3,FALSE)="MENOR APRENDIZ",VLOOKUP($B12,carga_horaria[],2,FALSE)*(HLOOKUP(G$3,'DIA UTEIS'!$B$4:$M$6,3,FALSE)+COUNTA('DIAS FRACIONADOS'!$B$6:$B$12)),IF(VLOOKUP($B12,quadro_de_func[#All],3,FALSE)="ESTAGIÁRIO",((VLOOKUP($B12,carga_horaria[],2,FALSE)*HLOOKUP(G$3,'DIA UTEIS'!$B$4:$M$6,3,FALSE))-(HLOOKUP($B12,'EST. PROVAS'!$B$3:$Z$4,2,FALSE)*(VLOOKUP($B12,carga_horaria[],2,FALSE)/2)))+HLOOKUP(HR_A_FAZER[[#Headers],[MAIO]],'DIAS FRACIONADOS'!$B$3:$Y$4,2,FALSE),(VLOOKUP($B12,carga_horaria[],2,FALSE)*(HLOOKUP(G$3,'DIA UTEIS'!$B$4:$M$6,3,FALSE)))+HLOOKUP(HR_A_FAZER[[#Headers],[MAIO]],'DIAS FRACIONADOS'!$B$3:$Y$4,2,FALSE))) -> 7.3333333 | H12: =IF(VLOOKUP($B12,quadro_de_func[#All],3,FALSE)="MENOR APRENDIZ",VLOOKUP($B12,carga_horaria[],2,FALSE)*(HLOOKUP(H$3,'DIA UTEIS'!$B$4:$M$6,3,FALSE)+COUNTA('DIAS FRACIONADOS'!$B$6:$B$12)),IF(VLOOKUP($B12,quadro_de_func[#All],3,FALSE)="ESTAGIÁRIO",((VLOOKUP($B12,carga_horaria[],2,FALSE)*HLOOKUP(H$3,'DIA UTEIS'!$B$4:$M$6,3,FALSE))-(HLOOKUP($B12,'EST. PROVAS'!$B$3:$Z$4,2,FALSE)*(VLOOKUP($B12,carga_horaria[],2,FALSE)/2)))+HLOOKUP(HR_A_FAZER[[#Headers],[JUNHO]],'DIAS FRACIONADOS'!$B$3:$Y$4,2,FALSE),(VLOOKUP($B12,carga_horaria[],2,FALSE)*(HLOOKUP(H$3,'DIA UTEIS'!$B$4:$M$6,3,FALSE)))+HLOOKUP(HR_A_FAZER[[#Headers],[JUNHO]],'DIAS FRACIONADOS'!$B$3:$Y$4,2,FALSE))) -> 6.3333333 | I12: =IF(VLOOKUP($B12,quadro_de_func[#All],3,FALSE)="MENOR APRENDIZ",VLOOKUP($B12,carga_horaria[],2,FALSE)*(HLOOKUP(I$3,'DIA UTEIS'!$B$4:$M$6,3,FALSE)+COUNTA('DIAS FRACIONADOS'!$B$6:$B$12)),IF(VLOOKUP($B12,quadro_de_func[#All],3,FALSE)="ESTAGIÁRIO",((VLOOKUP($B12,carga_horaria[],2,FALSE)*HLOOKUP(I$3,'DIA UTEIS'!$B$4:$M$6,3,FALSE))-(HLOOKUP($B12,'EST. PROVAS'!$B$3:$Z$4,2,FALSE)*(VLOOKUP($B12,carga_horaria[],2,FALSE)/2)))+HLOOKUP(HR_A_FAZER[[#Headers],[JULHO]],'DIAS FRACIONADOS'!$B$3:$Y$4,2,FALSE),(VLOOKUP($B12,carga_horaria[],2,FALSE)*(HLOOKUP(I$3,'DIA UTEIS'!$B$4:$M$6,3,FALSE)))+HLOOKUP(HR_A_FAZER[[#Headers],[JULHO]],'DIAS FRACIONADOS'!$B$3:$Y$4,2,FALSE))) -> 7.3333333 | J12: =IF(VLOOKUP($B12,quadro_de_func[#All],3,FALSE)="MENOR APRENDIZ",VLOOKUP($B12,carga_horaria[],2,FALSE)*(HLOOKUP(J$3,'DIA UTEIS'!$B$4:$M$6,3,FALSE)+COUNTA('DIAS FRACIONADOS'!$B$6:$B$12)),IF(VLOOKUP($B12,quadro_de_func[#All],3,FALSE)="ESTAGIÁRIO",((VLOOKUP($B12,carga_horaria[],2,FALSE)*HLOOKUP(J$3,'DIA UTEIS'!$B$4:$M$6,3,FALSE))-(HLOOKUP($B12,'EST. PROVAS'!$B$3:$Z$4,2,FALSE)*(VLOOKUP($B12,carga_horaria[],2,FALSE)/2)))+HLOOKUP(HR_A_FAZER[[#Headers],[AGOSTO]],'DIAS FRACIONADOS'!$B$3:$Y$4,2,FALSE),(VLOOKUP($B12,carga_horaria[],2,FALSE)*(HLOOKUP(J$3,'DIA UTEIS'!$B$4:$M$6,3,FALSE)))+HLOOKUP(HR_A_FAZER[[#Headers],[AGOSTO]],'DIAS FRACIONADOS'!$B$3:$Y$4,2,FALSE))) -> 7.3333333 | K12: =IF(VLOOKUP($B12,quadro_de_func[#All],3,FALSE)="MENOR APRENDIZ",VLOOKUP($B12,carga_horaria[],2,FALSE)*(HLOOKUP(K$3,'DIA UTEIS'!$B$4:$M$6,3,FALSE)+COUNTA('DIAS FRACIONADOS'!$B$6:$B$12)),IF(VLOOKUP($B12,quadro_de_func[#All],3,FALSE)="ESTAGIÁRIO",((VLOOKUP($B12,carga_horaria[],2,FALSE)*HLOOKUP(K$3,'DIA UTEIS'!$B$4:$M$6,3,FALSE))-(HLOOKUP($B12,'EST. PROVAS'!$B$3:$Z$4,2,FALSE)*(VLOOKUP($B12,carga_horaria[],2,FALSE)/2)))+HLOOKUP(HR_A_FAZER[[#Headers],[SETEMBRO]],'DIAS FRACIONADOS'!$B$3:$Y$4,2,FALSE),(VLOOKUP($B12,carga_horaria[],2,FALSE)*(HLOOKUP(K$3,'DIA UTEIS'!$B$4:$M$6,3,FALSE)))+HLOOKUP(HR_A_FAZER[[#Headers],[SETEMBRO]],'DIAS FRACIONADOS'!$B$3:$Y$4,2,FALSE))) -> 6.6666667 | L12: =IF(VLOOKUP($B12,quadro_de_func[#All],3,FALSE)="MENOR APRENDIZ",VLOOKUP($B12,carga_horaria[],2,FALSE)*(HLOOKUP(L$3,'DIA UTEIS'!$B$4:$M$6,3,FALSE)+COUNTA('DIAS FRACIONADOS'!$B$6:$B$12)),IF(VLOOKUP($B12,quadro_de_func[#All],3,FALSE)="ESTAGIÁRIO",((VLOOKUP($B12,carga_horaria[],2,FALSE)*HLOOKUP(L$3,'DIA UTEIS'!$B$4:$M$6,3,FALSE))-(HLOOKUP($B12,'EST. PROVAS'!$B$3:$Z$4,2,FALSE)*(VLOOKUP($B12,carga_horaria[],2,FALSE)/2)))+HLOOKUP(HR_A_FAZER[[#Headers],[OUTUBRO]],'DIAS FRACIONADOS'!$B$3:$Y$4,2,FALSE),(VLOOKUP($B12,carga_horaria[],2,FALSE)*(HLOOKUP(L$3,'DIA UTEIS'!$B$4:$M$6,3,FALSE)))+HLOOKUP(HR_A_FAZER[[#Headers],[OUTUBRO]],'DIAS FRACIONADOS'!$B$3:$Y$4,2,FALSE))) -> 7.6666667 | M12: =IF(VLOOKUP($B12,quadro_de_func[#All],3,FALSE)="MENOR APRENDIZ",VLOOKUP($B12,carga_horaria[],2,FALSE)*(HLOOKUP(M$3,'DIA UTEIS'!$B$4:$M$6,3,FALSE)+COUNTA('DIAS FRACIONADOS'!$B$6:$B$12)),IF(VLOOKUP($B12,quadro_de_func[#All],3,FALSE)="ESTAGIÁRIO",((VLOOKUP($B12,carga_horaria[],2,FALSE)*HLOOKUP(M$3,'DIA UTEIS'!$B$4:$M$6,3,FALSE))-(HLOOKUP($B12,'EST. PROVAS'!$B$3:$Z$4,2,FALSE)*(VLOOKUP($B12,carga_horaria[],2,FALSE)/2)))+HLOOKUP(HR_A_FAZER[[#Headers],[NOVEMBRO]],'DIAS FRACIONADOS'!$B$3:$Y$4,2,FALSE),(VLOOKUP($B12,carga_horaria[],2,FALSE)*(HLOOKUP(M$3,'DIA UTEIS'!$B$4:$M$6,3,FALSE)))+HLOOKUP(HR_A_FAZER[[#Headers],[NOVEMBRO]],'DIAS FRACIONADOS'!$B$3:$Y$4,2,FALSE))) -> 6.6666667 | N12: =IF(VLOOKUP($B12,quadro_de_func[#All],3,FALSE)="MENOR APRENDIZ",VLOOKUP($B12,carga_horaria[],2,FALSE)*(HLOOKUP(N$3,'DIA UTEIS'!$B$4:$M$6,3,FALSE)+COUNTA('DIAS FRACIONADOS'!$B$6:$B$12)),IF(VLOOKUP($B12,quadro_de_func[#All],3,FALSE)="ESTAGIÁRIO",((VLOOKUP($B12,carga_horaria[],2,FALSE)*HLOOKUP(N$3,'DIA UTEIS'!$B$4:$M$6,3,FALSE))-(HLOOKUP($B12,'EST. PROVAS'!$B$3:$Z$4,2,FALSE)*(VLOOKUP($B12,carga_horaria[],2,FALSE)/2)))+HLOOKUP(HR_A_FAZER[[#Headers],[DEZEMBRO]],'DIAS FRACIONADOS'!$B$3:$Y$4,2,FALSE),(VLOOKUP($B12,carga_horaria[],2,FALSE)*(HLOOKUP(N$3,'DIA UTEIS'!$B$4:$M$6,3,FALSE)))+HLOOKUP(HR_A_FAZER[[#Headers],[DEZEMBRO]],'DIAS FRACIONADOS'!$B$3:$Y$4,2,FALSE))) -> 7
B13: =quadro_de_func[[#This Row],[NOME]] -> func 10 | C13: =IF(VLOOKUP($B13,quadro_de_func[#All],3,FALSE)="MENOR APRENDIZ",VLOOKUP($B13,carga_horaria[],2,FALSE)*(HLOOKUP(C$3,'DIA UTEIS'!$B$4:$M$6,3,FALSE)+COUNTA('DIAS FRACIONADOS'!$B$6:$B$12)),IF(VLOOKUP($B13,quadro_de_func[#All],3,FALSE)="ESTAGIÁRIO",((VLOOKUP($B13,carga_horaria[],2,FALSE)*HLOOKUP(C$3,'DIA UTEIS'!$B$4:$M$6,3,FALSE))-(HLOOKUP($B13,'EST. PROVAS'!$B$3:$Z$4,2,FALSE)*(VLOOKUP($B13,carga_horaria[],2,FALSE)/2)))+HLOOKUP(HR_A_FAZER[[#Headers],[JANEIRO]],'DIAS FRACIONADOS'!$B$3:$Y$4,2,FALSE),(VLOOKUP($B13,carga_horaria[],2,FALSE)*(HLOOKUP(C$3,'DIA UTEIS'!$B$4:$M$6,3,FALSE)))+HLOOKUP(HR_A_FAZER[[#Headers],[JANEIRO]],'DIAS FRACIONADOS'!$B$3:$Y$4,2,FALSE))) -> 7.2083333 | D13: =IF(VLOOKUP($B13,quadro_de_func[#All],3,FALSE)="MENOR APRENDIZ",VLOOKUP($B13,carga_horaria[],2,FALSE)*(HLOOKUP(D$3,'DIA UTEIS'!$B$4:$M$6,3,FALSE)+COUNTA('DIAS FRACIONADOS'!$B$6:$B$12)),IF(VLOOKUP($B13,quadro_de_func[#All],3,FALSE)="ESTAGIÁRIO",((VLOOKUP($B13,carga_horaria[],2,FALSE)*HLOOKUP(D$3,'DIA UTEIS'!$B$4:$M$6,3,FALSE))-(HLOOKUP($B13,'EST. PROVAS'!$B$3:$Z$4,2,FALSE)*(VLOOKUP($B13,carga_horaria[],2,FALSE)/2)))+HLOOKUP(HR_A_FAZER[[#Headers],[FEVEREIRO]],'DIAS FRACIONADOS'!$B$3:$Y$4,2,FALSE),(VLOOKUP($B13,carga_horaria[],2,FALSE)*(HLOOKUP(D$3,'DIA UTEIS'!$B$4:$M$6,3,FALSE)))+HLOOKUP(HR_A_FAZER[[#Headers],[FEVEREIRO]],'DIAS FRACIONADOS'!$B$3:$Y$4,2,FALSE))) -> 6.6666667 | E13: =IF(VLOOKUP($B13,quadro_de_func[#All],3,FALSE)="MENOR APRENDIZ",VLOOKUP($B13,carga_horaria[],2,FALSE)*(HLOOKUP(E$3,'DIA UTEIS'!$B$4:$M$6,3,FALSE)+COUNTA('DIAS FRACIONADOS'!$B$6:$B$12)),IF(VLOOKUP($B13,quadro_de_func[#All],3,FALSE)="ESTAGIÁRIO",((VLOOKUP($B13,carga_horaria[],2,FALSE)*HLOOKUP(E$3,'DIA UTEIS'!$B$4:$M$6,3,FALSE))-(HLOOKUP($B13,'EST. PROVAS'!$B$3:$Z$4,2,FALSE)*(VLOOKUP($B13,carga_horaria[],2,FALSE)/2)))+HLOOKUP(HR_A_FAZER[[#Headers],[MARÇO]],'DIAS FRACIONADOS'!$B$3:$Y$4,2,FALSE),(VLOOKUP($B13,carga_horaria[],2,FALSE)*(HLOOKUP(E$3,'DIA UTEIS'!$B$4:$M$6,3,FALSE)))+HLOOKUP(HR_A_FAZER[[#Headers],[MARÇO]],'DIAS FRACIONADOS'!$B$3:$Y$4,2,FALSE))) -> 6.25 | F13: =IF(VLOOKUP($B13,quadro_de_func[#All],3,FALSE)="MENOR APRENDIZ",VLOOKUP($B13,carga_horaria[],2,FALSE)*(HLOOKUP(F$3,'DIA UTEIS'!$B$4:$M$6,3,FALSE)+COUNTA('DIAS FRACIONADOS'!$B$6:$B$12)),IF(VLOOKUP($B13,quadro_de_func[#All],3,FALSE)="ESTAGIÁRIO",((VLOOKUP($B13,carga_horaria[],2,FALSE)*HLOOKUP(F$3,'DIA UTEIS'!$B$4:$M$6,3,FALSE))-(HLOOKUP($B13,'EST. PROVAS'!$B$3:$Z$4,2,FALSE)*(VLOOKUP($B13,carga_horaria[],2,FALSE)/2)))+HLOOKUP(HR_A_FAZER[[#Headers],[ABRIL]],'DIAS FRACIONADOS'!$B$3:$Y$4,2,FALSE),(VLOOKUP($B13,carga_horaria[],2,FALSE)*(HLOOKUP(F$3,'DIA UTEIS'!$B$4:$M$6,3,FALSE)))+HLOOKUP(HR_A_FAZER[[#Headers],[ABRIL]],'DIAS FRACIONADOS'!$B$3:$Y$4,2,FALSE))) -> 7 | G13: =IF(VLOOKUP($B13,quadro_de_func[#All],3,FALSE)="MENOR APRENDIZ",VLOOKUP($B13,carga_horaria[],2,FALSE)*(HLOOKUP(G$3,'DIA UTEIS'!$B$4:$M$6,3,FALSE)+COUNTA('DIAS FRACIONADOS'!$B$6:$B$12)),IF(VLOOKUP($B13,quadro_de_func[#All],3,FALSE)="ESTAGIÁRIO",((VLOOKUP($B13,carga_horaria[],2,FALSE)*HLOOKUP(G$3,'DIA UTEIS'!$B$4:$M$6,3,FALSE))-(HLOOKUP($B13,'EST. PROVAS'!$B$3:$Z$4,2,FALSE)*(VLOOKUP($B13,carga_horaria[],2,FALSE)/2)))+HLOOKUP(HR_A_FAZER[[#Headers],[MAIO]],'DIAS FRACIONADOS'!$B$3:$Y$4,2,FALSE),(VLOOKUP($B13,carga_horaria[],2,FALSE)*(HLOOKUP(G$3,'DIA UTEIS'!$B$4:$M$6,3,FALSE)))+HLOOKUP(HR_A_FAZER[[#Headers],[MAIO]],'DIAS FRACIONADOS'!$B$3:$Y$4,2,FALSE))) -> 7.3333333 | H13: =IF(VLOOKUP($B13,quadro_de_func[#All],3,FALSE)="MENOR APRENDIZ",VLOOKUP($B13,carga_horaria[],2,FALSE)*(HLOOKUP(H$3,'DIA UTEIS'!$B$4:$M$6,3,FALSE)+COUNTA('DIAS FRACIONADOS'!$B$6:$B$12)),IF(VLOOKUP($B13,quadro_de_func[#All],3,FALSE)="ESTAGIÁRIO",((VLOOKUP($B13,carga_horaria[],2,FALSE)*HLOOKUP(H$3,'DIA UTEIS'!$B$4:$M$6,3,FALSE))-(HLOOKUP($B13,'EST. PROVAS'!$B$3:$Z$4,2,FALSE)*(VLOOKUP($B13,carga_horaria[],2,FALSE)/2)))+HLOOKUP(HR_A_FAZER[[#Headers],[JUNHO]],'DIAS FRACIONADOS'!$B$3:$Y$4,2,FALSE),(VLOOKUP($B13,carga_horaria[],2,FALSE)*(HLOOKUP(H$3,'DIA UTEIS'!$B$4:$M$6,3,FALSE)))+HLOOKUP(HR_A_FAZER[[#Headers],[JUNHO]],'DIAS FRACIONADOS'!$B$3:$Y$4,2,FALSE))) -> 6.3333333 | I13: =IF(VLOOKUP($B13,quadro_de_func[#All],3,FALSE)="MENOR APRENDIZ",VLOOKUP($B13,carga_horaria[],2,FALSE)*(HLOOKUP(I$3,'DIA UTEIS'!$B$4:$M$6,3,FALSE)+COUNTA('DIAS FRACIONADOS'!$B$6:$B$12)),IF(VLOOKUP($B13,quadro_de_func[#All],3,FALSE)="ESTAGIÁRIO",((VLOOKUP($B13,carga_horaria[],2,FALSE)*HLOOKUP(I$3,'DIA UTEIS'!$B$4:$M$6,3,FALSE))-(HLOOKUP($B13,'EST. PROVAS'!$B$3:$Z$4,2,FALSE)*(VLOOKUP($B13,carga_horaria[],2,FALSE)/2)))+HLOOKUP(HR_A_FAZER[[#Headers],[JULHO]],'DIAS FRACIONADOS'!$B$3:$Y$4,2,FALSE),(VLOOKUP($B13,carga_horaria[],2,FALSE)*(HLOOKUP(I$3,'DIA UTEIS'!$B$4:$M$6,3,FALSE)))+HLOOKUP(HR_A_FAZER[[#Headers],[JULHO]],'DIAS FRACIONADOS'!$B$3:$Y$4,2,FALSE))) -> 7.3333333 | J13: =IF(VLOOKUP($B13,quadro_de_func[#All],3,FALSE)="MENOR APRENDIZ",VLOOKUP($B13,carga_horaria[],2,FALSE)*(HLOOKUP(J$3,'DIA UTEIS'!$B$4:$M$6,3,FALSE)+COUNTA('DIAS FRACIONADOS'!$B$6:$B$12)),IF(VLOOKUP($B13,quadro_de_func[#All],3,FALSE)="ESTAGIÁRIO",((VLOOKUP($B13,carga_horaria[],2,FALSE)*HLOOKUP(J$3,'DIA UTEIS'!$B$4:$M$6,3,FALSE))-(HLOOKUP($B13,'EST. PROVAS'!$B$3:$Z$4,2,FALSE)*(VLOOKUP($B13,carga_horaria[],2,FALSE)/2)))+HLOOKUP(HR_A_FAZER[[#Headers],[AGOSTO]],'DIAS FRACIONADOS'!$B$3:$Y$4,2,FALSE),(VLOOKUP($B13,carga_horaria[],2,FALSE)*(HLOOKUP(J$3,'DIA UTEIS'!$B$4:$M$6,3,FALSE)))+HLOOKUP(HR_A_FAZER[[#Headers],[AGOSTO]],'DIAS FRACIONADOS'!$B$3:$Y$4,2,FALSE))) -> 7.3333333 | K13: =IF(VLOOKUP($B13,quadro_de_func[#All],3,FALSE)="MENOR APRENDIZ",VLOOKUP($B13,carga_horaria[],2,FALSE)*(HLOOKUP(K$3,'DIA UTEIS'!$B$4:$M$6,3,FALSE)+COUNTA('DIAS FRACIONADOS'!$B$6:$B$12)),IF(VLOOKUP($B13,quadro_de_func[#All],3,FALSE)="ESTAGIÁRIO",((VLOOKUP($B13,carga_horaria[],2,FALSE)*HLOOKUP(K$3,'DIA UTEIS'!$B$4:$M$6,3,FALSE))-(HLOOKUP($B13,'EST. PROVAS'!$B$3:$Z$4,2,FALSE)*(VLOOKUP($B13,carga_horaria[],2,FALSE)/2)))+HLOOKUP(HR_A_FAZER[[#Headers],[SETEMBRO]],'DIAS FRACIONADOS'!$B$3:$Y$4,2,FALSE),(VLOOKUP($B13,carga_horaria[],2,FALSE)*(HLOOKUP(K$3,'DIA UTEIS'!$B$4:$M$6,3,FALSE)))+HLOOKUP(HR_A_FAZER[[#Headers],[SETEMBRO]],'DIAS FRACIONADOS'!$B$3:$Y$4,2,FALSE))) -> 6.6666667 | L13: =IF(VLOOKUP($B13,quadro_de_func[#All],3,FALSE)="MENOR APRENDIZ",VLOOKUP($B13,carga_horaria[],2,FALSE)*(HLOOKUP(L$3,'DIA UTEIS'!$B$4:$M$6,3,FALSE)+COUNTA('DIAS FRACIONADOS'!$B$6:$B$12)),IF(VLOOKUP($B13,quadro_de_func[#All],3,FALSE)="ESTAGIÁRIO",((VLOOKUP($B13,carga_horaria[],2,FALSE)*HLOOKUP(L$3,'DIA UTEIS'!$B$4:$M$6,3,FALSE))-(HLOOKUP($B13,'EST. PROVAS'!$B$3:$Z$4,2,FALSE)*(VLOOKUP($B13,carga_horaria[],2,FALSE)/2)))+HLOOKUP(HR_A_FAZER[[#Headers],[OUTUBRO]],'DIAS FRACIONADOS'!$B$3:$Y$4,2,FALSE),(VLOOKUP($B13,carga_horaria[],2,FALSE)*(HLOOKUP(L$3,'DIA UTEIS'!$B$4:$M$6,3,FALSE)))+HLOOKUP(HR_A_FAZER[[#Headers],[OUTUBRO]],'DIAS FRACIONADOS'!$B$3:$Y$4,2,FALSE))) -> 7.6666667 | M13: =IF(VLOOKUP($B13,quadro_de_func[#All],3,FALSE)="MENOR APRENDIZ",VLOOKUP($B13,carga_horaria[],2,FALSE)*(HLOOKUP(M$3,'DIA UTEIS'!$B$4:$M$6,3,FALSE)+COUNTA('DIAS FRACIONADOS'!$B$6:$B$12)),IF(VLOOKUP($B13,quadro_de_func[#All],3,FALSE)="ESTAGIÁRIO",((VLOOKUP($B13,carga_horaria[],2,FALSE)*HLOOKUP(M$3,'DIA UTEIS'!$B$4:$M$6,3,FALSE))-(HLOOKUP($B13,'EST. PROVAS'!$B$3:$Z$4,2,FALSE)*(VLOOKUP($B13,carga_horaria[],2,FALSE)/2)))+HLOOKUP(HR_A_FAZER[[#Headers],[NOVEMBRO]],'DIAS FRACIONADOS'!$B$3:$Y$4,2,FALSE),(VLOOKUP($B13,carga_horaria[],2,FALSE)*(HLOOKUP(M$3,'DIA UTEIS'!$B$4:$M$6,3,FALSE)))+HLOOKUP(HR_A_FAZER[[#Headers],[NOVEMBRO]],'DIAS FRACIONADOS'!$B$3:$Y$4,2,FALSE))) -> 6.6666667 | N13: =IF(VLOOKUP($B13,quadro_de_func[#All],3,FALSE)="MENOR APRENDIZ",VLOOKUP($B13,carga_horaria[],2,FALSE)*(HLOOKUP(N$3,'DIA UTEIS'!$B$4:$M$6,3,FALSE)+COUNTA('DIAS FRACIONADOS'!$B$6:$B$12)),IF(VLOOKUP($B13,quadro_de_func[#All],3,FALSE)="ESTAGIÁRIO",((VLOOKUP($B13,carga_horaria[],2,FALSE)*HLOOKUP(N$3,'DIA UTEIS'!$B$4:$M$6,3,FALSE))-(HLOOKUP($B13,'EST. PROVAS'!$B$3:$Z$4,2,FALSE)*(VLOOKUP($B13,carga_horaria[],2,FALSE)/2)))+HLOOKUP(HR_A_FAZER[[#Headers],[DEZEMBRO]],'DIAS FRACIONADOS'!$B$3:$Y$4,2,FALSE),(VLOOKUP($B13,carga_horaria[],2,FALSE)*(HLOOKUP(N$3,'DIA UTEIS'!$B$4:$M$6,3,FALSE)))+HLOOKUP(HR_A_FAZER[[#Headers],[DEZEMBRO]],'DIAS FRACIONADOS'!$B$3:$Y$4,2,FALSE))) -> 7
B14: =quadro_de_func[[#This Row],[NOME]] -> func 11 | C14: =IF(VLOOKUP($B14,quadro_de_func[#All],3,FALSE)="MENOR APRENDIZ",VLOOKUP($B14,carga_horaria[],2,FALSE)*(HLOOKUP(C$3,'DIA UTEIS'!$B$4:$M$6,3,FALSE)+COUNTA('DIAS FRACIONADOS'!$B$6:$B$12)),IF(VLOOKUP($B14,quadro_de_func[#All],3,FALSE)="ESTAGIÁRIO",((VLOOKUP($B14,carga_horaria[],2,FALSE)*HLOOKUP(C$3,'DIA UTEIS'!$B$4:$M$6,3,FALSE))-(HLOOKUP($B14,'EST. PROVAS'!$B$3:$Z$4,2,FALSE)*(VLOOKUP($B14,carga_horaria[],2,FALSE)/2)))+HLOOKUP(HR_A_FAZER[[#Headers],[JANEIRO]],'DIAS FRACIONADOS'!$B$3:$Y$4,2,FALSE),(VLOOKUP($B14,carga_horaria[],2,FALSE)*(HLOOKUP(C$3,'DIA UTEIS'!$B$4:$M$6,3,FALSE)))+HLOOKUP(HR_A_FAZER[[#Headers],[JANEIRO]],'DIAS FRACIONADOS'!$B$3:$Y$4,2,FALSE))) -> #N/A | D14: =IF(VLOOKUP($B14,quadro_de_func[#All],3,FALSE)="MENOR APRENDIZ",VLOOKUP($B14,carga_horaria[],2,FALSE)*(HLOOKUP(D$3,'DIA UTEIS'!$B$4:$M$6,3,FALSE)+COUNTA('DIAS FRACIONADOS'!$B$6:$B$12)),IF(VLOOKUP($B14,quadro_de_func[#All],3,FALSE)="ESTAGIÁRIO",((VLOOKUP($B14,carga_horaria[],2,FALSE)*HLOOKUP(D$3,'DIA UTEIS'!$B$4:$M$6,3,FALSE))-(HLOOKUP($B14,'EST. PROVAS'!$B$3:$Z$4,2,FALSE)*(VLOOKUP($B14,carga_horaria[],2,FALSE)/2)))+HLOOKUP(HR_A_FAZER[[#Headers],[FEVEREIRO]],'DIAS FRACIONADOS'!$B$3:$Y$4,2,FALSE),(VLOOKUP($B14,carga_horaria[],2,FALSE)*(HLOOKUP(D$3,'DIA UTEIS'!$B$4:$M$6,3,FALSE)))+HLOOKUP(HR_A_FAZER[[#Headers],[FEVEREIRO]],'DIAS FRACIONADOS'!$B$3:$Y$4,2,FALSE))) -> #N/A | E14: =IF(VLOOKUP($B14,quadro_de_func[#All],3,FALSE)="MENOR APRENDIZ",VLOOKUP($B14,carga_horaria[],2,FALSE)*(HLOOKUP(E$3,'DIA UTEIS'!$B$4:$M$6,3,FALSE)+COUNTA('DIAS FRACIONADOS'!$B$6:$B$12)),IF(VLOOKUP($B14,quadro_de_func[#All],3,FALSE)="ESTAGIÁRIO",((VLOOKUP($B14,carga_horaria[],2,FALSE)*HLOOKUP(E$3,'DIA UTEIS'!$B$4:$M$6,3,FALSE))-(HLOOKUP($B14,'EST. PROVAS'!$B$3:$Z$4,2,FALSE)*(VLOOKUP($B14,carga_horaria[],2,FALSE)/2)))+HLOOKUP(HR_A_FAZER[[#Headers],[MARÇO]],'DIAS FRACIONADOS'!$B$3:$Y$4,2,FALSE),(VLOOKUP($B14,carga_horaria[],2,FALSE)*(HLOOKUP(E$3,'DIA UTEIS'!$B$4:$M$6,3,FALSE)))+HLOOKUP(HR_A_FAZER[[#Headers],[MARÇO]],'DIAS FRACIONADOS'!$B$3:$Y$4,2,FALSE))) -> #N/A | F14: =IF(VLOOKUP($B14,quadro_de_func[#All],3,FALSE)="MENOR APRENDIZ",VLOOKUP($B14,carga_horaria[],2,FALSE)*(HLOOKUP(F$3,'DIA UTEIS'!$B$4:$M$6,3,FALSE)+COUNTA('DIAS FRACIONADOS'!$B$6:$B$12)),IF(VLOOKUP($B14,quadro_de_func[#All],3,FALSE)="ESTAGIÁRIO",((VLOOKUP($B14,carga_horaria[],2,FALSE)*HLOOKUP(F$3,'DIA UTEIS'!$B$4:$M$6,3,FALSE))-(HLOOKUP($B14,'EST. PROVAS'!$B$3:$Z$4,2,FALSE)*(VLOOKUP($B14,carga_horaria[],2,FALSE)/2)))+HLOOKUP(HR_A_FAZER[[#Headers],[ABRIL]],'DIAS FRACIONADOS'!$B$3:$Y$4,2,FALSE),(VLOOKUP($B14,carga_horaria[],2,FALSE)*(HLOOKUP(F$3,'DIA UTEIS'!$B$4:$M$6,3,FALSE)))+HLOOKUP(HR_A_FAZER[[#Headers],[ABRIL]],'DIAS FRACIONADOS'!$B$3:$Y$4,2,FALSE))) -> #N/A | G14: =IF(VLOOKUP($B14,quadro_de_func[#All],3,FALSE)="MENOR APRENDIZ",VLOOKUP($B14,carga_horaria[],2,FALSE)*(HLOOKUP(G$3,'DIA UTEIS'!$B$4:$M$6,3,FALSE)+COUNTA('DIAS FRACIONADOS'!$B$6:$B$12)),IF(VLOOKUP($B14,quadro_de_func[#All],3,FALSE)="ESTAGIÁRIO",((VLOOKUP($B14,carga_horaria[],2,FALSE)*HLOOKUP(G$3,'DIA UTEIS'!$B$4:$M$6,3,FALSE))-(HLOOKUP($B14,'EST. PROVAS'!$B$3:$Z$4,2,FALSE)*(VLOOKUP($B14,carga_horaria[],2,FALSE)/2)))+HLOOKUP(HR_A_FAZER[[#Headers],[MAIO]],'DIAS FRACIONADOS'!$B$3:$Y$4,2,FALSE),(VLOOKUP($B14,carga_horaria[],2,FALSE)*(HLOOKUP(G$3,'DIA UTEIS'!$B$4:$M$6,3,FALSE)))+HLOOKUP(HR_A_FAZER[[#Headers],[MAIO]],'DIAS FRACIONADOS'!$B$3:$Y$4,2,FALSE))) -> #N/A | H14: =IF(VLOOKUP($B14,quadro_de_func[#All],3,FALSE)="MENOR APRENDIZ",VLOOKUP($B14,carga_horaria[],2,FALSE)*(HLOOKUP(H$3,'DIA UTEIS'!$B$4:$M$6,3,FALSE)+COUNTA('DIAS FRACIONADOS'!$B$6:$B$12)),IF(VLOOKUP($B14,quadro_de_func[#All],3,FALSE)="ESTAGIÁRIO",((VLOOKUP($B14,carga_horaria[],2,FALSE)*HLOOKUP(H$3,'DIA UTEIS'!$B$4:$M$6,3,FALSE))-(HLOOKUP($B14,'EST. PROVAS'!$B$3:$Z$4,2,FALSE)*(VLOOKUP($B14,carga_horaria[],2,FALSE)/2)))+HLOOKUP(HR_A_FAZER[[#Headers],[JUNHO]],'DIAS FRACIONADOS'!$B$3:$Y$4,2,FALSE),(VLOOKUP($B14,carga_horaria[],2,FALSE)*(HLOOKUP(H$3,'DIA UTEIS'!$B$4:$M$6,3,FALSE)))+HLOOKUP(HR_A_FAZER[[#Headers],[JUNHO]],'DIAS FRACIONADOS'!$B$3:$Y$4,2,FALSE))) -> #N/A | I14: =IF(VLOOKUP($B14,quadro_de_func[#All],3,FALSE)="MENOR APRENDIZ",VLOOKUP($B14,carga_horaria[],2,FALSE)*(HLOOKUP(I$3,'DIA UTEIS'!$B$4:$M$6,3,FALSE)+COUNTA('DIAS FRACIONADOS'!$B$6:$B$12)),IF(VLOOKUP($B14,quadro_de_func[#All],3,FALSE)="ESTAGIÁRIO",((VLOOKUP($B14,carga_horaria[],2,FALSE)*HLOOKUP(I$3,'DIA UTEIS'!$B$4:$M$6,3,FALSE))-(HLOOKUP($B14,'EST. PROVAS'!$B$3:$Z$4,2,FALSE)*(VLOOKUP($B14,carga_horaria[],2,FALSE)/2)))+HLOOKUP(HR_A_FAZER[[#Headers],[JULHO]],'DIAS FRACIONADOS'!$B$3:$Y$4,2,FALSE),(VLOOKUP($B14,carga_horaria[],2,FALSE)*(HLOOKUP(I$3,'DIA UTEIS'!$B$4:$M$6,3,FALSE)))+HLOOKUP(HR_A_FAZER[[#Headers],[JULHO]],'DIAS FRACIONADOS'!$B$3:$Y$4,2,FALSE))) -> #N/A | J14: =IF(VLOOKUP($B14,quadro_de_func[#All],3,FALSE)="MENOR APRENDIZ",VLOOKUP($B14,carga_horaria[],2,FALSE)*(HLOOKUP(J$3,'DIA UTEIS'!$B$4:$M$6,3,FALSE)+COUNTA('DIAS FRACIONADOS'!$B$6:$B$12)),IF(VLOOKUP($B14,quadro_de_func[#All],3,FALSE)="ESTAGIÁRIO",((VLOOKUP($B14,carga_horaria[],2,FALSE)*HLOOKUP(J$3,'DIA UTEIS'!$B$4:$M$6,3,FALSE))-(HLOOKUP($B14,'EST. PROVAS'!$B$3:$Z$4,2,FALSE)*(VLOOKUP($B14,carga_horaria[],2,FALSE)/2)))+HLOOKUP(HR_A_FAZER[[#Headers],[AGOSTO]],'DIAS FRACIONADOS'!$B$3:$Y$4,2,FALSE),(VLOOKUP($B14,carga_horaria[],2,FALSE)*(HLOOKUP(J$3,'DIA UTEIS'!$B$4:$M$6,3,FALSE)))+HLOOKUP(HR_A_FAZER[[#Headers],[AGOSTO]],'DIAS FRACIONADOS'!$B$3:$Y$4,2,FALSE))) -> #N/A | K14: =IF(VLOOKUP($B14,quadro_de_func[#All],3,FALSE)="MENOR APRENDIZ",VLOOKUP($B14,carga_horaria[],2,FALSE)*(HLOOKUP(K$3,'DIA UTEIS'!$B$4:$M$6,3,FALSE)+COUNTA('DIAS FRACIONADOS'!$B$6:$B$12)),IF(VLOOKUP($B14,quadro_de_func[#All],3,FALSE)="ESTAGIÁRIO",((VLOOKUP($B14,carga_horaria[],2,FALSE)*HLOOKUP(K$3,'DIA UTEIS'!$B$4:$M$6,3,FALSE))-(HLOOKUP($B14,'EST. PROVAS'!$B$3:$Z$4,2,FALSE)*(VLOOKUP($B14,carga_horaria[],2,FALSE)/2)))+HLOOKUP(HR_A_FAZER[[#Headers],[SETEMBRO]],'DIAS FRACIONADOS'!$B$3:$Y$4,2,FALSE),(VLOOKUP($B14,carga_horaria[],2,FALSE)*(HLOOKUP(K$3,'DIA UTEIS'!$B$4:$M$6,3,FALSE)))+HLOOKUP(HR_A_FAZER[[#Headers],[SETEMBRO]],'DIAS FRACIONADOS'!$B$3:$Y$4,2,FALSE))) -> #N/A | L14: =IF(VLOOKUP($B14,quadro_de_func[#All],3,FALSE)="MENOR APRENDIZ",VLOOKUP($B14,carga_horaria[],2,FALSE)*(HLOOKUP(L$3,'DIA UTEIS'!$B$4:$M$6,3,FALSE)+COUNTA('DIAS FRACIONADOS'!$B$6:$B$12)),IF(VLOOKUP($B14,quadro_de_func[#All],3,FALSE)="ESTAGIÁRIO",((VLOOKUP($B14,carga_horaria[],2,FALSE)*HLOOKUP(L$3,'DIA UTEIS'!$B$4:$M$6,3,FALSE))-(HLOOKUP($B14,'EST. PROVAS'!$B$3:$Z$4,2,FALSE)*(VLOOKUP($B14,carga_horaria[],2,FALSE)/2)))+HLOOKUP(HR_A_FAZER[[#Headers],[OUTUBRO]],'DIAS FRACIONADOS'!$B$3:$Y$4,2,FALSE),(VLOOKUP($B14,carga_horaria[],2,FALSE)*(HLOOKUP(L$3,'DIA UTEIS'!$B$4:$M$6,3,FALSE)))+HLOOKUP(HR_A_FAZER[[#Headers],[OUTUBRO]],'DIAS FRACIONADOS'!$B$3:$Y$4,2,FALSE))) -> #N/A | M14: =IF(VLOOKUP($B14,quadro_de_func[#All],3,FALSE)="MENOR APRENDIZ",VLOOKUP($B14,carga_horaria[],2,FALSE)*(HLOOKUP(M$3,'DIA UTEIS'!$B$4:$M$6,3,FALSE)+COUNTA('DIAS FRACIONADOS'!$B$6:$B$12)),IF(VLOOKUP($B14,quadro_de_func[#All],3,FALSE)="ESTAGIÁRIO",((VLOOKUP($B14,carga_horaria[],2,FALSE)*HLOOKUP(M$3,'DIA UTEIS'!$B$4:$M$6,3,FALSE))-(HLOOKUP($B14,'EST. PROVAS'!$B$3:$Z$4,2,FALSE)*(VLOOKUP($B14,carga_horaria[],2,FALSE)/2)))+HLOOKUP(HR_A_FAZER[[#Headers],[NOVEMBRO]],'DIAS FRACIONADOS'!$B$3:$Y$4,2,FALSE),(VLOOKUP($B14,carga_horaria[],2,FALSE)*(HLOOKUP(M$3,'DIA UTEIS'!$B$4:$M$6,3,FALSE)))+HLOOKUP(HR_A_FAZER[[#Headers],[NOVEMBRO]],'DIAS FRACIONADOS'!$B$3:$Y$4,2,FALSE))) -> #N/A | N14: =IF(VLOOKUP($B14,quadro_de_func[#All],3,FALSE)="MENOR APRENDIZ",VLOOKUP($B14,carga_horaria[],2,FALSE)*(HLOOKUP(N$3,'DIA UTEIS'!$B$4:$M$6,3,FALSE)+COUNTA('DIAS FRACIONADOS'!$B$6:$B$12)),IF(VLOOKUP($B14,quadro_de_func[#All],3,FALSE)="ESTAGIÁRIO",((VLOOKUP($B14,carga_horaria[],2,FALSE)*HLOOKUP(N$3,'DIA UTEIS'!$B$4:$M$6,3,FALSE))-(HLOOKUP($B14,'EST. PROVAS'!$B$3:$Z$4,2,FALSE)*(VLOOKUP($B14,carga_horaria[],2,FALSE)/2)))+HLOOKUP(HR_A_FAZER[[#Headers],[DEZEMBRO]],'DIAS FRACIONADOS'!$B$3:$Y$4,2,FALSE),(VLOOKUP($B14,carga_horaria[],2,FALSE)*(HLOOKUP(N$3,'DIA UTEIS'!$B$4:$M$6,3,FALSE)))+HLOOKUP(HR_A_FAZER[[#Headers],[DEZEMBRO]],'DIAS FRACIONADOS'!$B$3:$Y$4,2,FALSE))) -> #N/A
B15: =quadro_de_func[[#This Row],[NOME]] -> func 12 | C15: =IF(VLOOKUP($B15,quadro_de_func[#All],3,FALSE)="MENOR APRENDIZ",VLOOKUP($B15,carga_horaria[],2,FALSE)*(HLOOKUP(C$3,'DIA UTEIS'!$B$4:$M$6,3,FALSE)+COUNTA('DIAS FRACIONADOS'!$B$6:$B$12)),IF(VLOOKUP($B15,quadro_de_func[#All],3,FALSE)="ESTAGIÁRIO",((VLOOKUP($B15,carga_horaria[],2,FALSE)*HLOOKUP(C$3,'DIA UTEIS'!$B$4:$M$6,3,FALSE))-(HLOOKUP($B15,'EST. PROVAS'!$B$3:$Z$4,2,FALSE)*(VLOOKUP($B15,carga_horaria[],2,FALSE)/2)))+HLOOKUP(HR_A_FAZER[[#Headers],[JANEIRO]],'DIAS FRACIONADOS'!$B$3:$Y$4,2,FALSE),(VLOOKUP($B15,carga_horaria[],2,FALSE)*(HLOOKUP(C$3,'DIA UTEIS'!$B$4:$M$6,3,FALSE)))+HLOOKUP(HR_A_FAZER[[#Headers],[JANEIRO]],'DIAS FRACIONADOS'!$B$3:$Y$4,2,FALSE))) -> #N/A | D15: =IF(VLOOKUP($B15,quadro_de_func[#All],3,FALSE)="MENOR APRENDIZ",VLOOKUP($B15,carga_horaria[],2,FALSE)*(HLOOKUP(D$3,'DIA UTEIS'!$B$4:$M$6,3,FALSE)+COUNTA('DIAS FRACIONADOS'!$B$6:$B$12)),IF(VLOOKUP($B15,quadro_de_func[#All],3,FALSE)="ESTAGIÁRIO",((VLOOKUP($B15,carga_horaria[],2,FALSE)*HLOOKUP(D$3,'DIA UTEIS'!$B$4:$M$6,3,FALSE))-(HLOOKUP($B15,'EST. PROVAS'!$B$3:$Z$4,2,FALSE)*(VLOOKUP($B15,carga_horaria[],2,FALSE)/2)))+HLOOKUP(HR_A_FAZER[[#Headers],[FEVEREIRO]],'DIAS FRACIONADOS'!$B$3:$Y$4,2,FALSE),(VLOOKUP($B15,carga_horaria[],2,FALSE)*(HLOOKUP(D$3,'DIA UTEIS'!$B$4:$M$6,3,FALSE)))+HLOOKUP(HR_A_FAZER[[#Headers],[FEVEREIRO]],'DIAS FRACIONADOS'!$B$3:$Y$4,2,FALSE))) -> #N/A | E15: =IF(VLOOKUP($B15,quadro_de_func[#All],3,FALSE)="MENOR APRENDIZ",VLOOKUP($B15,carga_horaria[],2,FALSE)*(HLOOKUP(E$3,'DIA UTEIS'!$B$4:$M$6,3,FALSE)+COUNTA('DIAS FRACIONADOS'!$B$6:$B$12)),IF(VLOOKUP($B15,quadro_de_func[#All],3,FALSE)="ESTAGIÁRIO",((VLOOKUP($B15,carga_horaria[],2,FALSE)*HLOOKUP(E$3,'DIA UTEIS'!$B$4:$M$6,3,FALSE))-(HLOOKUP($B15,'EST. PROVAS'!$B$3:$Z$4,2,FALSE)*(VLOOKUP($B15,carga_horaria[],2,FALSE)/2)))+HLOOKUP(HR_A_FAZER[[#Headers],[MARÇO]],'DIAS FRACIONADOS'!$B$3:$Y$4,2,FALSE),(VLOOKUP($B15,carga_horaria[],2,FALSE)*(HLOOKUP(E$3,'DIA UTEIS'!$B$4:$M$6,3,FALSE)))+HLOOKUP(HR_A_FAZER[[#Headers],[MARÇO]],'DIAS FRACIONADOS'!$B$3:$Y$4,2,FALSE))) -> #N/A | F15: =IF(VLOOKUP($B15,quadro_de_func[#All],3,FALSE)="MENOR APRENDIZ",VLOOKUP($B15,carga_horaria[],2,FALSE)*(HLOOKUP(F$3,'DIA UTEIS'!$B$4:$M$6,3,FALSE)+COUNTA('DIAS FRACIONADOS'!$B$6:$B$12)),IF(VLOOKUP($B15,quadro_de_func[#All],3,FALSE)="ESTAGIÁRIO",((VLOOKUP($B15,carga_horaria[],2,FALSE)*HLOOKUP(F$3,'DIA UTEIS'!$B$4:$M$6,3,FALSE))-(HLOOKUP($B15,'EST. PROVAS'!$B$3:$Z$4,2,FALSE)*(VLOOKUP($B15,carga_horaria[],2,FALSE)/2)))+HLOOKUP(HR_A_FAZER[[#Headers],[ABRIL]],'DIAS FRACIONADOS'!$B$3:$Y$4,2,FALSE),(VLOOKUP($B15,carga_horaria[],2,FALSE)*(HLOOKUP(F$3,'DIA UTEIS'!$B$4:$M$6,3,FALSE)))+HLOOKUP(HR_A_FAZER[[#Headers],[ABRIL]],'DIAS FRACIONADOS'!$B$3:$Y$4,2,FALSE))) -> #N/A | G15: =IF(VLOOKUP($B15,quadro_de_func[#All],3,FALSE)="MENOR APRENDIZ",VLOOKUP($B15,carga_horaria[],2,FALSE)*(HLOOKUP(G$3,'DIA UTEIS'!$B$4:$M$6,3,FALSE)+COUNTA('DIAS FRACIONADOS'!$B$6:$B$12)),IF(VLOOKUP($B15,quadro_de_func[#All],3,FALSE)="ESTAGIÁRIO",((VLOOKUP($B15,carga_horaria[],2,FALSE)*HLOOKUP(G$3,'DIA UTEIS'!$B$4:$M$6,3,FALSE))-(HLOOKUP($B15,'EST. PROVAS'!$B$3:$Z$4,2,FALSE)*(VLOOKUP($B15,carga_horaria[],2,FALSE)/2)))+HLOOKUP(HR_A_FAZER[[#Headers],[MAIO]],'DIAS FRACIONADOS'!$B$3:$Y$4,2,FALSE),(VLOOKUP($B15,carga_horaria[],2,FALSE)*(HLOOKUP(G$3,'DIA UTEIS'!$B$4:$M$6,3,FALSE)))+HLOOKUP(HR_A_FAZER[[#Headers],[MAIO]],'DIAS FRACIONADOS'!$B$3:$Y$4,2,FALSE))) -> #N/A | H15: =IF(VLOOKUP($B15,quadro_de_func[#All],3,FALSE)="MENOR APRENDIZ",VLOOKUP($B15,carga_horaria[],2,FALSE)*(HLOOKUP(H$3,'DIA UTEIS'!$B$4:$M$6,3,FALSE)+COUNTA('DIAS FRACIONADOS'!$B$6:$B$12)),IF(VLOOKUP($B15,quadro_de_func[#All],3,FALSE)="ESTAGIÁRIO",((VLOOKUP($B15,carga_horaria[],2,FALSE)*HLOOKUP(H$3,'DIA UTEIS'!$B$4:$M$6,3,FALSE))-(HLOOKUP($B15,'EST. PROVAS'!$B$3:$Z$4,2,FALSE)*(VLOOKUP($B15,carga_horaria[],2,FALSE)/2)))+HLOOKUP(HR_A_FAZER[[#Headers],[JUNHO]],'DIAS FRACIONADOS'!$B$3:$Y$4,2,FALSE),(VLOOKUP($B15,carga_horaria[],2,FALSE)*(HLOOKUP(H$3,'DIA UTEIS'!$B$4:$M$6,3,FALSE)))+HLOOKUP(HR_A_FAZER[[#Headers],[JUNHO]],'DIAS FRACIONADOS'!$B$3:$Y$4,2,FALSE))) -> #N/A | I15: =IF(VLOOKUP($B15,quadro_de_func[#All],3,FALSE)="MENOR APRENDIZ",VLOOKUP($B15,carga_horaria[],2,FALSE)*(HLOOKUP(I$3,'DIA UTEIS'!$B$4:$M$6,3,FALSE)+COUNTA('DIAS FRACIONADOS'!$B$6:$B$12)),IF(VLOOKUP($B15,quadro_de_func[#All],3,FALSE)="ESTAGIÁRIO",((VLOOKUP($B15,carga_horaria[],2,FALSE)*HLOOKUP(I$3,'DIA UTEIS'!$B$4:$M$6,3,FALSE))-(HLOOKUP($B15,'EST. PROVAS'!$B$3:$Z$4,2,FALSE)*(VLOOKUP($B15,carga_horaria[],2,FALSE)/2)))+HLOOKUP(HR_A_FAZER[[#Headers],[JULHO]],'DIAS FRACIONADOS'!$B$3:$Y$4,2,FALSE),(VLOOKUP($B15,carga_horaria[],2,FALSE)*(HLOOKUP(I$3,'DIA UTEIS'!$B$4:$M$6,3,FALSE)))+HLOOKUP(HR_A_FAZER[[#Headers],[JULHO]],'DIAS FRACIONADOS'!$B$3:$Y$4,2,FALSE))) -> #N/A | J15: =IF(VLOOKUP($B15,quadro_de_func[#All],3,FALSE)="MENOR APRENDIZ",VLOOKUP($B15,carga_horaria[],2,FALSE)*(HLOOKUP(J$3,'DIA UTEIS'!$B$4:$M$6,3,FALSE)+COUNTA('DIAS FRACIONADOS'!$B$6:$B$12)),IF(VLOOKUP($B15,quadro_de_func[#All],3,FALSE)="ESTAGIÁRIO",((VLOOKUP($B15,carga_horaria[],2,FALSE)*HLOOKUP(J$3,'DIA UTEIS'!$B$4:$M$6,3,FALSE))-(HLOOKUP($B15,'EST. PROVAS'!$B$3:$Z$4,2,FALSE)*(VLOOKUP($B15,carga_horaria[],2,FALSE)/2)))+HLOOKUP(HR_A_FAZER[[#Headers],[AGOSTO]],'DIAS FRACIONADOS'!$B$3:$Y$4,2,FALSE),(VLOOKUP($B15,carga_horaria[],2,FALSE)*(HLOOKUP(J$3,'DIA UTEIS'!$B$4:$M$6,3,FALSE)))+HLOOKUP(HR_A_FAZER[[#Headers],[AGOSTO]],'DIAS FRACIONADOS'!$B$3:$Y$4,2,FALSE))) -> #N/A | K15: =IF(VLOOKUP($B15,quadro_de_func[#All],3,FALSE)="MENOR APRENDIZ",VLOOKUP($B15,carga_horaria[],2,FALSE)*(HLOOKUP(K$3,'DIA UTEIS'!$B$4:$M$6,3,FALSE)+COUNTA('DIAS FRACIONADOS'!$B$6:$B$12)),IF(VLOOKUP($B15,quadro_de_func[#All],3,FALSE)="ESTAGIÁRIO",((VLOOKUP($B15,carga_horaria[],2,FALSE)*HLOOKUP(K$3,'DIA UTEIS'!$B$4:$M$6,3,FALSE))-(HLOOKUP($B15,'EST. PROVAS'!$B$3:$Z$4,2,FALSE)*(VLOOKUP($B15,carga_horaria[],2,FALSE)/2)))+HLOOKUP(HR_A_FAZER[[#Headers],[SETEMBRO]],'DIAS FRACIONADOS'!$B$3:$Y$4,2,FALSE),(VLOOKUP($B15,carga_horaria[],2,FALSE)*(HLOOKUP(K$3,'DIA UTEIS'!$B$4:$M$6,3,FALSE)))+HLOOKUP(HR_A_FAZER[[#Headers],[SETEMBRO]],'DIAS FRACIONADOS'!$B$3:$Y$4,2,FALSE))) -> #N/A | L15: =IF(VLOOKUP($B15,quadro_de_func[#All],3,FALSE)="MENOR APRENDIZ",VLOOKUP($B15,carga_horaria[],2,FALSE)*(HLOOKUP(L$3,'DIA UTEIS'!$B$4:$M$6,3,FALSE)+COUNTA('DIAS FRACIONADOS'!$B$6:$B$12)),IF(VLOOKUP($B15,quadro_de_func[#All],3,FALSE)="ESTAGIÁRIO",((VLOOKUP($B15,carga_horaria[],2,FALSE)*HLOOKUP(L$3,'DIA UTEIS'!$B$4:$M$6,3,FALSE))-(HLOOKUP($B15,'EST. PROVAS'!$B$3:$Z$4,2,FALSE)*(VLOOKUP($B15,carga_horaria[],2,FALSE)/2)))+HLOOKUP(HR_A_FAZER[[#Headers],[OUTUBRO]],'DIAS FRACIONADOS'!$B$3:$Y$4,2,FALSE),(VLOOKUP($B15,carga_horaria[],2,FALSE)*(HLOOKUP(L$3,'DIA UTEIS'!$B$4:$M$6,3,FALSE)))+HLOOKUP(HR_A_FAZER[[#Headers],[OUTUBRO]],'DIAS FRACIONADOS'!$B$3:$Y$4,2,FALSE))) -> #N/A | M15: =IF(VLOOKUP($B15,quadro_de_func[#All],3,FALSE)="MENOR APRENDIZ",VLOOKUP($B15,carga_horaria[],2,FALSE)*(HLOOKUP(M$3,'DIA UTEIS'!$B$4:$M$6,3,FALSE)+COUNTA('DIAS FRACIONADOS'!$B$6:$B$12)),IF(VLOOKUP($B15,quadro_de_func[#All],3,FALSE)="ESTAGIÁRIO",((VLOOKUP($B15,carga_horaria[],2,FALSE)*HLOOKUP(M$3,'DIA UTEIS'!$B$4:$M$6,3,FALSE))-(HLOOKUP($B15,'EST. PROVAS'!$B$3:$Z$4,2,FALSE)*(VLOOKUP($B15,carga_horaria[],2,FALSE)/2)))+HLOOKUP(HR_A_FAZER[[#Headers],[NOVEMBRO]],'DIAS FRACIONADOS'!$B$3:$Y$4,2,FALSE),(VLOOKUP($B15,carga_horaria[],2,FALSE)*(HLOOKUP(M$3,'DIA UTEIS'!$B$4:$M$6,3,FALSE)))+HLOOKUP(HR_A_FAZER[[#Headers],[NOVEMBRO]],'DIAS FRACIONADOS'!$B$3:$Y$4,2,FALSE))) -> #N/A | N15: =IF(VLOOKUP($B15,quadro_de_func[#All],3,FALSE)="MENOR APRENDIZ",VLOOKUP($B15,carga_horaria[],2,FALSE)*(HLOOKUP(N$3,'DIA UTEIS'!$B$4:$M$6,3,FALSE)+COUNTA('DIAS FRACIONADOS'!$B$6:$B$12)),IF(VLOOKUP($B15,quadro_de_func[#All],3,FALSE)="ESTAGIÁRIO",((VLOOKUP($B15,carga_horaria[],2,FALSE)*HLOOKUP(N$3,'DIA UTEIS'!$B$4:$M$6,3,FALSE))-(HLOOKUP($B15,'EST. PROVAS'!$B$3:$Z$4,2,FALSE)*(VLOOKUP($B15,carga_horaria[],2,FALSE)/2)))+HLOOKUP(HR_A_FAZER[[#Headers],[DEZEMBRO]],'DIAS FRACIONADOS'!$B$3:$Y$4,2,FALSE),(VLOOKUP($B15,carga_horaria[],2,FALSE)*(HLOOKUP(N$3,'DIA UTEIS'!$B$4:$M$6,3,FALSE)))+HLOOKUP(HR_A_FAZER[[#Headers],[DEZEMBRO]],'DIAS FRACIONADOS'!$B$3:$Y$4,2,FALSE))) -> #N/A
... B20: =quadro_de_func[[#This Row],[NOME]] -> func 17 | C20: =IF(VLOOKUP($B20,quadro_de_func[#All],3,FALSE)="MENOR APRENDIZ",VLOOKUP($B20,carga_horaria[],2,FALSE)*(HLOOKUP(C$3,'DIA UTEIS'!$B$4:$M$6,3,FALSE)+COUNTA('DIAS FRACIONADOS'!$B$6:$B$12)),IF(VLOOKUP($B20,quadro_de_func[#All],3,FALSE)="ESTAGIÁRIO",((VLOOKUP($B20,carga_horaria[],2,FALSE)*HLOOKUP(C$3,'DIA UTEIS'!$B$4:$M$6,3,FALSE))-(HLOOKUP($B20,'EST. PROVAS'!$B$3:$Z$4,2,FALSE)*(VLOOKUP($B20,carga_horaria[],2,FALSE)/2)))+HLOOKUP(HR_A_FAZER[[#Headers],[JANEIRO]],'DIAS FRACIONADOS'!$B$3:$Y$4,2,FALSE),(VLOOKUP($B20,carga_horaria[],2,FALSE)*(HLOOKUP(C$3,'DIA UTEIS'!$B$4:$M$6,3,FALSE)))+HLOOKUP(HR_A_FAZER[[#Headers],[JANEIRO]],'DIAS FRACIONADOS'!$B$3:$Y$4,2,FALSE))) -> 7.2083333 | D20: =IF(VLOOKUP($B20,quadro_de_func[#All],3,FALSE)="MENOR APRENDIZ",VLOOKUP($B20,carga_horaria[],2,FALSE)*(HLOOKUP(D$3,'DIA UTEIS'!$B$4:$M$6,3,FALSE)+COUNTA('DIAS FRACIONADOS'!$B$6:$B$12)),IF(VLOOKUP($B20,quadro_de_func[#All],3,FALSE)="ESTAGIÁRIO",((VLOOKUP($B20,carga_horaria[],2,FALSE)*HLOOKUP(D$3,'DIA UTEIS'!$B$4:$M$6,3,FALSE))-(HLOOKUP($B20,'EST. PROVAS'!$B$3:$Z$4,2,FALSE)*(VLOOKUP($B20,carga_horaria[],2,FALSE)/2)))+HLOOKUP(HR_A_FAZER[[#Headers],[FEVEREIRO]],'DIAS FRACIONADOS'!$B$3:$Y$4,2,FALSE),(VLOOKUP($B20,carga_horaria[],2,FALSE)*(HLOOKUP(D$3,'DIA UTEIS'!$B$4:$M$6,3,FALSE)))+HLOOKUP(HR_A_FAZER[[#Headers],[FEVEREIRO]],'DIAS FRACIONADOS'!$B$3:$Y$4,2,FALSE))) -> 6.6666667 | E20: =IF(VLOOKUP($B20,quadro_de_func[#All],3,FALSE)="MENOR APRENDIZ",VLOOKUP($B20,carga_horaria[],2,FALSE)*(HLOOKUP(E$3,'DIA UTEIS'!$B$4:$M$6,3,FALSE)+COUNTA('DIAS FRACIONADOS'!$B$6:$B$12)),IF(VLOOKUP($B20,quadro_de_func[#All],3,FALSE)="ESTAGIÁRIO",((VLOOKUP($B20,carga_horaria[],2,FALSE)*HLOOKUP(E$3,'DIA UTEIS'!$B$4:$M$6,3,FALSE))-(HLOOKUP($B20,'EST. PROVAS'!$B$3:$Z$4,2,FALSE)*(VLOOKUP($B20,carga_horaria[],2,FALSE)/2)))+HLOOKUP(HR_A_FAZER[[#Headers],[MARÇO]],'DIAS FRACIONADOS'!$B$3:$Y$4,2,FALSE),(VLOOKUP($B20,carga_horaria[],2,FALSE)*(HLOOKUP(E$3,'DIA UTEIS'!$B$4:$M$6,3,FALSE)))+HLOOKUP(HR_A_FAZER[[#Headers],[MARÇO]],'DIAS FRACIONADOS'!$B$3:$Y$4,2,FALSE))) -> 6.25 | F20: =IF(VLOOKUP($B20,quadro_de_func[#All],3,FALSE)="MENOR APRENDIZ",VLOOKUP($B20,carga_horaria[],2,FALSE)*(HLOOKUP(F$3,'DIA UTEIS'!$B$4:$M$6,3,FALSE)+COUNTA('DIAS FRACIONADOS'!$B$6:$B$12)),IF(VLOOKUP($B20,quadro_de_func[#All],3,FALSE)="ESTAGIÁRIO",((VLOOKUP($B20,carga_horaria[],2,FALSE)*HLOOKUP(F$3,'DIA UTEIS'!$B$4:$M$6,3,FALSE))-(HLOOKUP($B20,'EST. PROVAS'!$B$3:$Z$4,2,FALSE)*(VLOOKUP($B20,carga_horaria[],2,FALSE)/2)))+HLOOKUP(HR_A_FAZER[[#Headers],[ABRIL]],'DIAS FRACIONADOS'!$B$3:$Y$4,2,FALSE),(VLOOKUP($B20,carga_horaria[],2,FALSE)*(HLOOKUP(F$3,'DIA UTEIS'!$B$4:$M$6,3,FALSE)))+HLOOKUP(HR_A_FAZER[[#Headers],[ABRIL]],'DIAS FRACIONADOS'!$B$3:$Y$4,2,FALSE))) -> 7 | G20: =IF(VLOOKUP($B20,quadro_de_func[#All],3,FALSE)="MENOR APRENDIZ",VLOOKUP($B20,carga_horaria[],2,FALSE)*(HLOOKUP(G$3,'DIA UTEIS'!$B$4:$M$6,3,FALSE)+COUNTA('DIAS FRACIONADOS'!$B$6:$B$12)),IF(VLOOKUP($B20,quadro_de_func[#All],3,FALSE)="ESTAGIÁRIO",((VLOOKUP($B20,carga_horaria[],2,FALSE)*HLOOKUP(G$3,'DIA UTEIS'!$B$4:$M$6,3,FALSE))-(HLOOKUP($B20,'EST. PROVAS'!$B$3:$Z$4,2,FALSE)*(VLOOKUP($B20,carga_horaria[],2,FALSE)/2)))+HLOOKUP(HR_A_FAZER[[#Headers],[MAIO]],'DIAS FRACIONADOS'!$B$3:$Y$4,2,FALSE),(VLOOKUP($B20,carga_horaria[],2,FALSE)*(HLOOKUP(G$3,'DIA UTEIS'!$B$4:$M$6,3,FALSE)))+HLOOKUP(HR_A_FAZER[[#Headers],[MAIO]],'DIAS FRACIONADOS'!$B$3:$Y$4,2,FALSE))) -> 7.3333333 | H20: =IF(VLOOKUP($B20,quadro_de_func[#All],3,FALSE)="MENOR APRENDIZ",VLOOKUP($B20,carga_horaria[],2,FALSE)*(HLOOKUP(H$3,'DIA UTEIS'!$B$4:$M$6,3,FALSE)+COUNTA('DIAS FRACIONADOS'!$B$6:$B$12)),IF(VLOOKUP($B20,quadro_de_func[#All],3,FALSE)="ESTAGIÁRIO",((VLOOKUP($B20,carga_horaria[],2,FALSE)*HLOOKUP(H$3,'DIA UTEIS'!$B$4:$M$6,3,FALSE))-(HLOOKUP($B20,'EST. PROVAS'!$B$3:$Z$4,2,FALSE)*(VLOOKUP($B20,carga_horaria[],2,FALSE)/2)))+HLOOKUP(HR_A_FAZER[[#Headers],[JUNHO]],'DIAS FRACIONADOS'!$B$3:$Y$4,2,FALSE),(VLOOKUP($B20,carga_horaria[],2,FALSE)*(HLOOKUP(H$3,'DIA UTEIS'!$B$4:$M$6,3,FALSE)))+HLOOKUP(HR_A_FAZER[[#Headers],[JUNHO]],'DIAS FRACIONADOS'!$B$3:$Y$4,2,FALSE))) -> 6.3333333 | I20: =IF(VLOOKUP($B20,quadro_de_func[#All],3,FALSE)="MENOR APRENDIZ",VLOOKUP($B20,carga_horaria[],2,FALSE)*(HLOOKUP(I$3,'DIA UTEIS'!$B$4:$M$6,3,FALSE)+COUNTA('DIAS FRACIONADOS'!$B$6:$B$12)),IF(VLOOKUP($B20,quadro_de_func[#All],3,FALSE)="ESTAGIÁRIO",((VLOOKUP($B20,carga_horaria[],2,FALSE)*HLOOKUP(I$3,'DIA UTEIS'!$B$4:$M$6,3,FALSE))-(HLOOKUP($B20,'EST. PROVAS'!$B$3:$Z$4,2,FALSE)*(VLOOKUP($B20,carga_horaria[],2,FALSE)/2)))+HLOOKUP(HR_A_FAZER[[#Headers],[JULHO]],'DIAS FRACIONADOS'!$B$3:$Y$4,2,FALSE),(VLOOKUP($B20,carga_horaria[],2,FALSE)*(HLOOKUP(I$3,'DIA UTEIS'!$B$4:$M$6,3,FALSE)))+HLOOKUP(HR_A_FAZER[[#Headers],[JULHO]],'DIAS FRACIONADOS'!$B$3:$Y$4,2,FALSE))) -> 7.3333333 | J20: =IF(VLOOKUP($B20,quadro_de_func[#All],3,FALSE)="MENOR APRENDIZ",VLOOKUP($B20,carga_horaria[],2,FALSE)*(HLOOKUP(J$3,'DIA UTEIS'!$B$4:$M$6,3,FALSE)+COUNTA('DIAS FRACIONADOS'!$B$6:$B$12)),IF(VLOOKUP($B20,quadro_de_func[#All],3,FALSE)="ESTAGIÁRIO",((VLOOKUP($B20,carga_horaria[],2,FALSE)*HLOOKUP(J$3,'DIA UTEIS'!$B$4:$M$6,3,FALSE))-(HLOOKUP($B20,'EST. PROVAS'!$B$3:$Z$4,2,FALSE)*(VLOOKUP($B20,carga_horaria[],2,FALSE)/2)))+HLOOKUP(HR_A_FAZER[[#Headers],[AGOSTO]],'DIAS FRACIONADOS'!$B$3:$Y$4,2,FALSE),(VLOOKUP($B20,carga_horaria[],2,FALSE)*(HLOOKUP(J$3,'DIA UTEIS'!$B$4:$M$6,3,FALSE)))+HLOOKUP(HR_A_FAZER[[#Headers],[AGOSTO]],'DIAS FRACIONADOS'!$B$3:$Y$4,2,FALSE))) -> 7.3333333 | K20: =IF(VLOOKUP($B20,quadro_de_func[#All],3,FALSE)="MENOR APRENDIZ",VLOOKUP($B20,carga_horaria[],2,FALSE)*(HLOOKUP(K$3,'DIA UTEIS'!$B$4:$M$6,3,FALSE)+COUNTA('DIAS FRACIONADOS'!$B$6:$B$12)),IF(VLOOKUP($B20,quadro_de_func[#All],3,FALSE)="ESTAGIÁRIO",((VLOOKUP($B20,carga_horaria[],2,FALSE)*HLOOKUP(K$3,'DIA UTEIS'!$B$4:$M$6,3,FALSE))-(HLOOKUP($B20,'EST. PROVAS'!$B$3:$Z$4,2,FALSE)*(VLOOKUP($B20,carga_horaria[],2,FALSE)/2)))+HLOOKUP(HR_A_FAZER[[#Headers],[SETEMBRO]],'DIAS FRACIONADOS'!$B$3:$Y$4,2,FALSE),(VLOOKUP($B20,carga_horaria[],2,FALSE)*(HLOOKUP(K$3,'DIA UTEIS'!$B$4:$M$6,3,FALSE)))+HLOOKUP(HR_A_FAZER[[#Headers],[SETEMBRO]],'DIAS FRACIONADOS'!$B$3:$Y$4,2,FALSE))) -> 6.6666667 | L20: =IF(VLOOKUP($B20,quadro_de_func[#All],3,FALSE)="MENOR APRENDIZ",VLOOKUP($B20,carga_horaria[],2,FALSE)*(HLOOKUP(L$3,'DIA UTEIS'!$B$4:$M$6,3,FALSE)+COUNTA('DIAS FRACIONADOS'!$B$6:$B$12)),IF(VLOOKUP($B20,quadro_de_func[#All],3,FALSE)="ESTAGIÁRIO",((VLOOKUP($B20,carga_horaria[],2,FALSE)*HLOOKUP(L$3,'DIA UTEIS'!$B$4:$M$6,3,FALSE))-(HLOOKUP($B20,'EST. PROVAS'!$B$3:$Z$4,2,FALSE)*(VLOOKUP($B20,carga_horaria[],2,FALSE)/2)))+HLOOKUP(HR_A_FAZER[[#Headers],[OUTUBRO]],'DIAS FRACIONADOS'!$B$3:$Y$4,2,FALSE),(VLOOKUP($B20,carga_horaria[],2,FALSE)*(HLOOKUP(L$3,'DIA UTEIS'!$B$4:$M$6,3,FALSE)))+HLOOKUP(HR_A_FAZER[[#Headers],[OUTUBRO]],'DIAS FRACIONADOS'!$B$3:$Y$4,2,FALSE))) -> 7.6666667 | M20: =IF(VLOOKUP($B20,quadro_de_func[#All],3,FALSE)="MENOR APRENDIZ",VLOOKUP($B20,carga_horaria[],2,FALSE)*(HLOOKUP(M$3,'DIA UTEIS'!$B$4:$M$6,3,FALSE)+COUNTA('DIAS FRACIONADOS'!$B$6:$B$12)),IF(VLOOKUP($B20,quadro_de_func[#All],3,FALSE)="ESTAGIÁRIO",((VLOOKUP($B20,carga_horaria[],2,FALSE)*HLOOKUP(M$3,'DIA UTEIS'!$B$4:$M$6,3,FALSE))-(HLOOKUP($B20,'EST. PROVAS'!$B$3:$Z$4,2,FALSE)*(VLOOKUP($B20,carga_horaria[],2,FALSE)/2)))+HLOOKUP(HR_A_FAZER[[#Headers],[NOVEMBRO]],'DIAS FRACIONADOS'!$B$3:$Y$4,2,FALSE),(VLOOKUP($B20,carga_horaria[],2,FALSE)*(HLOOKUP(M$3,'DIA UTEIS'!$B$4:$M$6,3,FALSE)))+HLOOKUP(HR_A_FAZER[[#Headers],[NOVEMBRO]],'DIAS FRACIONADOS'!$B$3:$Y$4,2,FALSE))) -> 6.6666667 | N20: =IF(VLOOKUP($B20,quadro_de_func[#All],3,FALSE)="MENOR APRENDIZ",VLOOKUP($B20,carga_horaria[],2,FALSE)*(HLOOKUP(N$3,'DIA UTEIS'!$B$4:$M$6,3,FALSE)+COUNTA('DIAS FRACIONADOS'!$B$6:$B$12)),IF(VLOOKUP($B20,quadro_de_func[#All],3,FALSE)="ESTAGIÁRIO",((VLOOKUP($B20,carga_horaria[],2,FALSE)*HLOOKUP(N$3,'DIA UTEIS'!$B$4:$M$6,3,FALSE))-(HLOOKUP($B20,'EST. PROVAS'!$B$3:$Z$4,2,FALSE)*(VLOOKUP($B20,carga_horaria[],2,FALSE)/2)))+HLOOKUP(HR_A_FAZER[[#Headers],[DEZEMBRO]],'DIAS FRACIONADOS'!$B$3:$Y$4,2,FALSE),(VLOOKUP($B20,carga_horaria[],2,FALSE)*(HLOOKUP(N$3,'DIA UTEIS'!$B$4:$M$6,3,FALSE)))+HLOOKUP(HR_A_FAZER[[#Headers],[DEZEMBRO]],'DIAS FRACIONADOS'!$B$3:$Y$4,2,FALSE))) -> 7

Sheet BD
B2: BANCO DE HORAS
B3: NOME | C3: SALDO ANTERIOR | D3: JANEIRO | E3: FEVEREIRO | F3: MARÇO | G3: ABRIL | H3: MAIO | I3: JUNHO | J3: JULHO | K3: AGOSTO | L3: SETEMBRO | M3: OUTUBRO | N3: NOVEMBRO | O3: DEZEMBRO
B4: =quadro_de_func[[#This Row],[NOME]] -> Amanda | D4: =IF(VLOOKUP(BANCO_HR[[#This Row],[NOME]],HR_FEITAS[#All],2,FALSE)="","",ABS(VLOOKUP(BANCO_HR[[#This Row],[NOME]],HR_A_FAZER[#All],2,FALSE)-VLOOKUP(BANCO_HR[[#This Row],[NOME]],HR_FEITAS[#All],2,FALSE))) | E4: =IF(VLOOKUP(BANCO_HR[[#This Row],[NOME]],HR_FEITAS[#All],3,FALSE)="","",ABS(VLOOKUP(BANCO_HR[[#This Row],[NOME]],HR_A_FAZER[#All],3,FALSE)-VLOOKUP(BANCO_HR[[#This Row],[NOME]],HR_FEITAS[#All],3,FALSE))) | F4: =IF(VLOOKUP(BANCO_HR[[#This Row],[NOME]],HR_FEITAS[#All],4,FALSE)="","",ABS(VLOOKUP(BANCO_HR[[#This Row],[NOME]],HR_A_FAZER[#All],4,FALSE)-VLOOKUP(BANCO_HR[[#This Row],[NOME]],HR_FEITAS[#All],4,FALSE))) | G4: =IF(VLOOKUP(BANCO_HR[[#This Row],[NOME]],HR_FEITAS[#All],5,FALSE)="","",ABS(VLOOKUP(BANCO_HR[[#This Row],[NOME]],HR_A_FAZER[#All],5,FALSE)-VLOOKUP(BANCO_HR[[#This Row],[NOME]],HR_FEITAS[#All],5,FALSE))) | H4: =IF(VLOOKUP(BANCO_HR[[#This Row],[NOME]],HR_FEITAS[#All],6,FALSE)="","",ABS(VLOOKUP(BANCO_HR[[#This Row],[NOME]],HR_A_FAZER[#All],6,FALSE)-VLOOKUP(BANCO_HR[[#This Row],[NOME]],HR_FEITAS[#All],6,FALSE))) | I4: =IF(VLOOKUP(BANCO_HR[[#This Row],[NOME]],HR_FEITAS[#All],7,FALSE)="","",ABS(VLOOKUP(BANCO_HR[[#This Row],[NOME]],HR_A_FAZER[#All],7,FALSE)-VLOOKUP(BANCO_HR[[#This Row],[NOME]],HR_FEITAS[#All],7,FALSE))) | J4: =IF(VLOOKUP(BANCO_HR[[#This Row],[NOME]],HR_FEITAS[#All],8,FALSE)="","",ABS(VLOOKUP(BANCO_HR[[#This Row],[NOME]],HR_A_FAZER[#All],8,FALSE)-VLOOKUP(BANCO_HR[[#This Row],[NOME]],HR_FEITAS[#All],8,FALSE))) | K4: =IF(VLOOKUP(BANCO_HR[[#This Row],[NOME]],HR_FEITAS[#All],9,FALSE)="","",ABS(VLOOKUP(BANCO_HR[[#This Row],[NOME]],HR_A_FAZER[#All],9,FALSE)-VLOOKUP(BANCO_HR[[#This Row],[NOME]],HR_FEITAS[#All],9,FALSE))) | L4: =IF(VLOOKUP(BANCO_HR[[#This Row],[NOME]],HR_FEITAS[#All],10,FALSE)="","",ABS(VLOOKUP(BANCO_HR[[#This Row],[NOME]],HR_A_FAZER[#All],10,FALSE)-VLOOKUP(BANCO_HR[[#This Row],[NOME]],HR_FEITAS[#All],10,FALSE))) | M4: =IF(VLOOKUP(BANCO_HR[[#This Row],[NOME]],HR_FEITAS[#All],11,FALSE)="","",ABS(VLOOKUP(BANCO_HR[[#This Row],[NOME]],HR_A_FAZER[#All],11,FALSE)-VLOOKUP(BANCO_HR[[#This Row],[NOME]],HR_FEITAS[#All],11,FALSE))) | N4: =IF(VLOOKUP(BANCO_HR[[#This Row],[NOME]],HR_FEITAS[#All],12,FALSE)="","",ABS(VLOOKUP(BANCO_HR[[#This Row],[NOME]],HR_A_FAZER[#All],12,FALSE)-VLOOKUP(BANCO_HR[[#This Row],[NOME]],HR_FEITAS[#All],12,FALSE))) | O4: =IF(VLOOKUP(BANCO_HR[[#This Row],[NOME]],HR_FEITAS[#All],13,FALSE)="","",ABS(VLOOKUP(BANCO_HR[[#This Row],[NOME]],HR_A_FAZER[#All],13,FALSE)-VLOOKUP(BANCO_HR[[#This Row],[NOME]],HR_FEITAS[#All],13,FALSE)))
B5: =quadro_de_func[[#This Row],[NOME]] -> Bruna | D5: =IF(VLOOKUP(BANCO_HR[[#This Row],[NOME]],HR_FEITAS[#All],2,FALSE)="","",ABS(VLOOKUP(BANCO_HR[[#This Row],[NOME]],HR_A_FAZER[#All],2,FALSE)-VLOOKUP(BANCO_HR[[#This Row],[NOME]],HR_FEITAS[#All],2,FALSE))) | E5: =IF(VLOOKUP(BANCO_HR[[#This Row],[NOME]],HR_FEITAS[#All],3,FALSE)="","",ABS(VLOOKUP(BANCO_HR[[#This Row],[NOME]],HR_A_FAZER[#All],3,FALSE)-VLOOKUP(BANCO_HR[[#This Row],[NOME]],HR_FEITAS[#All],3,FALSE))) -> 0.65416667 | F5: =IF(VLOOKUP(BANCO_HR[[#This Row],[NOME]],HR_FEITAS[#All],4,FALSE)="","",ABS(VLOOKUP(BANCO_HR[[#This Row],[NOME]],HR_A_FAZER[#All],4,FALSE)-VLOOKUP(BANCO_HR[[#This Row],[NOME]],HR_FEITAS[#All],4,FALSE))) -> 1.51875 | G5: =IF(VLOOKUP(BANCO_HR[[#This Row],[NOME]],HR_FEITAS[#All],5,FALSE)="","",ABS(VLOOKUP(BANCO_HR[[#This Row],[NOME]],HR_A_FAZER[#All],5,FALSE)-VLOOKUP(BANCO_HR[[#This Row],[NOME]],HR_FEITAS[#All],5,FALSE))) | H5: =IF(VLOOKUP(BANCO_HR[[#This Row],[NOME]],HR_FEITAS[#All],6,FALSE)="","",ABS(VLOOKUP(BANCO_HR[[#This Row],[NOME]],HR_A_FAZER[#All],6,FALSE)-VLOOKUP(BANCO_HR[[#This Row],[NOME]],HR_FEITAS[#All],6,FALSE))) | I5: =IF(VLOOKUP(BANCO_HR[[#This Row],[NOME]],HR_FEITAS[#All],7,FALSE)="","",ABS(VLOOKUP(BANCO_HR[[#This Row],[NOME]],HR_A_FAZER[#All],7,FALSE)-VLOOKUP(BANCO_HR[[#This Row],[NOME]],HR_FEITAS[#All],7,FALSE))) | J5: =IF(VLOOKUP(BANCO_HR[[#This Row],[NOME]],HR_FEITAS[#All],8,FALSE)="","",ABS(VLOOKUP(BANCO_HR[[#This Row],[NOME]],HR_A_FAZER[#All],8,FALSE)-VLOOKUP(BANCO_HR[[#This Row],[NOME]],HR_FEITAS[#All],8,FALSE))) | K5: =IF(VLOOKUP(BANCO_HR[[#This Row],[NOME]],HR_FEITAS[#All],9,FALSE)="","",ABS(VLOOKUP(BANCO_HR[[#This Row],[NOME]],HR_A_FAZER[#All],9,FALSE)-VLOOKUP(BANCO_HR[[#This Row],[NOME]],HR_FEITAS[#All],9,FALSE))) | L5: =IF(VLOOKUP(BANCO_HR[[#This Row],[NOME]],HR_FEITAS[#All],10,FALSE)="","",ABS(VLOOKUP(BANCO_HR[[#This Row],[NOME]],HR_A_FAZER[#All],10,FALSE)-VLOOKUP(BANCO_HR[[#This Row],[NOME]],HR_FEITAS[#All],10,FALSE))) | M5: =IF(VLOOKUP(BANCO_HR[[#This Row],[NOME]],HR_FEITAS[#All],11,FALSE)="","",ABS(VLOOKUP(BANCO_HR[[#This Row],[NOME]],HR_A_FAZER[#All],11,FALSE)-VLOOKUP(BANCO_HR[[#This Row],[NOME]],HR_FEITAS[#All],11,FALSE))) | N5: =IF(VLOOKUP(BANCO_HR[[#This Row],[NOME]],HR_FEITAS[#All],12,FALSE)="","",ABS(VLOOKUP(BANCO_HR[[#This Row],[NOME]],HR_A_FAZER[#All],12,FALSE)-VLOOKUP(BANCO_HR[[#This Row],[NOME]],HR_FEITAS[#All],12,FALSE))) | O5: =IF(VLOOKUP(BANCO_HR[[#This Row],[NOME]],HR_FEITAS[#All],13,FALSE)="","",ABS(VLOOKUP(BANCO_HR[[#This Row],[NOME]],HR_A_FAZER[#All],13,FALSE)-VLOOKUP(BANCO_HR[[#This Row],[NOME]],HR_FEITAS[#All],13,FALSE)))
B6: =quadro_de_func[[#This Row],[NOME]] -> Daiani | C6: 0 | D6: =IF(VLOOKUP(BANCO_HR[[#This Row],[NOME]],HR_FEITAS[#All],2,FALSE)="","",ABS(VLOOKUP(BANCO_HR[[#This Row],[NOME]],HR_A_FAZER[#All],2,FALSE)-VLOOKUP(BANCO_HR[[#This Row],[NOME]],HR_FEITAS[#All],2,FALSE))) -> 0.31458333 | E6: =IF(VLOOKUP(BANCO_HR[[#This Row],[NOME]],HR_FEITAS[#All],3,FALSE)="","",ABS(VLOOKUP(BANCO_HR[[#This Row],[NOME]],HR_A_FAZER[#All],3,FALSE)-VLOOKUP(BANCO_HR[[#This Row],[NOME]],HR_FEITAS[#All],3,FALSE))) -> 0.17569444 | F6: =IF(VLOOKUP(BANCO_HR[[#This Row],[NOME]],HR_FEITAS[#All],4,FALSE)="","",ABS(VLOOKUP(BANCO_HR[[#This Row],[NOME]],HR_A_FAZER[#All],4,FALSE)-VLOOKUP(BANCO_HR[[#This Row],[NOME]],HR_FEITAS[#All],4,FALSE))) -> 6.3958333 | G6: =IF(VLOOKUP(BANCO_HR[[#This Row],[NOME]],HR_FEITAS[#All],5,FALSE)="","",ABS(VLOOKUP(BANCO_HR[[#This Row],[NOME]],HR_A_FAZER[#All],5,FALSE)-VLOOKUP(BANCO_HR[[#This Row],[NOME]],HR_FEITAS[#All],5,FALSE))) | H6: =IF(VLOOKUP(BANCO_HR[[#This Row],[NOME]],HR_FEITAS[#All],6,FALSE)="","",ABS(VLOOKUP(BANCO_HR[[#This Row],[NOME]],HR_A_FAZER[#All],6,FALSE)-VLOOKUP(BANCO_HR[[#This Row],[NOME]],HR_FEITAS[#All],6,FALSE))) | I6: =IF(VLOOKUP(BANCO_HR[[#This Row],[NOME]],HR_FEITAS[#All],7,FALSE)="","",ABS(VLOOKUP(BANCO_HR[[#This Row],[NOME]],HR_A_FAZER[#All],7,FALSE)-VLOOKUP(BANCO_HR[[#This Row],[NOME]],HR_FEITAS[#All],7,FALSE))) | J6: =IF(VLOOKUP(BANCO_HR[[#This Row],[NOME]],HR_FEITAS[#All],8,FALSE)="","",ABS(VLOOKUP(BANCO_HR[[#This Row],[NOME]],HR_A_FAZER[#All],8,FALSE)-VLOOKUP(BANCO_HR[[#This Row],[NOME]],HR_FEITAS[#All],8,FALSE))) | K6: =IF(VLOOKUP(BANCO_HR[[#This Row],[NOME]],HR_FEITAS[#All],9,FALSE)="","",ABS(VLOOKUP(BANCO_HR[[#This Row],[NOME]],HR_A_FAZER[#All],9,FALSE)-VLOOKUP(BANCO_HR[[#This Row],[NOME]],HR_FEITAS[#All],9,FALSE))) | L6: =IF(VLOOKUP(BANCO_HR[[#This Row],[NOME]],HR_FEITAS[#All],10,FALSE)="","",ABS(VLOOKUP(BANCO_HR[[#This Row],[NOME]],HR_A_FAZER[#All],10,FALSE)-VLOOKUP(BANCO_HR[[#This Row],[NOME]],HR_FEITAS[#All],10,FALSE))) | M6: =IF(VLOOKUP(BANCO_HR[[#This Row],[NOME]],HR_FEITAS[#All],11,FALSE)="","",ABS(VLOOKUP(BANCO_HR[[#This Row],[NOME]],HR_A_FAZER[#All],11,FALSE)-VLOOKUP(BANCO_HR[[#This Row],[NOME]],HR_FEITAS[#All],11,FALSE))) | N6: =IF(VLOOKUP(BANCO_HR[[#This Row],[NOME]],HR_FEITAS[#All],12,FALSE)="","",ABS(VLOOKUP(BANCO_HR[[#This Row],[NOME]],HR_A_FAZER[#All],12,FALSE)-VLOOKUP(BANCO_HR[[#This Row],[NOME]],HR_FEITAS[#All],12,FALSE))) | O6: =IF(VLOOKUP(BANCO_HR[[#This Row],[NOME]],HR_FEITAS[#All],13,FALSE)="","",ABS(VLOOKUP(BANCO_HR[[#This Row],[NOME]],HR_A_FAZER[#All],13,FALSE)-VLOOKUP(BANCO_HR[[#This Row],[NOME]],HR_FEITAS[#All],13,FALSE)))
B7: =quadro_de_func[[#This Row],[NOME]] -> Érica | D7: =IF(VLOOKUP(BANCO_HR[[#This Row],[NOME]],HR_FEITAS[#All],2,FALSE)="","",ABS(VLOOKUP(BANCO_HR[[#This Row],[NOME]],HR_A_FAZER[#All],2,FALSE)-VLOOKUP(BANCO_HR[[#This Row],[NOME]],HR_FEITAS[#All],2,FALSE))) | E7: =IF(VLOOKUP(BANCO_HR[[#This Row],[NOME]],HR_FEITAS[#All],3,FALSE)="","",ABS(VLOOKUP(BANCO_HR[[#This Row],[NOME]],HR_A_FAZER[#All],3,FALSE)-VLOOKUP(BANCO_HR[[#This Row],[NOME]],HR_FEITAS[#All],3,FALSE))) | F7: =IF(VLOOKUP(BANCO_HR[[#This Row],[NOME]],HR_FEITAS[#All],4,FALSE)="","",ABS(VLOOKUP(BANCO_HR[[#This Row],[NOME]],HR_A_FAZER[#All],4,FALSE)-VLOOKUP(BANCO_HR[[#This Row],[NOME]],HR_FEITAS[#All],4,FALSE))) | G7: =IF(VLOOKUP(BANCO_HR[[#This Row],[NOME]],HR_FEITAS[#All],5,FALSE)="","",ABS(VLOOKUP(BANCO_HR[[#This Row],[NOME]],HR_A_FAZER[#All],5,FALSE)-VLOOKUP(BANCO_HR[[#This Row],[NOME]],HR_FEITAS[#All],5,FALSE))) | H7: =IF(VLOOKUP(BANCO_HR[[#This Row],[NOME]],HR_FEITAS[#All],6,FALSE)="","",ABS(VLOOKUP(BANCO_HR[[#This Row],[NOME]],HR_A_FAZER[#All],6,FALSE)-VLOOKUP(BANCO_HR[[#This Row],[NOME]],HR_FEITAS[#All],6,FALSE))) | I7: =IF(VLOOKUP(BANCO_HR[[#This Row],[NOME]],HR_FEITAS[#All],7,FALSE)="","",ABS(VLOOKUP(BANCO_HR[[#This Row],[NOME]],HR_A_FAZER[#All],7,FALSE)-VLOOKUP(BANCO_HR[[#This Row],[NOME]],HR_FEITAS[#All],7,FALSE))) | J7: =IF(VLOOKUP(BANCO_HR[[#This Row],[NOME]],HR_FEITAS[#All],8,FALSE)="","",ABS(VLOOKUP(BANCO_HR[[#This Row],[NOME]],HR_A_FAZER[#All],8,FALSE)-VLOOKUP(BANCO_HR[[#This Row],[NOME]],HR_FEITAS[#All],8,FALSE))) | K7: =IF(VLOOKUP(BANCO_HR[[#This Row],[NOME]],HR_FEITAS[#All],9,FALSE)="","",ABS(VLOOKUP(BANCO_HR[[#This Row],[NOME]],HR_A_FAZER[#All],9,FALSE)-VLOOKUP(BANCO_HR[[#This Row],[NOME]],HR_FEITAS[#All],9,FALSE))) | L7: =IF(VLOOKUP(BANCO_HR[[#This Row],[NOME]],HR_FEITAS[#All],10,FALSE)="","",ABS(VLOOKUP(BANCO_HR[[#This Row],[NOME]],HR_A_FAZER[#All],10,FALSE)-VLOOKUP(BANCO_HR[[#This Row],[NOME]],HR_FEITAS[#All],10,FALSE))) | M7: =IF(VLOOKUP(BANCO_HR[[#This Row],[NOME]],HR_FEITAS[#All],11,FALSE)="","",ABS(VLOOKUP(BANCO_HR[[#This Row],[NOME]],HR_A_FAZER[#All],11,FALSE)-VLOOKUP(BANCO_HR[[#This Row],[NOME]],HR_FEITAS[#All],11,FALSE))) | N7: =IF(VLOOKUP(BANCO_HR[[#This Row],[NOME]],HR_FEITAS[#All],12,FALSE)="","",ABS(VLOOKUP(BANCO_HR[[#This Row],[NOME]],HR_A_FAZER[#All],12,FALSE)-VLOOKUP(BANCO_HR[[#This Row],[NOME]],HR_FEITAS[#All],12,FALSE))) | O7: =IF(VLOOKUP(BANCO_HR[[#This Row],[NOME]],HR_FEITAS[#All],13,FALSE)="","",ABS(VLOOKUP(BANCO_HR[[#This Row],[NOME]],HR_A_FAZER[#All],13,FALSE)-VLOOKUP(BANCO_HR[[#This Row],[NOME]],HR_FEITAS[#All],13,FALSE)))
B8: =quadro_de_func[[#This Row],[NOME]] -> func 5 | D8: =IF(VLOOKUP(BANCO_HR[[#This Row],[NOME]],HR_FEITAS[#All],2,FALSE)="","",ABS(VLOOKUP(BANCO_HR[[#This Row],[NOME]],HR_A_FAZER[#All],2,FALSE)-VLOOKUP(BANCO_HR[[#This Row],[NOME]],HR_FEITAS[#All],2,FALSE))) | E8: =IF(VLOOKUP(BANCO_HR[[#This Row],[NOME]],HR_FEITAS[#All],3,FALSE)="","",ABS(VLOOKUP(BANCO_HR[[#This Row],[NOME]],HR_A_FAZER[#All],3,FALSE)-VLOOKUP(BANCO_HR[[#This Row],[NOME]],HR_FEITAS[#All],3,FALSE))) | F8: =IF(VLOOKUP(BANCO_HR[[#This Row],[NOME]],HR_FEITAS[#All],4,FALSE)="","",ABS(VLOOKUP(BANCO_HR[[#This Row],[NOME]],HR_A_FAZER[#All],4,FALSE)-VLOOKUP(BANCO_HR[[#This Row],[NOME]],HR_FEITAS[#All],4,FALSE))) | G8: =IF(VLOOKUP(BANCO_HR[[#This Row],[NOME]],HR_FEITAS[#All],5,FALSE)="","",ABS(VLOOKUP(BANCO_HR[[#This Row],[NOME]],HR_A_FAZER[#All],5,FALSE)-VLOOKUP(BANCO_HR[[#This Row],[NOME]],HR_FEITAS[#All],5,FALSE))) | H8: =IF(VLOOKUP(BANCO_HR[[#This Row],[NOME]],HR_FEITAS[#All],6,FALSE)="","",ABS(VLOOKUP(BANCO_HR[[#This Row],[NOME]],HR_A_FAZER[#All],6,FALSE)-VLOOKUP(BANCO_HR[[#This Row],[NOME]],HR_FEITAS[#All],6,FALSE))) | I8: =IF(VLOOKUP(BANCO_HR[[#This Row],[NOME]],HR_FEITAS[#All],7,FALSE)="","",ABS(VLOOKUP(BANCO_HR[[#This Row],[NOME]],HR_A_FAZER[#All],7,FALSE)-VLOOKUP(BANCO_HR[[#This Row],[NOME]],HR_FEITAS[#All],7,FALSE))) | J8: =IF(VLOOKUP(BANCO_HR[[#This Row],[NOME]],HR_FEITAS[#All],8,FALSE)="","",ABS(VLOOKUP(BANCO_HR[[#This Row],[NOME]],HR_A_FAZER[#All],8,FALSE)-VLOOKUP(BANCO_HR[[#This Row],[NOME]],HR_FEITAS[#All],8,FALSE))) | K8: =IF(VLOOKUP(BANCO_HR[[#This Row],[NOME]],HR_FEITAS[#All],9,FALSE)="","",ABS(VLOOKUP(BANCO_HR[[#This Row],[NOME]],HR_A_FAZER[#All],9,FALSE)-VLOOKUP(BANCO_HR[[#This Row],[NOME]],HR_FEITAS[#All],9,FALSE))) | L8: =IF(VLOOKUP(BANCO_HR[[#This Row],[NOME]],HR_FEITAS[#All],10,FALSE)="","",ABS(VLOOKUP(BANCO_HR[[#This Row],[NOME]],HR_A_FAZER[#All],10,FALSE)-VLOOKUP(BANCO_HR[[#This Row],[NOME]],HR_FEITAS[#All],10,FALSE))) | M8: =IF(VLOOKUP(BANCO_HR[[#This Row],[NOME]],HR_FEITAS[#All],11,FALSE)="","",ABS(VLOOKUP(BANCO_HR[[#This Row],[NOME]],HR_A_FAZER[#All],11,FALSE)-VLOOKUP(BANCO_HR[[#This Row],[NOME]],HR_FEITAS[#All],11,FALSE))) | N8: =IF(VLOOKUP(BANCO_HR[[#This Row],[NOME]],HR_FEITAS[#All],12,FALSE)="","",ABS(VLOOKUP(BANCO_HR[[#This Row],[NOME]],HR_A_FAZER[#All],12,FALSE)-VLOOKUP(BANCO_HR[[#This Row],[NOME]],HR_FEITAS[#All],12,FALSE))) | O8: =IF(VLOOKUP(BANCO_HR[[#This Row],[NOME]],HR_FEITAS[#All],13,FALSE)="","",ABS(VLOOKUP(BANCO_HR[[#This Row],[NOME]],HR_A_FAZER[#All],13,FALSE)-VLOOKUP(BANCO_HR[[#This Row],[NOME]],HR_FEITAS[#All],13,FALSE)))
B9: =quadro_de_func[[#This Row],[NOME]] -> func 6 | D9: =IF(VLOOKUP(BANCO_HR[[#This Row],[NOME]],HR_FEITAS[#All],2,FALSE)="","",ABS(VLOOKUP(BANCO_HR[[#This Row],[NOME]],HR_A_FAZER[#All],2,FALSE)-VLOOKUP(BANCO_HR[[#This Row],[NOME]],HR_FEITAS[#All],2,FALSE))) | E9: =IF(VLOOKUP(BANCO_HR[[#This Row],[NOME]],HR_FEITAS[#All],3,FALSE)="","",ABS(VLOOKUP(BANCO_HR[[#This Row],[NOME]],HR_A_FAZER[#All],3,FALSE)-VLOOKUP(BANCO_HR[[#This Row],[NOME]],HR_FEITAS[#All],3,FALSE))) | F9: =IF(VLOOKUP(BANCO_HR[[#This Row],[NOME]],HR_FEITAS[#All],4,FALSE)="","",ABS(VLOOKUP(BANCO_HR[[#This Row],[NOME]],HR_A_FAZER[#All],4,FALSE)-VLOOKUP(BANCO_HR[[#This Row],[NOME]],HR_FEITAS[#All],4,FALSE))) | G9: =IF(VLOOKUP(BANCO_HR[[#This Row],[NOME]],HR_FEITAS[#All],5,FALSE)="","",ABS(VLOOKUP(BANCO_HR[[#This Row],[NOME]],HR_A_FAZER[#All],5,FALSE)-VLOOKUP(BANCO_HR[[#This Row],[NOME]],HR_FEITAS[#All],5,FALSE))) | H9: =IF(VLOOKUP(BANCO_HR[[#This Row],[NOME]],HR_FEITAS[#All],6,FALSE)="","",ABS(VLOOKUP(BANCO_HR[[#This Row],[NOME]],HR_A_FAZER[#All],6,FALSE)-VLOOKUP(BANCO_HR[[#This Row],[NOME]],HR_FEITAS[#All],6,FALSE))) | I9: =IF(VLOOKUP(BANCO_HR[[#This Row],[NOME]],HR_FEITAS[#All],7,FALSE)="","",ABS(VLOOKUP(BANCO_HR[[#This Row],[NOME]],HR_A_FAZER[#All],7,FALSE)-VLOOKUP(BANCO_HR[[#This Row],[NOME]],HR_FEITAS[#All],7,FALSE))) | J9: =IF(VLOOKUP(BANCO_HR[[#This Row],[NOME]],HR_FEITAS[#All],8,FALSE)="","",ABS(VLOOKUP(BANCO_HR[[#This Row],[NOME]],HR_A_FAZER[#All],8,FALSE)-VLOOKUP(BANCO_HR[[#This Row],[NOME]],HR_FEITAS[#All],8,FALSE))) | K9: =IF(VLOOKUP(BANCO_HR[[#This Row],[NOME]],HR_FEITAS[#All],9,FALSE)="","",ABS(VLOOKUP(BANCO_HR[[#This Row],[NOME]],HR_A_FAZER[#All],9,FALSE)-VLOOKUP(BANCO_HR[[#This Row],[NOME]],HR_FEITAS[#All],9,FALSE))) | L9: =IF(VLOOKUP(BANCO_HR[[#This Row],[NOME]],HR_FEITAS[#All],10,FALSE)="","",ABS(VLOOKUP(BANCO_HR[[#This Row],[NOME]],HR_A_FAZER[#All],10,FALSE)-VLOOKUP(BANCO_HR[[#This Row],[NOME]],HR_FEITAS[#All],10,FALSE))) | M9: =IF(VLOOKUP(BANCO_HR[[#This Row],[NOME]],HR_FEITAS[#All],11,FALSE)="","",ABS(VLOOKUP(BANCO_HR[[#This Row],[NOME]],HR_A_FAZER[#All],11,FALSE)-VLOOKUP(BANCO_HR[[#This Row],[NOME]],HR_FEITAS[#All],11,FALSE))) | N9: =IF(VLOOKUP(BANCO_HR[[#This Row],[NOME]],HR_FEITAS[#All],12,FALSE)="","",ABS(VLOOKUP(BANCO_HR[[#This Row],[NOME]],HR_A_FAZER[#All],12,FALSE)-VLOOKUP(BANCO_HR[[#This Row],[NOME]],HR_FEITAS[#All],12,FALSE))) | O9: =IF(VLOOKUP(BANCO_HR[[#This Row],[NOME]],HR_FEITAS[#All],13,FALSE)="","",ABS(VLOOKUP(BANCO_HR[[#This Row],[NOME]],HR_A_FAZER[#All],13,FALSE)-VLOOKUP(BANCO_HR[[#This Row],[NOME]],HR_FEITAS[#All],13,FALSE)))
B10: =quadro_de_func[[#This Row],[NOME]] -> func 7 | D10: =IF(VLOOKUP(BANCO_HR[[#This Row],[NOME]],HR_FEITAS[#All],2,FALSE)="","",ABS(VLOOKUP(BANCO_HR[[#This Row],[NOME]],HR_A_FAZER[#All],2,FALSE)-VLOOKUP(BANCO_HR[[#This Row],[NOME]],HR_FEITAS[#All],2,FALSE))) | E10: =IF(VLOOKUP(BANCO_HR[[#This Row],[NOME]],HR_FEITAS[#All],3,FALSE)="","",ABS(VLOOKUP(BANCO_HR[[#This Row],[NOME]],HR_A_FAZER[#All],3,FALSE)-VLOOKUP(BANCO_HR[[#This Row],[NOME]],HR_FEITAS[#All],3,FALSE))) | F10: =IF(VLOOKUP(BANCO_HR[[#This Row],[NOME]],HR_FEITAS[#All],4,FALSE)="","",ABS(VLOOKUP(BANCO_HR[[#This Row],[NOME]],HR_A_FAZER[#All],4,FALSE)-VLOOKUP(BANCO_HR[[#This Row],[NOME]],HR_FEITAS[#All],4,FALSE))) | G10: =IF(VLOOKUP(BANCO_HR[[#This Row],[NOME]],HR_FEITAS[#All],5,FALSE)="","",ABS(VLOOKUP(BANCO_HR[[#This Row],[NOME]],HR_A_FAZER[#All],5,FALSE)-VLOOKUP(BANCO_HR[[#This Row],[NOME]],HR_FEITAS[#All],5,FALSE))) | H10: =IF(VLOOKUP(BANCO_HR[[#This Row],[NOME]],HR_FEITAS[#All],6,FALSE)="","",ABS(VLOOKUP(BANCO_HR[[#This Row],[NOME]],HR_A_FAZER[#All],6,FALSE)-VLOOKUP(BANCO_HR[[#This Row],[NOME]],HR_FEITAS[#All],6,FALSE))) | I10: =IF(VLOOKUP(BANCO_HR[[#This Row],[NOME]],HR_FEITAS[#All],7,FALSE)="","",ABS(VLOOKUP(BANCO_HR[[#This Row],[NOME]],HR_A_FAZER[#All],7,FALSE)-VLOOKUP(BANCO_HR[[#This Row],[NOME]],HR_FEITAS[#All],7,FALSE))) | J10: =IF(VLOOKUP(BANCO_HR[[#This Row],[NOME]],HR_FEITAS[#All],8,FALSE)="","",ABS(VLOOKUP(BANCO_HR[[#This Row],[NOME]],HR_A_FAZER[#All],8,FALSE)-VLOOKUP(BANCO_HR[[#This Row],[NOME]],HR_FEITAS[#All],8,FALSE))) | K10: =IF(VLOOKUP(BANCO_HR[[#This Row],[NOME]],HR_FEITAS[#All],9,FALSE)="","",ABS(VLOOKUP(BANCO_HR[[#This Row],[NOME]],HR_A_FAZER[#All],9,FALSE)-VLOOKUP(BANCO_HR[[#This Row],[NOME]],HR_FEITAS[#All],9,FALSE))) | L10: =IF(VLOOKUP(BANCO_HR[[#This Row],[NOME]],HR_FEITAS[#All],10,FALSE)="","",ABS(VLOOKUP(BANCO_HR[[#This Row],[NOME]],HR_A_FAZER[#All],10,FALSE)-VLOOKUP(BANCO_HR[[#This Row],[NOME]],HR_FEITAS[#All],10,FALSE))) | M10: =IF(VLOOKUP(BANCO_HR[[#This Row],[NOME]],HR_FEITAS[#All],11,FALSE)="","",ABS(VLOOKUP(BANCO_HR[[#This Row],[NOME]],HR_A_FAZER[#All],11,FALSE)-VLOOKUP(BANCO_HR[[#This Row],[NOME]],HR_FEITAS[#All],11,FALSE))) | N10: =IF(VLOOKUP(BANCO_HR[[#This Row],[NOME]],HR_FEITAS[#All],12,FALSE)="","",ABS(VLOOKUP(BANCO_HR[[#This Row],[NOME]],HR_A_FAZER[#All],12,FALSE)-VLOOKUP(BANCO_HR[[#This Row],[NOME]],HR_FEITAS[#All],12,FALSE))) | O10: =IF(VLOOKUP(BANCO_HR[[#This Row],[NOME]],HR_FEITAS[#All],13,FALSE)="","",ABS(VLOOKUP(BANCO_HR[[#This Row],[NOME]],HR_A_FAZER[#All],13,FALSE)-VLOOKUP(BANCO_HR[[#This Row],[NOME]],HR_FEITAS[#All],13,FALSE)))
B11: =quadro_de_func[[#This Row],[NOME]] -> func 8 | D11: =IF(VLOOKUP(BANCO_HR[[#This Row],[NOME]],HR_FEITAS[#All],2,FALSE)="","",ABS(VLOOKUP(BANCO_HR[[#This Row],[NOME]],HR_A_FAZER[#All],2,FALSE)-VLOOKUP(BANCO_HR[[#This Row],[NOME]],HR_FEITAS[#All],2,FALSE))) | E11: =IF(VLOOKUP(BANCO_HR[[#This Row],[NOME]],HR_FEITAS[#All],3,FALSE)="","",ABS(VLOOKUP(BANCO_HR[[#This Row],[NOME]],HR_A_FAZER[#All],3,FALSE)-VLOOKUP(BANCO_HR[[#This Row],[NOME]],HR_FEITAS[#All],3,FALSE))) | F11: =IF(VLOOKUP(BANCO_HR[[#This Row],[NOME]],HR_FEITAS[#All],4,FALSE)="","",ABS(VLOOKUP(BANCO_HR[[#This Row],[NOME]],HR_A_FAZER[#All],4,FALSE)-VLOOKUP(BANCO_HR[[#This Row],[NOME]],HR_FEITAS[#All],4,FALSE))) | G11: =IF(VLOOKUP(BANCO_HR[[#This Row],[NOME]],HR_FEITAS[#All],5,FALSE)="","",ABS(VLOOKUP(BANCO_HR[[#This Row],[NOME]],HR_A_FAZER[#All],5,FALSE)-VLOOKUP(BANCO_HR[[#This Row],[NOME]],HR_FEITAS[#All],5,FALSE))) | H11: =IF(VLOOKUP(BANCO_HR[[#This Row],[NOME]],HR_FEITAS[#All],6,FALSE)="","",ABS(VLOOKUP(BANCO_HR[[#This Row],[NOME]],HR_A_FAZER[#All],6,FALSE)-VLOOKUP(BANCO_HR[[#This Row],[NOME]],HR_FEITAS[#All],6,FALSE))) | I11: =IF(VLOOKUP(BANCO_HR[[#This Row],[NOME]],HR_FEITAS[#All],7,FALSE)="","",ABS(VLOOKUP(BANCO_HR[[#This Row],[NOME]],HR_A_FAZER[#All],7,FALSE)-VLOOKUP(BANCO_HR[[#This Row],[NOME]],HR_FEITAS[#All],7,FALSE))) | J11: =IF(VLOOKUP(BANCO_HR[[#This Row],[NOME]],HR_FEITAS[#All],8,FALSE)="","",ABS(VLOOKUP(BANCO_HR[[#This Row],[NOME]],HR_A_FAZER[#All],8,FALSE)-VLOOKUP(BANCO_HR[[#This Row],[NOME]],HR_FEITAS[#All],8,FALSE))) | K11: =IF(VLOOKUP(BANCO_HR[[#This Row],[NOME]],HR_FEITAS[#All],9,FALSE)="","",ABS(VLOOKUP(BANCO_HR[[#This Row],[NOME]],HR_A_FAZER[#All],9,FALSE)-VLOOKUP(BANCO_HR[[#This Row],[NOME]],HR_FEITAS[#All],9,FALSE))) | L11: =IF(VLOOKUP(BANCO_HR[[#This Row],[NOME]],HR_FEITAS[#All],10,FALSE)="","",ABS(VLOOKUP(BANCO_HR[[#This Row],[NOME]],HR_A_FAZER[#All],10,FALSE)-VLOOKUP(BANCO_HR[[#This Row],[NOME]],HR_FEITAS[#All],10,FALSE))) | M11: =IF(VLOOKUP(BANCO_HR[[#This Row],[NOME]],HR_FEITAS[#All],11,FALSE)="","",ABS(VLOOKUP(BANCO_HR[[#This Row],[NOME]],HR_A_FAZER[#All],11,FALSE)-VLOOKUP(BANCO_HR[[#This Row],[NOME]],HR_FEITAS[#All],11,FALSE))) | N11: =IF(VLOOKUP(BANCO_HR[[#This Row],[NOME]],HR_FEITAS[#All],12,FALSE)="","",ABS(VLOOKUP(BANCO_HR[[#This Row],[NOME]],HR_A_FAZER[#All],12,FALSE)-VLOOKUP(BANCO_HR[[#This Row],[NOME]],HR_FEITAS[#All],12,FALSE))) | O11: =IF(VLOOKUP(BANCO_HR[[#This Row],[NOME]],HR_FEITAS[#All],13,FALSE)="","",ABS(VLOOKUP(BANCO_HR[[#This Row],[NOME]],HR_A_FAZER[#All],13,FALSE)-VLOOKUP(BANCO_HR[[#This Row],[NOME]],HR_FEITAS[#All],13,FALSE)))
B12: =quadro_de_func[[#This Row],[NOME]] -> func 9 | D12: =IF(VLOOKUP(BANCO_HR[[#This Row],[NOME]],HR_FEITAS[#All],2,FALSE)="","",ABS(VLOOKUP(BANCO_HR[[#This Row],[NOME]],HR_A_FAZER[#All],2,FALSE)-VLOOKUP(BANCO_HR[[#This Row],[NOME]],HR_FEITAS[#All],2,FALSE))) | E12: =IF(VLOOKUP(BANCO_HR[[#This Row],[NOME]],HR_FEITAS[#All],3,FALSE)="","",ABS(VLOOKUP(BANCO_HR[[#This Row],[NOME]],HR_A_FAZER[#All],3,FALSE)-VLOOKUP(BANCO_HR[[#This Row],[NOME]],HR_FEITAS[#All],3,FALSE))) | F12: =IF(VLOOKUP(BANCO_HR[[#This Row],[NOME]],HR_FEITAS[#All],4,FALSE)="","",ABS(VLOOKUP(BANCO_HR[[#This Row],[NOME]],HR_A_FAZER[#All],4,FALSE)-VLOOKUP(BANCO_HR[[#This Row],[NOME]],HR_FEITAS[#All],4,FALSE))) | G12: =IF(VLOOKUP(BANCO_HR[[#This Row],[NOME]],HR_FEITAS[#All],5,FALSE)="","",ABS(VLOOKUP(BANCO_HR[[#This Row],[NOME]],HR_A_FAZER[#All],5,FALSE)-VLOOKUP(BANCO_HR[[#This Row],[NOME]],HR_FEITAS[#All],5,FALSE))) | H12: =IF(VLOOKUP(BANCO_HR[[#This Row],[NOME]],HR_FEITAS[#All],6,FALSE)="","",ABS(VLOOKUP(BANCO_HR[[#This Row],[NOME]],HR_A_FAZER[#All],6,FALSE)-VLOOKUP(BANCO_HR[[#This Row],[NOME]],HR_FEITAS[#All],6,FALSE))) | I12: =IF(VLOOKUP(BANCO_HR[[#This Row],[NOME]],HR_FEITAS[#All],7,FALSE)="","",ABS(VLOOKUP(BANCO_HR[[#This Row],[NOME]],HR_A_FAZER[#All],7,FALSE)-VLOOKUP(BANCO_HR[[#This Row],[NOME]],HR_FEITAS[#All],7,FALSE))) | J12: =IF(VLOOKUP(BANCO_HR[[#This Row],[NOME]],HR_FEITAS[#All],8,FALSE)="","",ABS(VLOOKUP(BANCO_HR[[#This Row],[NOME]],HR_A_FAZER[#All],8,FALSE)-VLOOKUP(BANCO_HR[[#This Row],[NOME]],HR_FEITAS[#All],8,FALSE))) | K12: =IF(VLOOKUP(BANCO_HR[[#This Row],[NOME]],HR_FEITAS[#All],9,FALSE)="","",ABS(VLOOKUP(BANCO_HR[[#This Row],[NOME]],HR_A_FAZER[#All],9,FALSE)-VLOOKUP(BANCO_HR[[#This Row],[NOME]],HR_FEITAS[#All],9,FALSE))) | L12: =IF(VLOOKUP(BANCO_HR[[#This Row],[NOME]],HR_FEITAS[#All],10,FALSE)="","",ABS(VLOOKUP(BANCO_HR[[#This Row],[NOME]],HR_A_FAZER[#All],10,FALSE)-VLOOKUP(BANCO_HR[[#This Row],[NOME]],HR_FEITAS[#All],10,FALSE))) | M12: =IF(VLOOKUP(BANCO_HR[[#This Row],[NOME]],HR_FEITAS[#All],11,FALSE)="","",ABS(VLOOKUP(BANCO_HR[[#This Row],[NOME]],HR_A_FAZER[#All],11,FALSE)-VLOOKUP(BANCO_HR[[#This Row],[NOME]],HR_FEITAS[#All],11,FALSE))) | N12: =IF(VLOOKUP(BANCO_HR[[#This Row],[NOME]],HR_FEITAS[#All],12,FALSE)="","",ABS(VLOOKUP(BANCO_HR[[#This Row],[NOME]],HR_A_FAZER[#All],12,FALSE)-VLOOKUP(BANCO_HR[[#This Row],[NOME]],HR_FEITAS[#All],12,FALSE))) | O12: =IF(VLOOKUP(BANCO_HR[[#This Row],[NOME]],HR_FEITAS[#All],13,FALSE)="","",ABS(VLOOKUP(BANCO_HR[[#This Row],[NOME]],HR_A_FAZER[#All],13,FALSE)-VLOOKUP(BANCO_HR[[#This Row],[NOME]],HR_FEITAS[#All],13,FALSE)))
B13: =quadro_de_func[[#This Row],[NOME]] -> func 10 | D13: =IF(VLOOKUP(BANCO_HR[[#This Row],[NOME]],HR_FEITAS[#All],2,FALSE)="","",ABS(VLOOKUP(BANCO_HR[[#This Row],[NOME]],HR_A_FAZER[#All],2,FALSE)-VLOOKUP(BANCO_HR[[#This Row],[NOME]],HR_FEITAS[#All],2,FALSE))) | E13: =IF(VLOOKUP(BANCO_HR[[#This Row],[NOME]],HR_FEITAS[#All],3,FALSE)="","",ABS(VLOOKUP(BANCO_HR[[#This Row],[NOME]],HR_A_FAZER[#All],3,FALSE)-VLOOKUP(BANCO_HR[[#This Row],[NOME]],HR_FEITAS[#All],3,FALSE))) | F13: =IF(VLOOKUP(BANCO_HR[[#This Row],[NOME]],HR_FEITAS[#All],4,FALSE)="","",ABS(VLOOKUP(BANCO_HR[[#This Row],[NOME]],HR_A_FAZER[#All],4,FALSE)-VLOOKUP(BANCO_HR[[#This Row],[NOME]],HR_FEITAS[#All],4,FALSE))) | G13: =IF(VLOOKUP(BANCO_HR[[#This Row],[NOME]],HR_FEITAS[#All],5,FALSE)="","",ABS(VLOOKUP(BANCO_HR[[#This Row],[NOME]],HR_A_FAZER[#All],5,FALSE)-VLOOKUP(BANCO_HR[[#This Row],[NOME]],HR_FEITAS[#All],5,FALSE))) | H13: =IF(VLOOKUP(BANCO_HR[[#This Row],[NOME]],HR_FEITAS[#All],6,FALSE)="","",ABS(VLOOKUP(BANCO_HR[[#This Row],[NOME]],HR_A_FAZER[#All],6,FALSE)-VLOOKUP(BANCO_HR[[#This Row],[NOME]],HR_FEITAS[#All],6,FALSE))) | I13: =IF(VLOOKUP(BANCO_HR[[#This Row],[NOME]],HR_FEITAS[#All],7,FALSE)="","",ABS(VLOOKUP(BANCO_HR[[#This Row],[NOME]],HR_A_FAZER[#All],7,FALSE)-VLOOKUP(BANCO_HR[[#This Row],[NOME]],HR_FEITAS[#All],7,FALSE))) | J13: =IF(VLOOKUP(BANCO_HR[[#This Row],[NOME]],HR_FEITAS[#All],8,FALSE)="","",ABS(VLOOKUP(BANCO_HR[[#This Row],[NOME]],HR_A_FAZER[#All],8,FALSE)-VLOOKUP(BANCO_HR[[#This Row],[NOME]],HR_FEITAS[#All],8,FALSE))) | K13: =IF(VLOOKUP(BANCO_HR[[#This Row],[NOME]],HR_FEITAS[#All],9,FALSE)="","",ABS(VLOOKUP(BANCO_HR[[#This Row],[NOME]],HR_A_FAZER[#All],9,FALSE)-VLOOKUP(BANCO_HR[[#This Row],[NOME]],HR_FEITAS[#All],9,FALSE))) | L13: =IF(VLOOKUP(BANCO_HR[[#This Row],[NOME]],HR_FEITAS[#All],10,FALSE)="","",ABS(VLOOKUP(BANCO_HR[[#This Row],[NOME]],HR_A_FAZER[#All],10,FALSE)-VLOOKUP(BANCO_HR[[#This Row],[NOME]],HR_FEITAS[#All],10,FALSE))) | M13: =IF(VLOOKUP(BANCO_HR[[#This Row],[NOME]],HR_FEITAS[#All],11,FALSE)="","",ABS(VLOOKUP(BANCO_HR[[#This Row],[NOME]],HR_A_FAZER[#All],11,FALSE)-VLOOKUP(BANCO_HR[[#This Row],[NOME]],HR_FEITAS[#All],11,FALSE))) | N13: =IF(VLOOKUP(BANCO_HR[[#This Row],[NOME]],HR_FEITAS[#All],12,FALSE)="","",ABS(VLOOKUP(BANCO_HR[[#This Row],[NOME]],HR_A_FAZER[#All],12,FALSE)-VLOOKUP(BANCO_HR[[#This Row],[NOME]],HR_FEITAS[#All],12,FALSE))) | O13: =IF(VLOOKUP(BANCO_HR[[#This Row],[NOME]],HR_FEITAS[#All],13,FALSE)="","",ABS(VLOOKUP(BANCO_HR[[#This Row],[NOME]],HR_A_FAZER[#All],13,FALSE)-VLOOKUP(BANCO_HR[[#This Row],[NOME]],HR_FEITAS[#All],13,FALSE)))
B14: =quadro_de_func[[#This Row],[NOME]] -> func 11 | D14: =IF(VLOOKUP(BANCO_HR[[#This Row],[NOME]],HR_FEITAS[#All],2,FALSE)="","",ABS(VLOOKUP(BANCO_HR[[#This Row],[NOME]],HR_A_FAZER[#All],2,FALSE)-VLOOKUP(BANCO_HR[[#This Row],[NOME]],HR_FEITAS[#All],2,FALSE))) | E14: =IF(VLOOKUP(BANCO_HR[[#This Row],[NOME]],HR_FEITAS[#All],3,FALSE)="","",ABS(VLOOKUP(BANCO_HR[[#This Row],[NOME]],HR_A_FAZER[#All],3,FALSE)-VLOOKUP(BANCO_HR[[#This Row],[NOME]],HR_FEITAS[#All],3,FALSE))) | F14: =IF(VLOOKUP(BANCO_HR[[#This Row],[NOME]],HR_FEITAS[#All],4,FALSE)="","",ABS(VLOOKUP(BANCO_HR[[#This Row],[NOME]],HR_A_FAZER[#All],4,FALSE)-VLOOKUP(BANCO_HR[[#This Row],[NOME]],HR_FEITAS[#All],4,FALSE))) | G14: =IF(VLOOKUP(BANCO_HR[[#This Row],[NOME]],HR_FEITAS[#All],5,FALSE)="","",ABS(VLOOKUP(BANCO_HR[[#This Row],[NOME]],HR_A_FAZER[#All],5,FALSE)-VLOOKUP(BANCO_HR[[#This Row],[NOME]],HR_FEITAS[#All],5,FALSE))) | H14: =IF(VLOOKUP(BANCO_HR[[#This Row],[NOME]],HR_FEITAS[#All],6,FALSE)="","",ABS(VLOOKUP(BANCO_HR[[#This Row],[NOME]],HR_A_FAZER[#All],6,FALSE)-VLOOKUP(BANCO_HR[[#This Row],[NOME]],HR_FEITAS[#All],6,FALSE))) | I14: =IF(VLOOKUP(BANCO_HR[[#This Row],[NOME]],HR_FEITAS[#All],7,FALSE)="","",ABS(VLOOKUP(BANCO_HR[[#This Row],[NOME]],HR_A_FAZER[#All],7,FALSE)-VLOOKUP(BANCO_HR[[#This Row],[NOME]],HR_FEITAS[#All],7,FALSE))) | J14: =IF(VLOOKUP(BANCO_HR[[#This Row],[NOME]],HR_FEITAS[#All],8,FALSE)="","",ABS(VLOOKUP(BANCO_HR[[#This Row],[NOME]],HR_A_FAZER[#All],8,FALSE)-VLOOKUP(BANCO_HR[[#This Row],[NOME]],HR_FEITAS[#All],8,FALSE))) | K14: =IF(VLOOKUP(BANCO_HR[[#This Row],[NOME]],HR_FEITAS[#All],9,FALSE)="","",ABS(VLOOKUP(BANCO_HR[[#This Row],[NOME]],HR_A_FAZER[#All],9,FALSE)-VLOOKUP(BANCO_HR[[#This Row],[NOME]],HR_FEITAS[#All],9,FALSE))) | L14: =IF(VLOOKUP(BANCO_HR[[#This Row],[NOME]],HR_FEITAS[#All],10,FALSE)="","",ABS(VLOOKUP(BANCO_HR[[#This Row],[NOME]],HR_A_FAZER[#All],10,FALSE)-VLOOKUP(BANCO_HR[[#This Row],[NOME]],HR_FEITAS[#All],10,FALSE))) | M14: =IF(VLOOKUP(BANCO_HR[[#This Row],[NOME]],HR_FEITAS[#All],11,FALSE)="","",ABS(VLOOKUP(BANCO_HR[[#This Row],[NOME]],HR_A_FAZER[#All],11,FALSE)-VLOOKUP(BANCO_HR[[#This Row],[NOME]],HR_FEITAS[#All],11,FALSE))) | N14: =IF(VLOOKUP(BANCO_HR[[#This Row],[NOME]],HR_FEITAS[#All],12,FALSE)="","",ABS(VLOOKUP(BANCO_HR[[#This Row],[NOME]],HR_A_FAZER[#All],12,FALSE)-VLOOKUP(BANCO_HR[[#This Row],[NOME]],HR_FEITAS[#All],12,FALSE))) | O14: =IF(VLOOKUP(BANCO_HR[[#This Row],[NOME]],HR_FEITAS[#All],13,FALSE)="","",ABS(VLOOKUP(BANCO_HR[[#This Row],[NOME]],HR_A_FAZER[#All],13,FALSE)-VLOOKUP(BANCO_HR[[#This Row],[NOME]],HR_FEITAS[#All],13,FALSE)))
B15: =quadro_de_func[[#This Row],[NOME]] -> func 12 | D15: =IF(VLOOKUP(BANCO_HR[[#This Row],[NOME]],HR_FEITAS[#All],2,FALSE)="","",ABS(VLOOKUP(BANCO_HR[[#This Row],[NOME]],HR_A_FAZER[#All],2,FALSE)-VLOOKUP(BANCO_HR[[#This Row],[NOME]],HR_FEITAS[#All],2,FALSE))) | E15: =IF(VLOOKUP(BANCO_HR[[#This Row],[NOME]],HR_FEITAS[#All],3,FALSE)="","",ABS(VLOOKUP(BANCO_HR[[#This Row],[NOME]],HR_A_FAZER[#All],3,FALSE)-VLOOKUP(BANCO_HR[[#This Row],[NOME]],HR_FEITAS[#All],3,FALSE))) | F15: =IF(VLOOKUP(BANCO_HR[[#This Row],[NOME]],HR_FEITAS[#All],4,FALSE)="","",ABS(VLOOKUP(BANCO_HR[[#This Row],[NOME]],HR_A_FAZER[#All],4,FALSE)-VLOOKUP(BANCO_HR[[#This Row],[NOME]],HR_FEITAS[#All],4,FALSE))) | G15: =IF(VLOOKUP(BANCO_HR[[#This Row],[NOME]],HR_FEITAS[#All],5,FALSE)="","",ABS(VLOOKUP(BANCO_HR[[#This Row],[NOME]],HR_A_FAZER[#All],5,FALSE)-VLOOKUP(BANCO_HR[[#This Row],[NOME]],HR_FEITAS[#All],5,FALSE))) | H15: =IF(VLOOKUP(BANCO_HR[[#This Row],[NOME]],HR_FEITAS[#All],6,FALSE)="","",ABS(VLOOKUP(BANCO_HR[[#This Row],[NOME]],HR_A_FAZER[#All],6,FALSE)-VLOOKUP(BANCO_HR[[#This Row],[NOME]],HR_FEITAS[#All],6,FALSE))) | I15: =IF(VLOOKUP(BANCO_HR[[#This Row],[NOME]],HR_FEITAS[#All],7,FALSE)="","",ABS(VLOOKUP(BANCO_HR[[#This Row],[NOME]],HR_A_FAZER[#All],7,FALSE)-VLOOKUP(BANCO_HR[[#This Row],[NOME]],HR_FEITAS[#All],7,FALSE))) | J15: =IF(VLOOKUP(BANCO_HR[[#This Row],[NOME]],HR_FEITAS[#All],8,FALSE)="","",ABS(VLOOKUP(BANCO_HR[[#This Row],[NOME]],HR_A_FAZER[#All],8,FALSE)-VLOOKUP(BANCO_HR[[#This Row],[NOME]],HR_FEITAS[#All],8,FALSE))) | K15: =IF(VLOOKUP(BANCO_HR[[#This Row],[NOME]],HR_FEITAS[#All],9,FALSE)="","",ABS(VLOOKUP(BANCO_HR[[#This Row],[NOME]],HR_A_FAZER[#All],9,FALSE)-VLOOKUP(BANCO_HR[[#This Row],[NOME]],HR_FEITAS[#All],9,FALSE))) | L15: =IF(VLOOKUP(BANCO_HR[[#This Row],[NOME]],HR_FEITAS[#All],10,FALSE)="","",ABS(VLOOKUP(BANCO_HR[[#This Row],[NOME]],HR_A_FAZER[#All],10,FALSE)-VLOOKUP(BANCO_HR[[#This Row],[NOME]],HR_FEITAS[#All],10,FALSE))) | M15: =IF(VLOOKUP(BANCO_HR[[#This Row],[NOME]],HR_FEITAS[#All],11,FALSE)="","",ABS(VLOOKUP(BANCO_HR[[#This Row],[NOME]],HR_A_FAZER[#All],11,FALSE)-VLOOKUP(BANCO_HR[[#This Row],[NOME]],HR_FEITAS[#All],11,FALSE))) | N15: =IF(VLOOKUP(BANCO_HR[[#This Row],[NOME]],HR_FEITAS[#All],12,FALSE)="","",ABS(VLOOKUP(BANCO_HR[[#This Row],[NOME]],HR_A_FAZER[#All],12,FALSE)-VLOOKUP(BANCO_HR[[#This Row],[NOME]],HR_FEITAS[#All],12,FALSE))) | O15: =IF(VLOOKUP(BANCO_HR[[#This Row],[NOME]],HR_FEITAS[#All],13,FALSE)="","",ABS(VLOOKUP(BANCO_HR[[#This Row],[NOME]],HR_A_FAZER[#All],13,FALSE)-VLOOKUP(BANCO_HR[[#This Row],[NOME]],HR_FEITAS[#All],13,FALSE)))
B16: =quadro_de_func[[#This Row],[NOME]] -> func 13 | D16: =IF(VLOOKUP(BANCO_HR[[#This Row],[NOME]],HR_FEITAS[#All],2,FALSE)="","",ABS(VLOOKUP(BANCO_HR[[#This Row],[NOME]],HR_A_FAZER[#All],2,FALSE)-VLOOKUP(BANCO_HR[[#This Row],[NOME]],HR_FEITAS[#All],2,FALSE))) | E16: =IF(VLOOKUP(BANCO_HR[[#This Row],[NOME]],HR_FEITAS[#All],3,FALSE)="","",ABS(VLOOKUP(BANCO_HR[[#This Row],[NOME]],HR_A_FAZER[#All],3,FALSE)-VLOOKUP(BANCO_HR[[#This Row],[NOME]],HR_FEITAS[#All],3,FALSE))) | F16: =IF(VLOOKUP(BANCO_HR[[#This Row],[NOME]],HR_FEITAS[#All],4,FALSE)="","",ABS(VLOOKUP(BANCO_HR[[#This Row],[NOME]],HR_A_FAZER[#All],4,FALSE)-VLOOKUP(BANCO_HR[[#This Row],[NOME]],HR_FEITAS[#All],4,FALSE))) | G16: =IF(VLOOKUP(BANCO_HR[[#This Row],[NOME]],HR_FEITAS[#All],5,FALSE)="","",ABS(VLOOKUP(BANCO_HR[[#This Row],[NOME]],HR_A_FAZER[#All],5,FALSE)-VLOOKUP(BANCO_HR[[#This Row],[NOME]],HR_FEITAS[#All],5,FALSE))) | H16: =IF(VLOOKUP(BANCO_HR[[#This Row],[NOME]],HR_FEITAS[#All],6,FALSE)="","",ABS(VLOOKUP(BANCO_HR[[#This Row],[NOME]],HR_A_FAZER[#All],6,FALSE)-VLOOKUP(BANCO_HR[[#This Row],[NOME]],HR_FEITAS[#All],6,FALSE))) | I16: =IF(VLOOKUP(BANCO_HR[[#This Row],[NOME]],HR_FEITAS[#All],7,FALSE)="","",ABS(VLOOKUP(BANCO_HR[[#This Row],[NOME]],HR_A_FAZER[#All],7,FALSE)-VLOOKUP(BANCO_HR[[#This Row],[NOME]],HR_FEITAS[#All],7,FALSE))) | J16: =IF(VLOOKUP(BANCO_HR[[#This Row],[NOME]],HR_FEITAS[#All],8,FALSE)="","",ABS(VLOOKUP(BANCO_HR[[#This Row],[NOME]],HR_A_FAZER[#All],8,FALSE)-VLOOKUP(BANCO_HR[[#This Row],[NOME]],HR_FEITAS[#All],8,FALSE))) | K16: =IF(VLOOKUP(BANCO_HR[[#This Row],[NOME]],HR_FEITAS[#All],9,FALSE)="","",ABS(VLOOKUP(BANCO_HR[[#This Row],[NOME]],HR_A_FAZER[#All],9,FALSE)-VLOOKUP(BANCO_HR[[#This Row],[NOME]],HR_FEITAS[#All],9,FALSE))) | L16: =IF(VLOOKUP(BANCO_HR[[#This Row],[NOME]],HR_FEITAS[#All],10,FALSE)="","",ABS(VLOOKUP(BANCO_HR[[#This Row],[NOME]],HR_A_FAZER[#All],10,FALSE)-VLOOKUP(BANCO_HR[[#This Row],[NOME]],HR_FEITAS[#All],10,FALSE))) | M16: =IF(VLOOKUP(BANCO_HR[[#This Row],[NOME]],HR_FEITAS[#All],11,FALSE)="","",ABS(VLOOKUP(BANCO_HR[[#This Row],[NOME]],HR_A_FAZER[#All],11,FALSE)-VLOOKUP(BANCO_HR[[#This Row],[NOME]],HR_FEITAS[#All],11,FALSE))) | N16: =IF(VLOOKUP(BANCO_HR[[#This Row],[NOME]],HR_FEITAS[#All],12,FALSE)="","",ABS(VLOOKUP(BANCO_HR[[#This Row],[NOME]],HR_A_FAZER[#All],12,FALSE)-VLOOKUP(BANCO_HR[[#This Row],[NOME]],HR_FEITAS[#All],12,FALSE))) | O16: =IF(VLOOKUP(BANCO_HR[[#This Row],[NOME]],HR_FEITAS[#All],13,FALSE)="","",ABS(VLOOKUP(BANCO_HR[[#This Row],[NOME]],HR_A_FAZER[#All],13,FALSE)-VLOOKUP(BANCO_HR[[#This Row],[NOME]],HR_FEITAS[#All],13,FALSE)))
B17: =quadro_de_func[[#This Row],[NOME]] -> func 14 | D17: =IF(VLOOKUP(BANCO_HR[[#This Row],[NOME]],HR_FEITAS[#All],2,FALSE)="","",ABS(VLOOKUP(BANCO_HR[[#This Row],[NOME]],HR_A_FAZER[#All],2,FALSE)-VLOOKUP(BANCO_HR[[#This Row],[NOME]],HR_FEITAS[#All],2,FALSE))) | E17: =IF(VLOOKUP(BANCO_HR[[#This Row],[NOME]],HR_FEITAS[#All],3,FALSE)="","",ABS(VLOOKUP(BANCO_HR[[#This Row],[NOME]],HR_A_FAZER[#All],3,FALSE)-VLOOKUP(BANCO_HR[[#This Row],[NOME]],HR_FEITAS[#All],3,FALSE))) | F17: =IF(VLOOKUP(BANCO_HR[[#This Row],[NOME]],HR_FEITAS[#All],4,FALSE)="","",ABS(VLOOKUP(BANCO_HR[[#This Row],[NOME]],HR_A_FAZER[#All],4,FALSE)-VLOOKUP(BANCO_HR[[#This Row],[NOME]],HR_FEITAS[#All],4,FALSE))) | G17: =IF(VLOOKUP(BANCO_HR[[#This Row],[NOME]],HR_FEITAS[#All],5,FALSE)="","",ABS(VLOOKUP(BANCO_HR[[#This Row],[NOME]],HR_A_FAZER[#All],5,FALSE)-VLOOKUP(BANCO_HR[[#This Row],[NOME]],HR_FEITAS[#All],5,FALSE))) | H17: =IF(VLOOKUP(BANCO_HR[[#This Row],[NOME]],HR_FEITAS[#All],6,FALSE)="","",ABS(VLOOKUP(BANCO_HR[[#This Row],[NOME]],HR_A_FAZER[#All],6,FALSE)-VLOOKUP(BANCO_HR[[#This Row],[NOME]],HR_FEITAS[#All],6,FALSE))) | I17: =IF(VLOOKUP(BANCO_HR[[#This Row],[NOME]],HR_FEITAS[#All],7,FALSE)="","",ABS(VLOOKUP(BANCO_HR[[#This Row],[NOME]],HR_A_FAZER[#All],7,FALSE)-VLOOKUP(BANCO_HR[[#This Row],[NOME]],HR_FEITAS[#All],7,FALSE))) | J17: =IF(VLOOKUP(BANCO_HR[[#This Row],[NOME]],HR_FEITAS[#All],8,FALSE)="","",ABS(VLOOKUP(BANCO_HR[[#This Row],[NOME]],HR_A_FAZER[#All],8,FALSE)-VLOOKUP(BANCO_HR[[#This Row],[NOME]],HR_FEITAS[#All],8,FALSE))) | K17: =IF(VLOOKUP(BANCO_HR[[#This Row],[NOME]],HR_FEITAS[#All],9,FALSE)="","",ABS(VLOOKUP(BANCO_HR[[#This Row],[NOME]],HR_A_FAZER[#All],9,FALSE)-VLOOKUP(BANCO_HR[[#This Row],[NOME]],HR_FEITAS[#All],9,FALSE))) | L17: =IF(VLOOKUP(BANCO_HR[[#This Row],[NOME]],HR_FEITAS[#All],10,FALSE)="","",ABS(VLOOKUP(BANCO_HR[[#This Row],[NOME]],HR_A_FAZER[#All],10,FALSE)-VLOOKUP(BANCO_HR[[#This Row],[NOME]],HR_FEITAS[#All],10,FALSE))) | M17: =IF(VLOOKUP(BANCO_HR[[#This Row],[NOME]],HR_FEITAS[#All],11,FALSE)="","",ABS(VLOOKUP(BANCO_HR[[#This Row],[NOME]],HR_A_FAZER[#All],11,FALSE)-VLOOKUP(BANCO_HR[[#This Row],[NOME]],HR_FEITAS[#All],11,FALSE))) | N17: =IF(VLOOKUP(BANCO_HR[[#This Row],[NOME]],HR_FEITAS[#All],12,FALSE)="","",ABS(VLOOKUP(BANCO_HR[[#This Row],[NOME]],HR_A_FAZER[#All],12,FALSE)-VLOOKUP(BANCO_HR[[#This Row],[NOME]],HR_FEITAS[#All],12,FALSE))) | O17: =IF(VLOOKUP(BANCO_HR[[#This Row],[NOME]],HR_FEITAS[#All],13,FALSE)="","",ABS(VLOOKUP(BANCO_HR[[#This Row],[NOME]],HR_A_FAZER[#All],13,FALSE)-VLOOKUP(BANCO_HR[[#This Row],[NOME]],HR_FEITAS[#All],13,FALSE)))
B18: =quadro_de_func[[#This Row],[NOME]] -> func 15 | D18: =IF(VLOOKUP(BANCO_HR[[#This Row],[NOME]],HR_FEITAS[#All],2,FALSE)="","",ABS(VLOOKUP(BANCO_HR[[#This Row],[NOME]],HR_A_FAZER[#All],2,FALSE)-VLOOKUP(BANCO_HR[[#This Row],[NOME]],HR_FEITAS[#All],2,FALSE))) | E18: =IF(VLOOKUP(BANCO_HR[[#This Row],[NOME]],HR_FEITAS[#All],3,FALSE)="","",ABS(VLOOKUP(BANCO_HR[[#This Row],[NOME]],HR_A_FAZER[#All],3,FALSE)-VLOOKUP(BANCO_HR[[#This Row],[NOME]],HR_FEITAS[#All],3,FALSE))) | F18: =IF(VLOOKUP(BANCO_HR[[#This Row],[NOME]],HR_FEITAS[#All],4,FALSE)="","",ABS(VLOOKUP(BANCO_HR[[#This Row],[NOME]],HR_A_FAZER[#All],4,FALSE)-VLOOKUP(BANCO_HR[[#This Row],[NOME]],HR_FEITAS[#All],4,FALSE))) | G18: =IF(VLOOKUP(BANCO_HR[[#This Row],[NOME]],HR_FEITAS[#All],5,FALSE)="","",ABS(VLOOKUP(BANCO_HR[[#This Row],[NOME]],HR_A_FAZER[#All],5,FALSE)-VLOOKUP(BANCO_HR[[#This Row],[NOME]],HR_FEITAS[#All],5,FALSE))) | H18: =IF(VLOOKUP(BANCO_HR[[#This Row],[NOME]],HR_FEITAS[#All],6,FALSE)="","",ABS(VLOOKUP(BANCO_HR[[#This Row],[NOME]],HR_A_FAZER[#All],6,FALSE)-VLOOKUP(BANCO_HR[[#This Row],[NOME]],HR_FEITAS[#All],6,FALSE))) | I18: =IF(VLOOKUP(BANCO_HR[[#This Row],[NOME]],HR_FEITAS[#All],7,FALSE)="","",ABS(VLOOKUP(BANCO_HR[[#This Row],[NOME]],HR_A_FAZER[#All],7,FALSE)-VLOOKUP(BANCO_HR[[#This Row],[NOME]],HR_FEITAS[#All],7,FALSE))) | J18: =IF(VLOOKUP(BANCO_HR[[#This Row],[NOME]],HR_FEITAS[#All],8,FALSE)="","",ABS(VLOOKUP(BANCO_HR[[#This Row],[NOME]],HR_A_FAZER[#All],8,FALSE)-VLOOKUP(BANCO_HR[[#This Row],[NOME]],HR_FEITAS[#All],8,FALSE))) | K18: =IF(VLOOKUP(BANCO_HR[[#This Row],[NOME]],HR_FEITAS[#All],9,FALSE)="","",ABS(VLOOKUP(BANCO_HR[[#This Row],[NOME]],HR_A_FAZER[#All],9,FALSE)-VLOOKUP(BANCO_HR[[#This Row],[NOME]],HR_FEITAS[#All],9,FALSE))) | L18: =IF(VLOOKUP(BANCO_HR[[#This Row],[NOME]],HR_FEITAS[#All],10,FALSE)="","",ABS(VLOOKUP(BANCO_HR[[#This Row],[NOME]],HR_A_FAZER[#All],10,FALSE)-VLOOKUP(BANCO_HR[[#This Row],[NOME]],HR_FEITAS[#All],10,FALSE))) | M18: =IF(VLOOKUP(BANCO_HR[[#This Row],[NOME]],HR_FEITAS[#All],11,FALSE)="","",ABS(VLOOKUP(BANCO_HR[[#This Row],[NOME]],HR_A_FAZER[#All],11,FALSE)-VLOOKUP(BANCO_HR[[#This Row],[NOME]],HR_FEITAS[#All],11,FALSE))) | N18: =IF(VLOOKUP(BANCO_HR[[#This Row],[NOME]],HR_FEITAS[#All],12,FALSE)="","",ABS(VLOOKUP(BANCO_HR[[#This Row],[NOME]],HR_A_FAZER[#All],12,FALSE)-VLOOKUP(BANCO_HR[[#This Row],[NOME]],HR_FEITAS[#All],12,FALSE))) | O18: =IF(VLOOKUP(BANCO_HR[[#This Row],[NOME]],HR_FEITAS[#All],13,FALSE)="","",ABS(VLOOKUP(BANCO_HR[[#This Row],[NOME]],HR_A_FAZER[#All],13,FALSE)-VLOOKUP(BANCO_HR[[#This Row],[NOME]],HR_FEITAS[#All],13,FALSE)))
... B20: =quadro_de_func[[#This Row],[NOME]] -> func 17 | D20: =IF(VLOOKUP(BANCO_HR[[#This Row],[NOME]],HR_FEITAS[#All],2,FALSE)="","",ABS(VLOOKUP(BANCO_HR[[#This Row],[NOME]],HR_A_FAZER[#All],2,FALSE)-VLOOKUP(BANCO_HR[[#This Row],[NOME]],HR_FEITAS[#All],2,FALSE))) | E20: =IF(VLOOKUP(BANCO_HR[[#This Row],[NOME]],HR_FEITAS[#All],3,FALSE)="","",ABS(VLOOKUP(BANCO_HR[[#This Row],[NOME]],HR_A_FAZER[#All],3,FALSE)-VLOOKUP(BANCO_HR[[#This Row],[NOME]],HR_FEITAS[#All],3,FALSE))) | F20: =IF(VLOOKUP(BANCO_HR[[#This Row],[NOME]],HR_FEITAS[#All],4,FALSE)="","",ABS(VLOOKUP(BANCO_HR[[#This Row],[NOME]],HR_A_FAZER[#All],4,FALSE)-VLOOKUP(BANCO_HR[[#This Row],[NOME]],HR_FEITAS[#All],4,FALSE))) | G20: =IF(VLOOKUP(BANCO_HR[[#This Row],[NOME]],HR_FEITAS[#All],5,FALSE)="","",ABS(VLOOKUP(BANCO_HR[[#This Row],[NOME]],HR_A_FAZER[#All],5,FALSE)-VLOOKUP(BANCO_HR[[#This Row],[NOME]],HR_FEITAS[#All],5,FALSE))) | H20: =IF(VLOOKUP(BANCO_HR[[#This Row],[NOME]],HR_FEITAS[#All],6,FALSE)="","",ABS(VLOOKUP(BANCO_HR[[#This Row],[NOME]],HR_A_FAZER[#All],6,FALSE)-VLOOKUP(BANCO_HR[[#This Row],[NOME]],HR_FEITAS[#All],6,FALSE))) | I20: =IF(VLOOKUP(BANCO_HR[[#This Row],[NOME]],HR_FEITAS[#All],7,FALSE)="","",ABS(VLOOKUP(BANCO_HR[[#This Row],[NOME]],HR_A_FAZER[#All],7,FALSE)-VLOOKUP(BANCO_HR[[#This Row],[NOME]],HR_FEITAS[#All],7,FALSE))) | J20: =IF(VLOOKUP(BANCO_HR[[#This Row],[NOME]],HR_FEITAS[#All],8,FALSE)="","",ABS(VLOOKUP(BANCO_HR[[#This Row],[NOME]],HR_A_FAZER[#All],8,FALSE)-VLOOKUP(BANCO_HR[[#This Row],[NOME]],HR_FEITAS[#All],8,FALSE))) | K20: =IF(VLOOKUP(BANCO_HR[[#This Row],[NOME]],HR_FEITAS[#All],9,FALSE)="","",ABS(VLOOKUP(BANCO_HR[[#This Row],[NOME]],HR_A_FAZER[#All],9,FALSE)-VLOOKUP(BANCO_HR[[#This Row],[NOME]],HR_FEITAS[#All],9,FALSE))) | L20: =IF(VLOOKUP(BANCO_HR[[#This Row],[NOME]],HR_FEITAS[#All],10,FALSE)="","",ABS(VLOOKUP(BANCO_HR[[#This Row],[NOME]],HR_A_FAZER[#All],10,FALSE)-VLOOKUP(BANCO_HR[[#This Row],[NOME]],HR_FEITAS[#All],10,FALSE))) | M20: =IF(VLOOKUP(BANCO_HR[[#This Row],[NOME]],HR_FEITAS[#All],11,FALSE)="","",ABS(VLOOKUP(BANCO_HR[[#This Row],[NOME]],HR_A_FAZER[#All],11,FALSE)-VLOOKUP(BANCO_HR[[#This Row],[NOME]],HR_FEITAS[#All],11,FALSE))) | N20: =IF(VLOOKUP(BANCO_HR[[#This Row],[NOME]],HR_FEITAS[#All],12,FALSE)="","",ABS(VLOOKUP(BANCO_HR[[#This Row],[NOME]],HR_A_FAZER[#All],12,FALSE)-VLOOKUP(BANCO_HR[[#This Row],[NOME]],HR_FEITAS[#All],12,FALSE))) | O20: =IF(VLOOKUP(BANCO_HR[[#This Row],[NOME]],HR_FEITAS[#All],13,FALSE)="","",ABS(VLOOKUP(BANCO_HR[[#This Row],[NOME]],HR_A_FAZER[#All],13,FALSE)-VLOOKUP(BANCO_HR[[#This Row],[NOME]],HR_FEITAS[#All],13,FALSE)))

Sheet CARGA HORARIA
B2: CARGA HORÁRIA
B3: NOME | C3: CARGA HORARIA DIA | D3: ENTRADA 1 | E3: SAIDA 1 | F3: ENTRADA 2 | G3: SAIDA 2 | H3: ENTRADA 3 | I3: SAIDA 3
B4: =quadro_de_func[[#This Row],[NOME]] -> Amanda | C4: =ABS(carga_horaria[[#This Row],[SAIDA 1]]-carga_horaria[[#This Row],[ENTRADA 1]]+carga_horaria[[#This Row],[SAIDA 2]]-carga_horaria[[#This Row],[ENTRADA 2]]) -> 0.36458333 | D4: 0.33333333 | E4: 0.5 | F4: 0.55208333 | G4: 0.75
B5: =quadro_de_func[[#This Row],[NOME]] -> Bruna | C5: =ABS(carga_horaria[[#This Row],[SAIDA 1]]-carga_horaria[[#This Row],[ENTRADA 1]]+carga_horaria[[#This Row],[SAIDA 2]]-carga_horaria[[#This Row],[ENTRADA 2]]) -> 0.375 | D5: 0.33333333 | E5: 0.5 | F5: 0.54166667 | G5: 0.75
B6: =quadro_de_func[[#This Row],[NOME]] -> Daiani | C6: =ABS(carga_horaria[[#This Row],[SAIDA 1]]-carga_horaria[[#This Row],[ENTRADA 1]]+carga_horaria[[#This Row],[SAIDA 2]]-carga_horaria[[#This Row],[ENTRADA 2]]) -> 0.36458333 | D6: 0.33333333 | E6: 0.5 | F6: 0.55208333 | G6: 0.75
B7: =quadro_de_func[[#This Row],[NOME]] -> Érica | C7: =ABS(carga_horaria[[#This Row],[SAIDA 1]]-carga_horaria[[#This Row],[ENTRADA 1]]+carga_horaria[[#This Row],[SAIDA 2]]-carga_horaria[[#This Row],[ENTRADA 2]]) -> 0.36458333 | D7: 0.33333333 | E7: 0.5 | F7: 0.55208333 | G7: 0.75
B8: =quadro_de_func[[#This Row],[NOME]] -> func 5 | C8: =ABS(carga_horaria[[#This Row],[SAIDA 1]]-carga_horaria[[#This Row],[ENTRADA 1]]+carga_horaria[[#This Row],[SAIDA 2]]-carga_horaria[[#This Row],[ENTRADA 2]]) -> 0.33333333 | D8: 0.29166667 | E8: 0.5 | F8: 0.54166667 | G8: 0.66666667
B9: =quadro_de_func[[#This Row],[NOME]] -> func 6 | C9: =ABS(carga_horaria[[#This Row],[SAIDA 1]]-carga_horaria[[#This Row],[ENTRADA 1]]+carga_horaria[[#This Row],[SAIDA 2]]-carga_horaria[[#This Row],[ENTRADA 2]]) -> 0.25 | D9: 0.27083333 | E9: 0.52083333
B10: =quadro_de_func[[#This Row],[NOME]] -> func 7 | C10: =ABS(carga_horaria[[#This Row],[SAIDA 1]]-carga_horaria[[#This Row],[ENTRADA 1]]+carga_horaria[[#This Row],[SAIDA 2]]-carga_horaria[[#This Row],[ENTRADA 2]]) -> 0.33333333 | D10: 0.29166667 | E10: 0.5 | F10: 0.54166667 | G10: 0.66666667
B11: =quadro_de_func[[#This Row],[NOME]] -> func 8 | C11: =ABS(carga_horaria[[#This Row],[SAIDA 1]]-carga_horaria[[#This Row],[ENTRADA 1]]+carga_horaria[[#This Row],[SAIDA 2]]-carga_horaria[[#This Row],[ENTRADA 2]]) -> 0.33333333 | D11: 0.29166667 | E11: 0.45833333 | F11: 0.5 | G11: 0.66666667
B12: =quadro_de_func[[#This Row],[NOME]] -> func 9 | C12: =ABS(carga_horaria[[#This Row],[SAIDA 1]]-carga_horaria[[#This Row],[ENTRADA 1]]+carga_horaria[[#This Row],[SAIDA 2]]-carga_horaria[[#This Row],[ENTRADA 2]]) -> 0.33333333 | D12: 0.29166667 | E12: 0.45833333 | F12: 0.5 | G12: 0.66666667
B13: =quadro_de_func[[#This Row],[NOME]] -> func 10 | C13: =ABS(carga_horaria[[#This Row],[SAIDA 1]]-carga_horaria[[#This Row],[ENTRADA 1]]+carga_horaria[[#This Row],[SAIDA 2]]-carga_horaria[[#This Row],[ENTRADA 2]]) -> 0.33333333 | D13: 0.29166667 | E13: 0.5 | F13: 0.54166667 | G13: 0.66666667
B14: =quadro_de_func[[#This Row],[NOME]] -> func 11 | C14: =ABS(carga_horaria[[#This Row],[SAIDA 1]]-carga_horaria[[#This Row],[ENTRADA 1]]+carga_horaria[[#This Row],[SAIDA 2]]-carga_horaria[[#This Row],[ENTRADA 2]]) -> 0.25 | D14: 0.33333333 | E14: 0.58333333
B15: =quadro_de_func[[#This Row],[NOME]] -> func 12 | C15: =ABS(carga_horaria[[#This Row],[SAIDA 1]]-carga_horaria[[#This Row],[ENTRADA 1]]+carga_horaria[[#This Row],[SAIDA 2]]-carga_horaria[[#This Row],[ENTRADA 2]]) -> 0.25 | D15: 0.33333333 | E15: 0.58333333
B16: =quadro_de_func[[#This Row],[NOME]] -> func 13 | C16: =ABS(carga_horaria[[#This Row],[SAIDA 1]]-carga_horaria[[#This Row],[ENTRADA 1]]+carga_horaria[[#This Row],[SAIDA 2]]-carga_horaria[[#This Row],[ENTRADA 2]]) -> 0.25 | D16: 0.41666667 | E16: 0.66666667
B17: =quadro_de_func[[#This Row],[NOME]] -> func 14 | C17: =ABS(carga_horaria[[#This Row],[SAIDA 1]]-carga_horaria[[#This Row],[ENTRADA 1]]+carga_horaria[[#This Row],[SAIDA 2]]-carga_horaria[[#This Row],[ENTRADA 2]]) -> 0.25 | D17: 0.41666667 | E17: 0.66666667
B18: =quadro_de_func[[#This Row],[NOME]] -> func 15 | C18: =ABS(carga_horaria[[#This Row],[SAIDA 1]]-carga_horaria[[#This Row],[ENTRADA 1]]+carga_horaria[[#This Row],[SAIDA 2]]-carga_horaria[[#This Row],[ENTRADA 2]]) -> 0.16666667 | D18: 0.29166667 | E18: 0.45833333
B19: =quadro_de_func[[#This Row],[NOME]] -> func 16 | C19: =ABS(carga_horaria[[#This Row],[SAIDA 1]]-carga_horaria[[#This Row],[ENTRADA 1]]+carga_horaria[[#This Row],[SAIDA 2]]-carga_horaria[[#This Row],[ENTRADA 2]]) -> 0.16666667 | D19: 0.52430556 | E19: 0.69097222
B20: =quadro_de_func[[#This Row],[NOME]] -> func 17 | C20: =ABS(carga_horaria[[#This Row],[SAIDA 1]]-carga_horaria[[#This Row],[ENTRADA 1]]+carga_horaria[[#This Row],[SAIDA 2]]-carga_horaria[[#This Row],[ENTRADA 2]]) -> 0.33333333 | D20: 0.29166667 | E20: 0.45833333 | F20: 0.5 | G20: 0.66666667

Sheet QUADRO DE FUNC
B2: QUADRO DE FUNCIONARIOS
B3: NOME | C3: CHAPA | D3: FUNÇÃO
B4: Amanda | C4: 1 | D4: Cobrança
B5: Bruna | C5: 1 | D5: externo
B6: Daiani | C6: 1 | D6: Fiscal
B7: Érica | C7: 1 | D7: Dp
B8: func 5 | C8: 1 | D8: AJUDANTE GERAL
B9: func 6 | C9: 1 | D9: AJUDANTE GERAL
B10: func 7 | C10: 1 | D10: AJUDANTE GERAL
B11: func 8 | C11: 1 | D11: AJUDANTE GERAL
B12: func 9 | C12: 1 | D12: AJUDANTE GERAL
B13: func 10 | C13: 1 | D13: ESTOQUISTA
B14: func 11 | C14: 1 | D14: ESTAGIÁRIO
B15: func 12 | C15: 1 | D15: ESTAGIÁRIO
... B20: func 17 | C20: 1 | D20: AJUDANTE GERAL

Sheet DIA UTEIS
B2: DIAS ÚTEIS
B3: DIGITE O ANO VIGENTE | H3: 2019
B4: JANEIRO | C4: FEVEREIRO | D4: MARÇO | E4: ABRIL | F4: MAIO | G4: JUNHO | H4: JULHO | I4: AGOSTO | J4: SETEMBRO | K4: OUTUBRO | L4: NOVEMBRO | M4: DEZEMBRO
B5: ="01/01/"&H3 -> 01/01/2019 | C5: =EOMONTH(B5,0)+1 -> 43497 | D5: =EOMONTH(C5,0)+1 -> 43525 | E5: =EOMONTH(D5,0)+1 -> 43556 | F5: =EOMONTH(E5,0)+1 -> 43586 | G5: =EOMONTH(F5,0)+1 -> 43617 | H5: =EOMONTH(G5,0)+1 -> 43647 | I5: =EOMONTH(H5,0)+1 -> 43678 | J5: =EOMONTH(I5,0)+1 -> 43709 | ... M5: =EOMONTH(L5,0)+1 -> 43800
B6: =NETWORKDAYS(B5,EOMONTH(B5,0),FERIADOS!$B$4:$M$10)-COUNTA('DIAS FRACIONADOS'!$B$6:$B$12) -> 21 | C6: =NETWORKDAYS(C5,EOMONTH(C5,0),FERIADOS!$B$4:$M$10)-COUNTA('DIAS FRACIONADOS'!$D$6:$D$12) -> 20 | D6: =NETWORKDAYS(D5,EOMONTH(D5,0),FERIADOS!$B$4:$M$10)-COUNTA('DIAS FRACIONADOS'!$F$6:$F$12) -> 18 | E6: =NETWORKDAYS(E5,EOMONTH(E5,0),FERIADOS!$B$4:$M$10)-COUNTA('DIAS FRACIONADOS'!$H$6:$H$12) -> 21 | F6: =NETWORKDAYS(F5,EOMONTH(F5,0),FERIADOS!$B$4:$M$10)-COUNTA('DIAS FRACIONADOS'!$J$6:$J$12) -> 22 | G6: =NETWORKDAYS(G5,EOMONTH(G5,0),FERIADOS!$B$4:$M$10)-COUNTA('DIAS FRACIONADOS'!$L$6:$L$12) -> 19 | H6: =NETWORKDAYS(H5,EOMONTH(H5,0),FERIADOS!$B$4:$M$10)-COUNTA('DIAS FRACIONADOS'!$N$6:$N$12) -> 22 | I6: =NETWORKDAYS(I5,EOMONTH(I5,0),FERIADOS!$B$4:$M$10)-COUNTA('DIAS FRACIONADOS'!$P$6:$P$12) -> 22 | J6: =NETWORKDAYS(J5,EOMONTH(J5,0),FERIADOS!$B$4:$M$10)-COUNTA('DIAS FRACIONADOS'!$R$6:$R$12) -> 20 | K6: =NETWORKDAYS(K5,EOMONTH(K5,0),FERIADOS!$B$4:$M$10)-COUNTA('DIAS FRACIONADOS'!$T$6:$T$12) -> 23 | L6: =NETWORKDAYS(L5,EOMONTH(L5,0),FERIADOS!$B$4:$M$10)-COUNTA('DIAS FRACIONADOS'!$V$6:$V$12) -> 20 | M6: =NETWORKDAYS(M5,EOMONTH(M5,0),FERIADOS!$B$4:$M$10)-COUNTA('DIAS FRACIONADOS'!$X$6:$X$12) -> 21

Sheet FERIADOS
B2: FERIADOS E PONTOS FACULTATIVOS (DIAS À DESCONTAR)
B3: JANEIRO | C3: FEVEREIRO | D3: MARÇO | E3: ABRIL | F3: MAIO | G3: JUNHO | H3: JULHO | I3: AGOSTO | J3: SETEMBRO | K3: OUTUBRO | L3: NOVEMBRO | M3: DEZEMBRO
B4: 42736 | C4: 42793 | D4: 41701 | E4: 42839 | F4: 42856 | G4: 42901 | H4: 42925 | J4: 42985 | K4: 43020 | L4: 43041 | M4: 43094
C5: 42794 | D5: 41702 | E5: 42846 | F5: 43586 | G5: 43636 | H5: 43655 | J5: 43715 | K5: 43720 | L5: 43054 | M5: 43824
B6: 43466 | D6: 43528 | E6: 43574 | L6: 43771
D7: 43529 | L7: 43784

Sheet EST. PROVAS
B2: SEMANA PROVAS E CURSOS
B3: FLÁVIO SOUZA ROCHA | C3: LETICIA ANANIAS VIEIRA | D3: RAPHAELA RIBEIRO ZAULI | E3: JOÃO CARLOS SOUSA | F3: MARIANA CAETANO DE MACEDO | G3: JOÃO PAULO ORLANDO BONAMIM
B4: =COUNTA(B5:B24) -> 4 | C4: =COUNTA(C5:C24) -> 2 | D4: =COUNTA(D5:D24) -> 5 | E4: =COUNTA(E5:E24) -> 1 | F4: =COUNTA(F5:F24) -> 0 | G4: =COUNTA(G5:G24) -> 0
B5: 41736 | C5: 41736 | D5: 41736 | E5: 41741
B6: 41737 | C6: 41738 | D6: 41737
B7: 41738 | D7: 41738
B8: 41739 | D8: 41739
D9: 41740

Sheet DIAS FRACIONADOS
B2: CARGA HORÁRIA REDUZIDA
B3: JANEIRO | D3: FEVEREIRO | F3: MARÇO | H3: ABRIL | J3: MAIO | L3: JUNHO | N3: JULHO | P3: AGOSTO | R3: SETEMBRO | T3: OUTUBRO | V3: NOVEMBRO | X3: DEZEMBRO
B4: =SUM(B6:B12) -> 0.20833333 | C4: =COUNTA(C6:C12) -> 1 | D4: =SUM(D6:D12) -> 0 | E4: =COUNTA(E6:E12) -> 0 | F4: =SUM(F6:F12) -> 0.25 | G4: =COUNTA(G6:G12) -> 1 | H4: =SUM(H6:H12) -> 0 | I4: =COUNTA(I6:I12) -> 0 | J4: =SUM(J6:J12) -> 0 | K4: =COUNTA(K6:K12) -> 0 | L4: =SUM(L6:L12) -> 0 | M4: =COUNTA(M6:M12) -> 0 | N4: =SUM(N6:N12) -> 0 | O4: =COUNTA(O6:O12) -> 0 | P4: =SUM(P6:P12) -> 0 | Q4: =COUNTA(Q6:Q12) -> 0 | R4: =SUM(R6:R12) -> 0 | S4: =COUNTA(S6:S12) -> 0 | T4: =SUM(T6:T12) -> 0 | U4: =COUNTA(U6:U12) -> 0 | V4: =SUM(V6:V12) -> 0 | W4: =COUNTA(W6:W12) -> 0 | X4: =SUM(X6:X12) -> 0 | Y4: =COUNTA(Y6:Y12) -> 0
B5: HORAS | C5: DIA | D5: HORAS | E5: DIA | F5: HORAS | G5: DIA | H5: HORAS | I5: DIA | J5: HORAS | K5: DIA | L5: HORAS | M5: DIA | N5: HORAS | O5: DIA | P5: HORAS | Q5: DIA | R5: HORAS | S5: DIA | T5: HORAS | U5: DIA | V5: HORAS | W5: DIA | X5: HORAS | Y5: DIA
B6: 0.20833333 | C6: 41641 | F6: 0.25 | G6: 41703

Sheet Planilha1
