Workbook

Sheet Ctas-Receber-Mes
A2: CONTROLE DE CONTAS A RECEBER | J2: FOLHA: | K2: 01/01 | L2: MÊS/ANO:
A3: Cliente | B3: Nº Conta: | C3: Doc. Nº | D3: Data da Emissão | E3: Portador | F3: Venctº | G3: Valor | I3: Liquidação | K3: Saldo a Receber | L3: Desconto ou Juros | M3: Valor (D / J)
F4: ='Ctas-Receber-Mes'!M2 -> 0 | G4: Nominal | H4: Acumulado | I4: Data | J4: Valor
A5: Fulano de Tal | C5: 123456 | D5: 43462 | E5: BB | F5: 43480 | G5: 5300 | H5: =IF(G5="","",G5) -> 5300 | I5: 43481 | J5: 5300 | K5: =IF((J5=""),"",IF((J5=0),MAX(H5:H34),IF((J5=G5),MAX(H5:H34)-J5,IF((L5="J"),MAX(H5:H34)-J5+(J5-G5),IF((L5="D"),MAX(H5:H34)-G5-(G5-J5),""))))) -> 0 | L5: =IF((J5=""),"",IF((J5=0),"",IF(AND(J5<G5,J5>0),"D",IF((J5>G5),"J","")))) | M5: =IF((L5="J"),(J5-G5),IF((L5="D"),(G5-J5),""))
H6: =IF(G6="","",H5+G6) | K6: =IF((J6=""),"",IF((J6=G6),(K5-J6),IF((L6="J"),(K5-J6)+(J6-G6),IF((L6="D"),K5-G6-(G6-J6),IF((J6=0),(K5-J6),""))))) | L6: =IF((J6=""),"",IF(AND(J6<G6,J6>0),"D",IF((J6>G6),"J",""))) | M6: =IF((L6="J"),(J6-G6),IF((L6="D"),(G6-J6),""))
H7: =IF(G7="","",H6+G7) | K7: =IF((J7=""),"",IF((J7=G7),(K6-J7),IF((L7="J"),(K6-J7)+(J7-G7),IF((L7="D"),K6-G7-(G7-J7),IF((J7=0),(K6-J7),""))))) | L7: =IF((J7=""),"",IF(AND(J7<G7,J7>0),"D",IF((J7>G7),"J",""))) | M7: =IF((L7="J"),(J7-G7),IF((L7="D"),(G7-J7),""))
H8: =IF(G8="","",H7+G8) | K8: =IF((J8=""),"",IF((J8=G8),(K7-J8),IF((L8="J"),(K7-J8)+(J8-G8),IF((L8="D"),K7-G8-(G8-J8),IF((J8=0),(K7-J8),""))))) | L8: =IF((J8=""),"",IF(AND(J8<G8,J8>0),"D",IF((J8>G8),"J",""))) | M8: =IF((L8="J"),(J8-G8),IF((L8="D"),(G8-J8),""))
B9: Reposição de fundo | H9: =IF(G9="","",H8+G9) | K9: =IF((J9=""),"",IF((J9=G9),(K8-J9),IF((L9="J"),(K8-J9)+(J9-G9),IF((L9="D"),K8-G9-(G9-J9),IF((J9=0),(K8-J9),""))))) | L9: =IF((J9=""),"",IF(AND(J9<G9,J9>0),"D",IF((J9>G9),"J",""))) | M9: =IF((L9="J"),(J9-G9),IF((L9="D"),(G9-J9),""))
H10: =IF(G10="","",H9+G10) | K10: =IF((J10=""),"",IF((J10=G10),(K9-J10),IF((L10="J"),(K9-J10)+(J10-G10),IF((L10="D"),K9-G10-(G10-J10),IF((J10=0),(K9-J10),""))))) | L10: =IF((J10=""),"",IF(AND(J10<G10,J10>0),"D",IF((J10>G10),"J",""))) | M10: =IF((L10="J"),(J10-G10),IF((L10="D"),(G10-J10),""))
H11: =IF(G11="","",H10+G11) | K11: =IF((J11=""),"",IF((J11=G11),(K10-J11),IF((L11="J"),(K10-J11)+(J11-G11),IF((L11="D"),K10-G11-(G11-J11),IF((J11=0),(K10-J11),""))))) | L11: =IF((J11=""),"",IF(AND(J11<G11,J11>0),"D",IF((J11>G11),"J",""))) | M11: =IF((L11="J"),(J11-G11),IF((L11="D"),(G11-J11),""))
H12: =IF(G12="","",H11+G12) | K12: =IF((J12=""),"",IF((J12=G12),(K11-J12),IF((L12="J"),(K11-J12)+(J12-G12),IF((L12="D"),K11-G12-(G12-J12),IF((J12=0),(K11-J12),""))))) | L12: =IF((J12=""),"",IF(AND(J12<G12,J12>0),"D",IF((J12>G12),"J",""))) | M12: =IF((L12="J"),(J12-G12),IF((L12="D"),(G12-J12),""))
H13: =IF(G13="","",H12+G13) | K13: =IF((J13=""),"",IF((J13=G13),(K12-J13),IF((L13="J"),(K12-J13)+(J13-G13),IF((L13="D"),K12-G13-(G13-J13),IF((J13=0),(K12-J13),""))))) | L13: =IF((J13=""),"",IF(AND(J13<G13,J13>0),"D",IF((J13>G13),"J",""))) | M13: =IF((L13="J"),(J13-G13),IF((L13="D"),(G13-J13),""))
H14: =IF(G14="","",H13+G14) | K14: =IF((J14=""),"",IF((J14=G14),(K13-J14),IF((L14="J"),(K13-J14)+(J14-G14),IF((L14="D"),K13-G14-(G14-J14),IF((J14=0),(K13-J14),""))))) | L14: =IF((J14=""),"",IF(AND(J14<G14,J14>0),"D",IF((J14>G14),"J",""))) | M14: =IF((L14="J"),(J14-G14),IF((L14="D"),(G14-J14),""))
H15: =IF(G15="","",H14+G15) | K15: =IF((J15=""),"",IF((J15=G15),(K14-J15),IF((L15="J"),(K14-J15)+(J15-G15),IF((L15="D"),K14-G15-(G15-J15),IF((J15=0),(K14-J15),""))))) | L15: =IF((J15=""),"",IF(AND(J15<G15,J15>0),"D",IF((J15>G15),"J",""))) | M15: =IF((L15="J"),(J15-G15),IF((L15="D"),(G15-J15),""))
H16: =IF(G16="","",H15+G16) | K16: =IF((J16=""),"",IF((J16=G16),(K15-J16),IF((L16="J"),(K15-J16)+(J16-G16),IF((L16="D"),K15-G16-(G16-J16),IF((J16=0),(K15-J16),""))))) | L16: =IF((J16=""),"",IF(AND(J16<G16,J16>0),"D",IF((J16>G16),"J",""))) | M16: =IF((L16="J"),(J16-G16),IF((L16="D"),(G16-J16),""))
H17: =IF(G17="","",H16+G17) | K17: =IF((J17=""),"",IF((J17=G17),(K16-J17),IF((L17="J"),(K16-J17)+(J17-G17),IF((L17="D"),K16-G17-(G17-J17),IF((J17=0),(K16-J17),""))))) | L17: =IF((J17=""),"",IF(AND(J17<G17,J17>0),"D",IF((J17>G17),"J",""))) | M17: =IF((L17="J"),(J17-G17),IF((L17="D"),(G17-J17),""))
H18: =IF(G18="","",H17+G18) | K18: =IF((J18=""),"",IF((J18=G18),(K17-J18),IF((L18="J"),(K17-J18)+(J18-G18),IF((L18="D"),K17-G18-(G18-J18),IF((J18=0),(K17-J18),""))))) | L18: =IF((J18=""),"",IF(AND(J18<G18,J18>0),"D",IF((J18>G18),"J",""))) | M18: =IF((L18="J"),(J18-G18),IF((L18="D"),(G18-J18),""))
H19: =IF(G19="","",H18+G19) | K19: =IF((J19=""),"",IF((J19=G19),(K18-J19),IF((L19="J"),(K18-J19)+(J19-G19),IF((L19="D"),K18-G19-(G19-J19),IF((J19=0),(K18-J19),""))))) | L19: =IF((J19=""),"",IF(AND(J19<G19,J19>0),"D",IF((J19>G19),"J",""))) | M19: =IF((L19="J"),(J19-G19),IF((L19="D"),(G19-J19),""))
H20: =IF(G20="","",H19+G20) | K20: =IF((J20=""),"",IF((J20=G20),(K19-J20),IF((L20="J"),(K19-J20)+(J20-G20),IF((L20="D"),K19-G20-(G20-J20),IF((J20=0),(K19-J20),""))))) | L20: =IF((J20=""),"",IF(AND(J20<G20,J20>0),"D",IF((J20>G20),"J",""))) | M20: =IF((L20="J"),(J20-G20),IF((L20="D"),(G20-J20),""))
H21: =IF(G21="","",H20+G21) | K21: =IF((J21=""),"",IF((J21=G21),(K20-J21),IF((L21="J"),(K20-J21)+(J21-G21),IF((L21="D"),K20-G21-(G21-J21),IF((J21=0),(K20-J21),""))))) | L21: =IF((J21=""),"",IF(AND(J21<G21,J21>0),"D",IF((J21>G21),"J",""))) | M21: =IF((L21="J"),(J21-G21),IF((L21="D"),(G21-J21),""))
... H34: =IF(G34="","",H33+G34) | K34: =IF((J34=""),"",IF((J34=G34),(K33-J34),IF((L34="J"),(K33-J34)+(J34-G34),IF((L34="D"),K33-G34-(G34-J34),IF((J34=0),(K33-J34),""))))) | L34: =IF((J34=""),"",IF(AND(J34<G34,J34>0),"D",IF((J34>G34),"J",""))) | M34: =IF((L34="J"),(J34-G34),IF((L34="D"),(G34-J34),""))
K35: =IF(OR(K5<0,K6<0,K7<0,K8<0,K9<0,K10<0,K11<0,K12<0,K13<0,K14<0,K15<0,K16<0,K17<0,K18<0,K19<0,K20<0,K21<0,K22<0,K23<0,K24<0,K25<0,K26<0,K27<0,K28<0,K29<0,K30<0,K31<0,K32<0,K33<0,K34<0),"O saldo a receber NEGATIVO refere-se aos descontos concedidos, portanto não existe mais nada a receber.",IF(OR(K5=0,K6=0,K7=0,K8=0,K9=0,K10=0,K11=0,K12=0,K13=0,K14=0,K15=0,K16=0,K17=0,K18=0,K19=0,K20=0,K21=0,K22=0,K23=0,K24=0,K25=0,K26=0,K27=0,K28=0,K29=0,K30=0,K31=0,K32=0,K33=0,K34=0),"SALDO ZERADO","")) -> SALDO ZERADO
A36: Obs.: Na liquidação deverá ser inserido o valor recebido já contemplando o juro ou desconto, todavia
A37: o saldo a receber é calculado pelo valor nominal.
F43: =IF(OR('Ctas-Receber-Mes'!F5=[1]Fluxo_Mes1!$B$3,'Ctas-Receber-Mes'!F5=[1]Fluxo_Mes1!$D$3,(AND('Ctas-Receber-Mes'!F5>[1]Fluxo_Mes1!$B$3,'Ctas-Receber-Mes'!F5<[1]Fluxo_Mes1!$D$3))),G5,"") | G43: =IF(OR('Ctas-Receber-Mes'!F5=[1]Fluxo_Mes1!$E$3,'Ctas-Receber-Mes'!F5=[1]Fluxo_Mes1!$G$3,(AND('Ctas-Receber-Mes'!F5>[1]Fluxo_Mes1!$E$3,'Ctas-Receber-Mes'!F5<[1]Fluxo_Mes1!$G$3))),G5,"") | H43: =IF(OR('Ctas-Receber-Mes'!F5=[1]Fluxo_Mes1!$H$3,'Ctas-Receber-Mes'!F5=[1]Fluxo_Mes1!$J$3,(AND('Ctas-Receber-Mes'!F5>[1]Fluxo_Mes1!$H$3,'Ctas-Receber-Mes'!F5<[1]Fluxo_Mes1!$J$3))),G5,"") | I43: =IF(OR('Ctas-Receber-Mes'!F5=[1]Fluxo_Mes1!$K$3,'Ctas-Receber-Mes'!F5=[1]Fluxo_Mes1!$M$3,(AND('Ctas-Receber-Mes'!F5>[1]Fluxo_Mes1!$K$3,'Ctas-Receber-Mes'!F5<[1]Fluxo_Mes1!$M$3))),G5,"") | J43: =IF(OR('Ctas-Receber-Mes'!F5=[1]Fluxo_Mes1!$N$3,'Ctas-Receber-Mes'!F5=[1]Fluxo_Mes1!$P$3,(AND('Ctas-Receber-Mes'!F5>[1]Fluxo_Mes1!$N$3,'Ctas-Receber-Mes'!F5<[1]Fluxo_Mes1!$P$3))),G5,"")
F44: =IF(OR('Ctas-Receber-Mes'!F6=[1]Fluxo_Mes1!$B$3,'Ctas-Receber-Mes'!F6=[1]Fluxo_Mes1!$D$3,(AND('Ctas-Receber-Mes'!F6>[1]Fluxo_Mes1!$B$3,'Ctas-Receber-Mes'!F6<[1]Fluxo_Mes1!$D$3))),G6,"") | G44: =IF(OR('Ctas-Receber-Mes'!F6=[1]Fluxo_Mes1!$E$3,'Ctas-Receber-Mes'!F6=[1]Fluxo_Mes1!$G$3,(AND('Ctas-Receber-Mes'!F6>[1]Fluxo_Mes1!$E$3,'Ctas-Receber-Mes'!F6<[1]Fluxo_Mes1!$G$3))),G6,"") | H44: =IF(OR('Ctas-Receber-Mes'!F6=[1]Fluxo_Mes1!$H$3,'Ctas-Receber-Mes'!F6=[1]Fluxo_Mes1!$J$3,(AND('Ctas-Receber-Mes'!F6>[1]Fluxo_Mes1!$H$3,'Ctas-Receber-Mes'!F6<[1]Fluxo_Mes1!$J$3))),G6,"") | I44: =IF(OR('Ctas-Receber-Mes'!F6=[1]Fluxo_Mes1!$K$3,'Ctas-Receber-Mes'!F6=[1]Fluxo_Mes1!$M$3,(AND('Ctas-Receber-Mes'!F6>[1]Fluxo_Mes1!$K$3,'Ctas-Receber-Mes'!F6<[1]Fluxo_Mes1!$M$3))),G6,"") | J44: =IF(OR('Ctas-Receber-Mes'!F6=[1]Fluxo_Mes1!$N$3,'Ctas-Receber-Mes'!F6=[1]Fluxo_Mes1!$P$3,(AND('Ctas-Receber-Mes'!F6>[1]Fluxo_Mes1!$N$3,'Ctas-Receber-Mes'!F6<[1]Fluxo_Mes1!$P$3))),G6,"")
F45: =IF(OR('Ctas-Receber-Mes'!F7=[1]Fluxo_Mes1!$B$3,'Ctas-Receber-Mes'!F7=[1]Fluxo_Mes1!$D$3,(AND('Ctas-Receber-Mes'!F7>[1]Fluxo_Mes1!$B$3,'Ctas-Receber-Mes'!F7<[1]Fluxo_Mes1!$D$3))),G7,"") | G45: =IF(OR('Ctas-Receber-Mes'!F7=[1]Fluxo_Mes1!$E$3,'Ctas-Receber-Mes'!F7=[1]Fluxo_Mes1!$G$3,(AND('Ctas-Receber-Mes'!F7>[1]Fluxo_Mes1!$E$3,'Ctas-Receber-Mes'!F7<[1]Fluxo_Mes1!$G$3))),G7,"") | H45: =IF(OR('Ctas-Receber-Mes'!F7=[1]Fluxo_Mes1!$H$3,'Ctas-Receber-Mes'!F7=[1]Fluxo_Mes1!$J$3,(AND('Ctas-Receber-Mes'!F7>[1]Fluxo_Mes1!$H$3,'Ctas-Receber-Mes'!F7<[1]Fluxo_Mes1!$J$3))),G7,"") | I45: =IF(OR('Ctas-Receber-Mes'!F7=[1]Fluxo_Mes1!$K$3,'Ctas-Receber-Mes'!F7=[1]Fluxo_Mes1!$M$3,(AND('Ctas-Receber-Mes'!F7>[1]Fluxo_Mes1!$K$3,'Ctas-Receber-Mes'!F7<[1]Fluxo_Mes1!$M$3))),G7,"") | J45: =IF(OR('Ctas-Receber-Mes'!F7=[1]Fluxo_Mes1!$N$3,'Ctas-Receber-Mes'!F7=[1]Fluxo_Mes1!$P$3,(AND('Ctas-Receber-Mes'!F7>[1]Fluxo_Mes1!$N$3,'Ctas-Receber-Mes'!F7<[1]Fluxo_Mes1!$P$3))),G7,"")
F46: =IF(OR('Ctas-Receber-Mes'!F8=[1]Fluxo_Mes1!$B$3,'Ctas-Receber-Mes'!F8=[1]Fluxo_Mes1!$D$3,(AND('Ctas-Receber-Mes'!F8>[1]Fluxo_Mes1!$B$3,'Ctas-Receber-Mes'!F8<[1]Fluxo_Mes1!$D$3))),G8,"") | G46: =IF(OR('Ctas-Receber-Mes'!F8=[1]Fluxo_Mes1!$E$3,'Ctas-Receber-Mes'!F8=[1]Fluxo_Mes1!$G$3,(AND('Ctas-Receber-Mes'!F8>[1]Fluxo_Mes1!$E$3,'Ctas-Receber-Mes'!F8<[1]Fluxo_Mes1!$G$3))),G8,"") | H46: =IF(OR('Ctas-Receber-Mes'!F8=[1]Fluxo_Mes1!$H$3,'Ctas-Receber-Mes'!F8=[1]Fluxo_Mes1!$J$3,(AND('Ctas-Receber-Mes'!F8>[1]Fluxo_Mes1!$H$3,'Ctas-Receber-Mes'!F8<[1]Fluxo_Mes1!$J$3))),G8,"") | I46: =IF(OR('Ctas-Receber-Mes'!F8=[1]Fluxo_Mes1!$K$3,'Ctas-Receber-Mes'!F8=[1]Fluxo_Mes1!$M$3,(AND('Ctas-Receber-Mes'!F8>[1]Fluxo_Mes1!$K$3,'Ctas-Receber-Mes'!F8<[1]Fluxo_Mes1!$M$3))),G8,"") | J46: =IF(OR('Ctas-Receber-Mes'!F8=[1]Fluxo_Mes1!$N$3,'Ctas-Receber-Mes'!F8=[1]Fluxo_Mes1!$P$3,(AND('Ctas-Receber-Mes'!F8>[1]Fluxo_Mes1!$N$3,'Ctas-Receber-Mes'!F8<[1]Fluxo_Mes1!$P$3))),G8,"")
F47: =IF(OR('Ctas-Receber-Mes'!F9=[1]Fluxo_Mes1!$B$3,'Ctas-Receber-Mes'!F9=[1]Fluxo_Mes1!$D$3,(AND('Ctas-Receber-Mes'!F9>[1]Fluxo_Mes1!$B$3,'Ctas-Receber-Mes'!F9<[1]Fluxo_Mes1!$D$3))),G9,"") | G47: =IF(OR('Ctas-Receber-Mes'!F9=[1]Fluxo_Mes1!$E$3,'Ctas-Receber-Mes'!F9=[1]Fluxo_Mes1!$G$3,(AND('Ctas-Receber-Mes'!F9>[1]Fluxo_Mes1!$E$3,'Ctas-Receber-Mes'!F9<[1]Fluxo_Mes1!$G$3))),G9,"") | H47: =IF(OR('Ctas-Receber-Mes'!F9=[1]Fluxo_Mes1!$H$3,'Ctas-Receber-Mes'!F9=[1]Fluxo_Mes1!$J$3,(AND('Ctas-Receber-Mes'!F9>[1]Fluxo_Mes1!$H$3,'Ctas-Receber-Mes'!F9<[1]Fluxo_Mes1!$J$3))),G9,"") | I47: =IF(OR('Ctas-Receber-Mes'!F9=[1]Fluxo_Mes1!$K$3,'Ctas-Receber-Mes'!F9=[1]Fluxo_Mes1!$M$3,(AND('Ctas-Receber-Mes'!F9>[1]Fluxo_Mes1!$K$3,'Ctas-Receber-Mes'!F9<[1]Fluxo_Mes1!$M$3))),G9,"") | J47: =IF(OR('Ctas-Receber-Mes'!F9=[1]Fluxo_Mes1!$N$3,'Ctas-Receber-Mes'!F9=[1]Fluxo_Mes1!$P$3,(AND('Ctas-Receber-Mes'!F9>[1]Fluxo_Mes1!$N$3,'Ctas-Receber-Mes'!F9<[1]Fluxo_Mes1!$P$3))),G9,"")
F48: =IF(OR('Ctas-Receber-Mes'!F10=[1]Fluxo_Mes1!$B$3,'Ctas-Receber-Mes'!F10=[1]Fluxo_Mes1!$D$3,(AND('Ctas-Receber-Mes'!F10>[1]Fluxo_Mes1!$B$3,'Ctas-Receber-Mes'!F10<[1]Fluxo_Mes1!$D$3))),G10,"") | G48: =IF(OR('Ctas-Receber-Mes'!F10=[1]Fluxo_Mes1!$E$3,'Ctas-Receber-Mes'!F10=[1]Fluxo_Mes1!$G$3,(AND('Ctas-Receber-Mes'!F10>[1]Fluxo_Mes1!$E$3,'Ctas-Receber-Mes'!F10<[1]Fluxo_Mes1!$G$3))),G10,"") | H48: =IF(OR('Ctas-Receber-Mes'!F10=[1]Fluxo_Mes1!$H$3,'Ctas-Receber-Mes'!F10=[1]Fluxo_Mes1!$J$3,(AND('Ctas-Receber-Mes'!F10>[1]Fluxo_Mes1!$H$3,'Ctas-Receber-Mes'!F10<[1]Fluxo_Mes1!$J$3))),G10,"") | I48: =IF(OR('Ctas-Receber-Mes'!F10=[1]Fluxo_Mes1!$K$3,'Ctas-Receber-Mes'!F10=[1]Fluxo_Mes1!$M$3,(AND('Ctas-Receber-Mes'!F10>[1]Fluxo_Mes1!$K$3,'Ctas-Receber-Mes'!F10<[1]Fluxo_Mes1!$M$3))),G10,"") | J48: =IF(OR('Ctas-Receber-Mes'!F10=[1]Fluxo_Mes1!$N$3,'Ctas-Receber-Mes'!F10=[1]Fluxo_Mes1!$P$3,(AND('Ctas-Receber-Mes'!F10>[1]Fluxo_Mes1!$N$3,'Ctas-Receber-Mes'!F10<[1]Fluxo_Mes1!$P$3))),G10,"")
F49: =IF(OR('Ctas-Receber-Mes'!F11=[1]Fluxo_Mes1!$B$3,'Ctas-Receber-Mes'!F11=[1]Fluxo_Mes1!$D$3,(AND('Ctas-Receber-Mes'!F11>[1]Fluxo_Mes1!$B$3,'Ctas-Receber-Mes'!F11<[1]Fluxo_Mes1!$D$3))),G11,"") | G49: =IF(OR('Ctas-Receber-Mes'!F11=[1]Fluxo_Mes1!$E$3,'Ctas-Receber-Mes'!F11=[1]Fluxo_Mes1!$G$3,(AND('Ctas-Receber-Mes'!F11>[1]Fluxo_Mes1!$E$3,'Ctas-Receber-Mes'!F11<[1]Fluxo_Mes1!$G$3))),G11,"") | H49: =IF(OR('Ctas-Receber-Mes'!F11=[1]Fluxo_Mes1!$H$3,'Ctas-Receber-Mes'!F11=[1]Fluxo_Mes1!$J$3,(AND('Ctas-Receber-Mes'!F11>[1]Fluxo_Mes1!$H$3,'Ctas-Receber-Mes'!F11<[1]Fluxo_Mes1!$J$3))),G11,"") | I49: =IF(OR('Ctas-Receber-Mes'!F11=[1]Fluxo_Mes1!$K$3,'Ctas-Receber-Mes'!F11=[1]Fluxo_Mes1!$M$3,(AND('Ctas-Receber-Mes'!F11>[1]Fluxo_Mes1!$K$3,'Ctas-Receber-Mes'!F11<[1]Fluxo_Mes1!$M$3))),G11,"") | J49: =IF(OR('Ctas-Receber-Mes'!F11=[1]Fluxo_Mes1!$N$3,'Ctas-Receber-Mes'!F11=[1]Fluxo_Mes1!$P$3,(AND('Ctas-Receber-Mes'!F11>[1]Fluxo_Mes1!$N$3,'Ctas-Receber-Mes'!F11<[1]Fluxo_Mes1!$P$3))),G11,"")
F50: =IF(OR('Ctas-Receber-Mes'!F12=[1]Fluxo_Mes1!$B$3,'Ctas-Receber-Mes'!F12=[1]Fluxo_Mes1!$D$3,(AND('Ctas-Receber-Mes'!F12>[1]Fluxo_Mes1!$B$3,'Ctas-Receber-Mes'!F12<[1]Fluxo_Mes1!$D$3))),G12,"") | G50: =IF(OR('Ctas-Receber-Mes'!F12=[1]Fluxo_Mes1!$E$3,'Ctas-Receber-Mes'!F12=[1]Fluxo_Mes1!$G$3,(AND('Ctas-Receber-Mes'!F12>[1]Fluxo_Mes1!$E$3,'Ctas-Receber-Mes'!F12<[1]Fluxo_Mes1!$G$3))),G12,"") | H50: =IF(OR('Ctas-Receber-Mes'!F12=[1]Fluxo_Mes1!$H$3,'Ctas-Receber-Mes'!F12=[1]Fluxo_Mes1!$J$3,(AND('Ctas-Receber-Mes'!F12>[1]Fluxo_Mes1!$H$3,'Ctas-Receber-Mes'!F12<[1]Fluxo_Mes1!$J$3))),G12,"") | I50: =IF(OR('Ctas-Receber-Mes'!F12=[1]Fluxo_Mes1!$K$3,'Ctas-Receber-Mes'!F12=[1]Fluxo_Mes1!$M$3,(AND('Ctas-Receber-Mes'!F12>[1]Fluxo_Mes1!$K$3,'Ctas-Receber-Mes'!F12<[1]Fluxo_Mes1!$M$3))),G12,"") | J50: =IF(OR('Ctas-Receber-Mes'!F12=[1]Fluxo_Mes1!$N$3,'Ctas-Receber-Mes'!F12=[1]Fluxo_Mes1!$P$3,(AND('Ctas-Receber-Mes'!F12>[1]Fluxo_Mes1!$N$3,'Ctas-Receber-Mes'!F12<[1]Fluxo_Mes1!$P$3))),G12,"")
F51: =IF(OR('Ctas-Receber-Mes'!F13=[1]Fluxo_Mes1!$B$3,'Ctas-Receber-Mes'!F13=[1]Fluxo_Mes1!$D$3,(AND('Ctas-Receber-Mes'!F13>[1]Fluxo_Mes1!$B$3,'Ctas-Receber-Mes'!F13<[1]Fluxo_Mes1!$D$3))),G13,"") | G51: =IF(OR('Ctas-Receber-Mes'!F13=[1]Fluxo_Mes1!$E$3,'Ctas-Receber-Mes'!F13=[1]Fluxo_Mes1!$G$3,(AND('Ctas-Receber-Mes'!F13>[1]Fluxo_Mes1!$E$3,'Ctas-Receber-Mes'!F13<[1]Fluxo_Mes1!$G$3))),G13,"") | H51: =IF(OR('Ctas-Receber-Mes'!F13=[1]Fluxo_Mes1!$H$3,'Ctas-Receber-Mes'!F13=[1]Fluxo_Mes1!$J$3,(AND('Ctas-Receber-Mes'!F13>[1]Fluxo_Mes1!$H$3,'Ctas-Receber-Mes'!F13<[1]Fluxo_Mes1!$J$3))),G13,"") | I51: =IF(OR('Ctas-Receber-Mes'!F13=[1]Fluxo_Mes1!$K$3,'Ctas-Receber-Mes'!F13=[1]Fluxo_Mes1!$M$3,(AND('Ctas-Receber-Mes'!F13>[1]Fluxo_Mes1!$K$3,'Ctas-Receber-Mes'!F13<[1]Fluxo_Mes1!$M$3))),G13,"") | J51: =IF(OR('Ctas-Receber-Mes'!F13=[1]Fluxo_Mes1!$N$3,'Ctas-Receber-Mes'!F13=[1]Fluxo_Mes1!$P$3,(AND('Ctas-Receber-Mes'!F13>[1]Fluxo_Mes1!$N$3,'Ctas-Receber-Mes'!F13<[1]Fluxo_Mes1!$P$3))),G13,"")
F52: =IF(OR('Ctas-Receber-Mes'!F14=[1]Fluxo_Mes1!$B$3,'Ctas-Receber-Mes'!F14=[1]Fluxo_Mes1!$D$3,(AND('Ctas-Receber-Mes'!F14>[1]Fluxo_Mes1!$B$3,'Ctas-Receber-Mes'!F14<[1]Fluxo_Mes1!$D$3))),G14,"") | G52: =IF(OR('Ctas-Receber-Mes'!F14=[1]Fluxo_Mes1!$E$3,'Ctas-Receber-Mes'!F14=[1]Fluxo_Mes1!$G$3,(AND('Ctas-Receber-Mes'!F14>[1]Fluxo_Mes1!$E$3,'Ctas-Receber-Mes'!F14<[1]Fluxo_Mes1!$G$3))),G14,"") | H52: =IF(OR('Ctas-Receber-Mes'!F14=[1]Fluxo_Mes1!$H$3,'Ctas-Receber-Mes'!F14=[1]Fluxo_Mes1!$J$3,(AND('Ctas-Receber-Mes'!F14>[1]Fluxo_Mes1!$H$3,'Ctas-Receber-Mes'!F14<[1]Fluxo_Mes1!$J$3))),G14,"") | I52: =IF(OR('Ctas-Receber-Mes'!F14=[1]Fluxo_Mes1!$K$3,'Ctas-Receber-Mes'!F14=[1]Fluxo_Mes1!$M$3,(AND('Ctas-Receber-Mes'!F14>[1]Fluxo_Mes1!$K$3,'Ctas-Receber-Mes'!F14<[1]Fluxo_Mes1!$M$3))),G14,"") | J52: =IF(OR('Ctas-Receber-Mes'!F14=[1]Fluxo_Mes1!$N$3,'Ctas-Receber-Mes'!F14=[1]Fluxo_Mes1!$P$3,(AND('Ctas-Receber-Mes'!F14>[1]Fluxo_Mes1!$N$3,'Ctas-Receber-Mes'!F14<[1]Fluxo_Mes1!$P$3))),G14,"")
F53: =IF(OR('Ctas-Receber-Mes'!F15=[1]Fluxo_Mes1!$B$3,'Ctas-Receber-Mes'!F15=[1]Fluxo_Mes1!$D$3,(AND('Ctas-Receber-Mes'!F15>[1]Fluxo_Mes1!$B$3,'Ctas-Receber-Mes'!F15<[1]Fluxo_Mes1!$D$3))),G15,"") | G53: =IF(OR('Ctas-Receber-Mes'!F15=[1]Fluxo_Mes1!$E$3,'Ctas-Receber-Mes'!F15=[1]Fluxo_Mes1!$G$3,(AND('Ctas-Receber-Mes'!F15>[1]Fluxo_Mes1!$E$3,'Ctas-Receber-Mes'!F15<[1]Fluxo_Mes1!$G$3))),G15,"") | H53: =IF(OR('Ctas-Receber-Mes'!F15=[1]Fluxo_Mes1!$H$3,'Ctas-Receber-Mes'!F15=[1]Fluxo_Mes1!$J$3,(AND('Ctas-Receber-Mes'!F15>[1]Fluxo_Mes1!$H$3,'Ctas-Receber-Mes'!F15<[1]Fluxo_Mes1!$J$3))),G15,"") | I53: =IF(OR('Ctas-Receber-Mes'!F15=[1]Fluxo_Mes1!$K$3,'Ctas-Receber-Mes'!F15=[1]Fluxo_Mes1!$M$3,(AND('Ctas-Receber-Mes'!F15>[1]Fluxo_Mes1!$K$3,'Ctas-Receber-Mes'!F15<[1]Fluxo_Mes1!$M$3))),G15,"") | J53: =IF(OR('Ctas-Receber-Mes'!F15=[1]Fluxo_Mes1!$N$3,'Ctas-Receber-Mes'!F15=[1]Fluxo_Mes1!$P$3,(AND('Ctas-Receber-Mes'!F15>[1]Fluxo_Mes1!$N$3,'Ctas-Receber-Mes'!F15<[1]Fluxo_Mes1!$P$3))),G15,"")
F54: =IF(OR('Ctas-Receber-Mes'!F16=[1]Fluxo_Mes1!$B$3,'Ctas-Receber-Mes'!F16=[1]Fluxo_Mes1!$D$3,(AND('Ctas-Receber-Mes'!F16>[1]Fluxo_Mes1!$B$3,'Ctas-Receber-Mes'!F16<[1]Fluxo_Mes1!$D$3))),G16,"") | G54: =IF(OR('Ctas-Receber-Mes'!F16=[1]Fluxo_Mes1!$E$3,'Ctas-Receber-Mes'!F16=[1]Fluxo_Mes1!$G$3,(AND('Ctas-Receber-Mes'!F16>[1]Fluxo_Mes1!$E$3,'Ctas-Receber-Mes'!F16<[1]Fluxo_Mes1!$G$3))),G16,"") | H54: =IF(OR('Ctas-Receber-Mes'!F16=[1]Fluxo_Mes1!$H$3,'Ctas-Receber-Mes'!F16=[1]Fluxo_Mes1!$J$3,(AND('Ctas-Receber-Mes'!F16>[1]Fluxo_Mes1!$H$3,'Ctas-Receber-Mes'!F16<[1]Fluxo_Mes1!$J$3))),G16,"") | I54: =IF(OR('Ctas-Receber-Mes'!F16=[1]Fluxo_Mes1!$K$3,'Ctas-Receber-Mes'!F16=[1]Fluxo_Mes1!$M$3,(AND('Ctas-Receber-Mes'!F16>[1]Fluxo_Mes1!$K$3,'Ctas-Receber-Mes'!F16<[1]Fluxo_Mes1!$M$3))),G16,"") | J54: =IF(OR('Ctas-Receber-Mes'!F16=[1]Fluxo_Mes1!$N$3,'Ctas-Receber-Mes'!F16=[1]Fluxo_Mes1!$P$3,(AND('Ctas-Receber-Mes'!F16>[1]Fluxo_Mes1!$N$3,'Ctas-Receber-Mes'!F16<[1]Fluxo_Mes1!$P$3))),G16,"")
... F72: =IF(OR('Ctas-Receber-Mes'!F34=[1]Fluxo_Mes1!$B$3,'Ctas-Receber-Mes'!F34=[1]Fluxo_Mes1!$D$3,(AND('Ctas-Receber-Mes'!F34>[1]Fluxo_Mes1!$B$3,'Ctas-Receber-Mes'!F34<[1]Fluxo_Mes1!$D$3))),G34,"") | G72: =IF(OR('Ctas-Receber-Mes'!F34=[1]Fluxo_Mes1!$E$3,'Ctas-Receber-Mes'!F34=[1]Fluxo_Mes1!$G$3,(AND('Ctas-Receber-Mes'!F34>[1]Fluxo_Mes1!$E$3,'Ctas-Receber-Mes'!F34<[1]Fluxo_Mes1!$G$3))),G34,"") | H72: =IF(OR('Ctas-Receber-Mes'!F34=[1]Fluxo_Mes1!$H$3,'Ctas-Receber-Mes'!F34=[1]Fluxo_Mes1!$J$3,(AND('Ctas-Receber-Mes'!F34>[1]Fluxo_Mes1!$H$3,'Ctas-Receber-Mes'!F34<[1]Fluxo_Mes1!$J$3))),G34,"") | I72: =IF(OR('Ctas-Receber-Mes'!F34=[1]Fluxo_Mes1!$K$3,'Ctas-Receber-Mes'!F34=[1]Fluxo_Mes1!$M$3,(AND('Ctas-Receber-Mes'!F34>[1]Fluxo_Mes1!$K$3,'Ctas-Receber-Mes'!F34<[1]Fluxo_Mes1!$M$3))),G34,"") | J72: =IF(OR('Ctas-Receber-Mes'!F34=[1]Fluxo_Mes1!$N$3,'Ctas-Receber-Mes'!F34=[1]Fluxo_Mes1!$P$3,(AND('Ctas-Receber-Mes'!F34>[1]Fluxo_Mes1!$N$3,'Ctas-Receber-Mes'!F34<[1]Fluxo_Mes1!$P$3))),G34,"")
F73: =SUM(F43:F72) -> 0 | G73: =SUM(G43:G72) -> 0 | H73: =SUM(H43:H72) -> 0 | I73: =SUM(I43:I72) -> 0 | J73: =SUM(J43:J72) -> 0
