Workbook

Sheet BD
A1: Datas | B1: Vendedores | C1: R$ | D1: Serviço | E1: Mês | F1: 43466 | I1: 1 | J1: João
A2: =RANDBETWEEN($F$1,$F$2) -> 43701 | B2: =VLOOKUP(RANDBETWEEN(1,4),$I$1:$J$4,2,FALSE) -> João | C2: =RANDBETWEEN(1000,5000) -> 1957 | D2: =VLOOKUP(RANDBETWEEN($I$6,$I$9),$I$6:$J$9,2,FALSE) -> Finanças | E2: =MONTH(A2) -> 8 | F2: 43830 | I2: 2 | J2: Maria
A3: =RANDBETWEEN($F$1,$F$2) -> 43808 | B3: =VLOOKUP(RANDBETWEEN(1,4),$I$1:$J$4,2,FALSE) -> João | C3: =RANDBETWEEN(1000,5000) -> 1169 | D3: =VLOOKUP(RANDBETWEEN($I$6,$I$9),$I$6:$J$9,2,FALSE) -> Padronização | E3: =MONTH(A3) -> 12 | I3: 3 | J3: Joaquina
A4: =RANDBETWEEN($F$1,$F$2) -> 43583 | B4: =VLOOKUP(RANDBETWEEN(1,4),$I$1:$J$4,2,FALSE) -> Maria | C4: =RANDBETWEEN(1000,5000) -> 2952 | D4: =VLOOKUP(RANDBETWEEN($I$6,$I$9),$I$6:$J$9,2,FALSE) -> Finanças | E4: =MONTH(A4) -> 4 | I4: 4 | J4: Marcelo
A5: =RANDBETWEEN($F$1,$F$2) -> 43661 | B5: =VLOOKUP(RANDBETWEEN(1,4),$I$1:$J$4,2,FALSE) -> João | C5: =RANDBETWEEN(1000,5000) -> 3730 | D5: =VLOOKUP(RANDBETWEEN($I$6,$I$9),$I$6:$J$9,2,FALSE) -> Finanças | E5: =MONTH(A5) -> 7
A6: =RANDBETWEEN($F$1,$F$2) -> 43664 | B6: =VLOOKUP(RANDBETWEEN(1,4),$I$1:$J$4,2,FALSE) -> Maria | C6: =RANDBETWEEN(1000,5000) -> 3892 | D6: =VLOOKUP(RANDBETWEEN($I$6,$I$9),$I$6:$J$9,2,FALSE) -> 5S | E6: =MONTH(A6) -> 7 | I6: 6 | J6: 5S
A7: =RANDBETWEEN($F$1,$F$2) -> 43756 | B7: =VLOOKUP(RANDBETWEEN(1,4),$I$1:$J$4,2,FALSE) -> Joaquina | C7: =RANDBETWEEN(1000,5000) -> 1628 | D7: =VLOOKUP(RANDBETWEEN($I$6,$I$9),$I$6:$J$9,2,FALSE) -> Consultoria | E7: =MONTH(A7) -> 10 | I7: 7 | J7: Padronização
A8: =RANDBETWEEN($F$1,$F$2) -> 43539 | B8: =VLOOKUP(RANDBETWEEN(1,4),$I$1:$J$4,2,FALSE) -> Marcelo | C8: =RANDBETWEEN(1000,5000) -> 3530 | D8: =VLOOKUP(RANDBETWEEN($I$6,$I$9),$I$6:$J$9,2,FALSE) -> Padronização | E8: =MONTH(A8) -> 3 | I8: 8 | J8: Finanças
A9: =RANDBETWEEN($F$1,$F$2) -> 43582 | B9: =VLOOKUP(RANDBETWEEN(1,4),$I$1:$J$4,2,FALSE) -> Maria | C9: =RANDBETWEEN(1000,5000) -> 2242 | D9: =VLOOKUP(RANDBETWEEN($I$6,$I$9),$I$6:$J$9,2,FALSE) -> Finanças | E9: =MONTH(A9) -> 4 | I9: 9 | J9: Consultoria
A10: =RANDBETWEEN($F$1,$F$2) -> 43680 | B10: =VLOOKUP(RANDBETWEEN(1,4),$I$1:$J$4,2,FALSE) -> Maria | C10: =RANDBETWEEN(1000,5000) -> 1576 | D10: =VLOOKUP(RANDBETWEEN($I$6,$I$9),$I$6:$J$9,2,FALSE) -> Consultoria | E10: =MONTH(A10) -> 8
A11: =RANDBETWEEN($F$1,$F$2) -> 43766 | B11: =VLOOKUP(RANDBETWEEN(1,4),$I$1:$J$4,2,FALSE) -> Maria | C11: =RANDBETWEEN(1000,5000) -> 2939 | D11: =VLOOKUP(RANDBETWEEN($I$6,$I$9),$I$6:$J$9,2,FALSE) -> Finanças | E11: =MONTH(A11) -> 10
A12: =RANDBETWEEN($F$1,$F$2) -> 43606 | B12: =VLOOKUP(RANDBETWEEN(1,4),$I$1:$J$4,2,FALSE) -> João | C12: =RANDBETWEEN(1000,5000) -> 1257 | D12: =VLOOKUP(RANDBETWEEN($I$6,$I$9),$I$6:$J$9,2,FALSE) -> Consultoria | E12: =MONTH(A12) -> 5
A13: =RANDBETWEEN($F$1,$F$2) -> 43652 | B13: =VLOOKUP(RANDBETWEEN(1,4),$I$1:$J$4,2,FALSE) -> Joaquina | C13: =RANDBETWEEN(1000,5000) -> 4448 | D13: =VLOOKUP(RANDBETWEEN($I$6,$I$9),$I$6:$J$9,2,FALSE) -> Finanças | E13: =MONTH(A13) -> 7
A14: =RANDBETWEEN($F$1,$F$2) -> 43488 | B14: =VLOOKUP(RANDBETWEEN(1,4),$I$1:$J$4,2,FALSE) -> Marcelo | C14: =RANDBETWEEN(1000,5000) -> 3786 | D14: =VLOOKUP(RANDBETWEEN($I$6,$I$9),$I$6:$J$9,2,FALSE) -> Consultoria | E14: =MONTH(A14) -> 1
A15: =RANDBETWEEN($F$1,$F$2) -> 43592 | B15: =VLOOKUP(RANDBETWEEN(1,4),$I$1:$J$4,2,FALSE) -> João | C15: =RANDBETWEEN(1000,5000) -> 4922 | D15: =VLOOKUP(RANDBETWEEN($I$6,$I$9),$I$6:$J$9,2,FALSE) -> 5S | E15: =MONTH(A15) -> 5
A16: =RANDBETWEEN($F$1,$F$2) -> 43750 | B16: =VLOOKUP(RANDBETWEEN(1,4),$I$1:$J$4,2,FALSE) -> Marcelo | C16: =RANDBETWEEN(1000,5000) -> 4464 | D16: =VLOOKUP(RANDBETWEEN($I$6,$I$9),$I$6:$J$9,2,FALSE) -> Padronização | E16: =MONTH(A16) -> 10
A17: =RANDBETWEEN($F$1,$F$2) -> 43655 | B17: =VLOOKUP(RANDBETWEEN(1,4),$I$1:$J$4,2,FALSE) -> João | C17: =RANDBETWEEN(1000,5000) -> 2698 | D17: =VLOOKUP(RANDBETWEEN($I$6,$I$9),$I$6:$J$9,2,FALSE) -> Finanças | E17: =MONTH(A17) -> 7
A18: =RANDBETWEEN($F$1,$F$2) -> 43641 | B18: =VLOOKUP(RANDBETWEEN(1,4),$I$1:$J$4,2,FALSE) -> João | C18: =RANDBETWEEN(1000,5000) -> 1062 | D18: =VLOOKUP(RANDBETWEEN($I$6,$I$9),$I$6:$J$9,2,FALSE) -> Padronização | E18: =MONTH(A18) -> 6
A19: =RANDBETWEEN($F$1,$F$2) -> 43571 | B19: =VLOOKUP(RANDBETWEEN(1,4),$I$1:$J$4,2,FALSE) -> João | C19: =RANDBETWEEN(1000,5000) -> 4749 | D19: =VLOOKUP(RANDBETWEEN($I$6,$I$9),$I$6:$J$9,2,FALSE) -> 5S | E19: =MONTH(A19) -> 4
A20: =RANDBETWEEN($F$1,$F$2) -> 43706 | B20: =VLOOKUP(RANDBETWEEN(1,4),$I$1:$J$4,2,FALSE) -> Maria | C20: =RANDBETWEEN(1000,5000) -> 2873 | D20: =VLOOKUP(RANDBETWEEN($I$6,$I$9),$I$6:$J$9,2,FALSE) -> 5S | E20: =MONTH(A20) -> 8
A21: =RANDBETWEEN($F$1,$F$2) -> 43777 | B21: =VLOOKUP(RANDBETWEEN(1,4),$I$1:$J$4,2,FALSE) -> Maria | C21: =RANDBETWEEN(1000,5000) -> 4040 | D21: =VLOOKUP(RANDBETWEEN($I$6,$I$9),$I$6:$J$9,2,FALSE) -> Padronização | E21: =MONTH(A21) -> 11
... A1177: =RANDBETWEEN($F$1,$F$2) -> 43573 | B1177: =VLOOKUP(RANDBETWEEN(1,4),$I$1:$J$4,2,FALSE) -> Joaquina | C1177: =RANDBETWEEN(1000,5000) -> 3647 | D1177: =VLOOKUP(RANDBETWEEN($I$6,$I$9),$I$6:$J$9,2,FALSE) -> Padronização | E1177: =MONTH(A1177) -> 4

Sheet Lixo
C1: Padronização | D1: 5S | E1: Finanças | F1: Consultoria | G1: Vínculo | I1: Padronização | J1: 5S | K1: Finanças | L1: Consultoria | O1: Faturamento | P1: Meta | Q1: % meta | R1: Vínculo | Z1: Serviço | AA1: Jan | AB1: Fev | AC1: Mar | AD1: Abr | AE1: Mai | AF1: Jun | AG1: Jul | AH1: Ago | AI1: Set | AJ1: Out | AK1: Nov | AL1: Dez
A2: 1 | B2: Jan | C2: =SUMIFS(BD!$C:$C,BD!$E:$E,Lixo!$A2,BD!$D:$D,Lixo!C$1,BD!$B:$B,Lixo!$R$4) -> 17967 | D2: =SUMIFS(BD!$C:$C,BD!$E:$E,Lixo!$A2,BD!$D:$D,Lixo!D$1,BD!$B:$B,Lixo!$R$4) -> 12742 | E2: =SUMIFS(BD!$C:$C,BD!$E:$E,Lixo!$A2,BD!$D:$D,Lixo!E$1,BD!$B:$B,Lixo!$R$4) -> 15708 | F2: =SUMIFS(BD!$C:$C,BD!$E:$E,Lixo!$A2,BD!$D:$D,Lixo!F$1,BD!$B:$B,Lixo!$R$4) -> 26683 | G2: 11 | I2: =OFFSET($B$1,$G$2,MATCH(I$1,$I$1:$L$1,0)) -> 17367 | J2: =OFFSET($B$1,$G$2,MATCH(J$1,$I$1:$L$1,0)) -> 14287 | K2: =OFFSET($B$1,$G$2,MATCH(K$1,$I$1:$L$1,0)) -> 22672 | L2: =OFFSET($B$1,$G$2,MATCH(L$1,$I$1:$L$1,0)) -> 16179 | N2: Maria | O2: =SUMIF(BD!$B:$B,Lixo!N2,BD!$C:$C) -> 884148 | P2: 1000000 | Q2: =O2/P2 -> 0.884148 | R2: 2 | Z2: Finanças | AA2: =SUMIFS(BD!$C:$C,BD!$E:$E,Lixo!AA$6,BD!$D:$D,Lixo!$Z2) -> 77167 | AB2: =SUMIFS(BD!$C:$C,BD!$E:$E,Lixo!AB$6,BD!$D:$D,Lixo!$Z2) -> 38512 | AC2: =SUMIFS(BD!$C:$C,BD!$E:$E,Lixo!AC$6,BD!$D:$D,Lixo!$Z2) -> 56737 | AD2: =SUMIFS(BD!$C:$C,BD!$E:$E,Lixo!AD$6,BD!$D:$D,Lixo!$Z2) -> 81020 | AE2: =SUMIFS(BD!$C:$C,BD!$E:$E,Lixo!AE$6,BD!$D:$D,Lixo!$Z2) -> 85397 | AF2: =SUMIFS(BD!$C:$C,BD!$E:$E,Lixo!AF$6,BD!$D:$D,Lixo!$Z2) -> 65496 | AG2: =SUMIFS(BD!$C:$C,BD!$E:$E,Lixo!AG$6,BD!$D:$D,Lixo!$Z2) -> 90237 | AH2: =SUMIFS(BD!$C:$C,BD!$E:$E,Lixo!AH$6,BD!$D:$D,Lixo!$Z2) -> 67395 | ... AL2: =SUMIFS(BD!$C:$C,BD!$E:$E,Lixo!AL$6,BD!$D:$D,Lixo!$Z2) -> 71409
A3: 2 | B3: Fev | C3: =SUMIFS(BD!$C:$C,BD!$E:$E,Lixo!$A3,BD!$D:$D,Lixo!C$1,BD!$B:$B,Lixo!$R$4) -> 3083 | D3: =SUMIFS(BD!$C:$C,BD!$E:$E,Lixo!$A3,BD!$D:$D,Lixo!D$1,BD!$B:$B,Lixo!$R$4) -> 15834 | E3: =SUMIFS(BD!$C:$C,BD!$E:$E,Lixo!$A3,BD!$D:$D,Lixo!E$1,BD!$B:$B,Lixo!$R$4) -> 9735 | F3: =SUMIFS(BD!$C:$C,BD!$E:$E,Lixo!$A3,BD!$D:$D,Lixo!F$1,BD!$B:$B,Lixo!$R$4) -> 20520 | N3: João | O3: =SUMIF(BD!$B:$B,Lixo!N3,BD!$C:$C) -> 896621 | P3: 1000000 | Q3: =O3/P3 -> 0.896621 | R3: Nome | Z3: Consultoria | AA3: =SUMIFS(BD!$C:$C,BD!$E:$E,Lixo!AA$6,BD!$D:$D,Lixo!$Z3) -> 78029 | AB3: =SUMIFS(BD!$C:$C,BD!$E:$E,Lixo!AB$6,BD!$D:$D,Lixo!$Z3) -> 73040 | AC3: =SUMIFS(BD!$C:$C,BD!$E:$E,Lixo!AC$6,BD!$D:$D,Lixo!$Z3) -> 76455 | AD3: =SUMIFS(BD!$C:$C,BD!$E:$E,Lixo!AD$6,BD!$D:$D,Lixo!$Z3) -> 69531 | AE3: =SUMIFS(BD!$C:$C,BD!$E:$E,Lixo!AE$6,BD!$D:$D,Lixo!$Z3) -> 100107 | AF3: =SUMIFS(BD!$C:$C,BD!$E:$E,Lixo!AF$6,BD!$D:$D,Lixo!$Z3) -> 70781 | AG3: =SUMIFS(BD!$C:$C,BD!$E:$E,Lixo!AG$6,BD!$D:$D,Lixo!$Z3) -> 74892 | AH3: =SUMIFS(BD!$C:$C,BD!$E:$E,Lixo!AH$6,BD!$D:$D,Lixo!$Z3) -> 80936 | ... AL3: =SUMIFS(BD!$C:$C,BD!$E:$E,Lixo!AL$6,BD!$D:$D,Lixo!$Z3) -> 124231
A4: 3 | B4: Mar | C4: =SUMIFS(BD!$C:$C,BD!$E:$E,Lixo!$A4,BD!$D:$D,Lixo!C$1,BD!$B:$B,Lixo!$R$4) -> 8282 | D4: =SUMIFS(BD!$C:$C,BD!$E:$E,Lixo!$A4,BD!$D:$D,Lixo!D$1,BD!$B:$B,Lixo!$R$4) -> 16950 | E4: =SUMIFS(BD!$C:$C,BD!$E:$E,Lixo!$A4,BD!$D:$D,Lixo!E$1,BD!$B:$B,Lixo!$R$4) -> 9540 | F4: =SUMIFS(BD!$C:$C,BD!$E:$E,Lixo!$A4,BD!$D:$D,Lixo!F$1,BD!$B:$B,Lixo!$R$4) -> 21361 | N4: Marcelo | O4: =SUMIF(BD!$B:$B,Lixo!N4,BD!$C:$C) -> 853640 | P4: 1000000 | Q4: =O4/P4 -> 0.85364 | R4: =CHOOSE(R2,N2,N3,N4,N5) -> João | Z4: Padronização | AA4: =SUMIFS(BD!$C:$C,BD!$E:$E,Lixo!AA$6,BD!$D:$D,Lixo!$Z4) -> 64574 | AB4: =SUMIFS(BD!$C:$C,BD!$E:$E,Lixo!AB$6,BD!$D:$D,Lixo!$Z4) -> 47563 | AC4: =SUMIFS(BD!$C:$C,BD!$E:$E,Lixo!AC$6,BD!$D:$D,Lixo!$Z4) -> 69372 | AD4: =SUMIFS(BD!$C:$C,BD!$E:$E,Lixo!AD$6,BD!$D:$D,Lixo!$Z4) -> 75563 | AE4: =SUMIFS(BD!$C:$C,BD!$E:$E,Lixo!AE$6,BD!$D:$D,Lixo!$Z4) -> 85682 | AF4: =SUMIFS(BD!$C:$C,BD!$E:$E,Lixo!AF$6,BD!$D:$D,Lixo!$Z4) -> 49422 | AG4: =SUMIFS(BD!$C:$C,BD!$E:$E,Lixo!AG$6,BD!$D:$D,Lixo!$Z4) -> 83785 | AH4: =SUMIFS(BD!$C:$C,BD!$E:$E,Lixo!AH$6,BD!$D:$D,Lixo!$Z4) -> 55472 | ... AL4: =SUMIFS(BD!$C:$C,BD!$E:$E,Lixo!AL$6,BD!$D:$D,Lixo!$Z4) -> 75350
A5: 4 | B5: Abr | C5: =SUMIFS(BD!$C:$C,BD!$E:$E,Lixo!$A5,BD!$D:$D,Lixo!C$1,BD!$B:$B,Lixo!$R$4) -> 13460 | D5: =SUMIFS(BD!$C:$C,BD!$E:$E,Lixo!$A5,BD!$D:$D,Lixo!D$1,BD!$B:$B,Lixo!$R$4) -> 15746 | E5: =SUMIFS(BD!$C:$C,BD!$E:$E,Lixo!$A5,BD!$D:$D,Lixo!E$1,BD!$B:$B,Lixo!$R$4) -> 14411 | F5: =SUMIFS(BD!$C:$C,BD!$E:$E,Lixo!$A5,BD!$D:$D,Lixo!F$1,BD!$B:$B,Lixo!$R$4) -> 19024 | N5: Joaquina | O5: =SUMIF(BD!$B:$B,Lixo!N5,BD!$C:$C) -> 881135 | P5: 1000000 | Q5: =O5/P5 -> 0.881135 | Z5: 5S | AA5: =SUMIFS(BD!$C:$C,BD!$E:$E,Lixo!AA$6,BD!$D:$D,Lixo!$Z5) -> 37934 | AB5: =SUMIFS(BD!$C:$C,BD!$E:$E,Lixo!AB$6,BD!$D:$D,Lixo!$Z5) -> 67619 | AC5: =SUMIFS(BD!$C:$C,BD!$E:$E,Lixo!AC$6,BD!$D:$D,Lixo!$Z5) -> 64340 | AD5: =SUMIFS(BD!$C:$C,BD!$E:$E,Lixo!AD$6,BD!$D:$D,Lixo!$Z5) -> 52581 | AE5: =SUMIFS(BD!$C:$C,BD!$E:$E,Lixo!AE$6,BD!$D:$D,Lixo!$Z5) -> 68171 | AF5: =SUMIFS(BD!$C:$C,BD!$E:$E,Lixo!AF$6,BD!$D:$D,Lixo!$Z5) -> 105307 | AG5: =SUMIFS(BD!$C:$C,BD!$E:$E,Lixo!AG$6,BD!$D:$D,Lixo!$Z5) -> 83751 | AH5: =SUMIFS(BD!$C:$C,BD!$E:$E,Lixo!AH$6,BD!$D:$D,Lixo!$Z5) -> 50241 | ... AL5: =SUMIFS(BD!$C:$C,BD!$E:$E,Lixo!AL$6,BD!$D:$D,Lixo!$Z5) -> 89618
A6: 5 | B6: Mai | C6: =SUMIFS(BD!$C:$C,BD!$E:$E,Lixo!$A6,BD!$D:$D,Lixo!C$1,BD!$B:$B,Lixo!$R$4) -> 21308 | D6: =SUMIFS(BD!$C:$C,BD!$E:$E,Lixo!$A6,BD!$D:$D,Lixo!D$1,BD!$B:$B,Lixo!$R$4) -> 25379 | E6: =SUMIFS(BD!$C:$C,BD!$E:$E,Lixo!$A6,BD!$D:$D,Lixo!E$1,BD!$B:$B,Lixo!$R$4) -> 31676 | F6: =SUMIFS(BD!$C:$C,BD!$E:$E,Lixo!$A6,BD!$D:$D,Lixo!F$1,BD!$B:$B,Lixo!$R$4) -> 37495 | O6: =SUM(O2:O5) -> 3515544 | AA6: 1 | AB6: 2 | AC6: 3 | AD6: 4 | AE6: 5 | AF6: 6 | AG6: 7 | AH6: 8 | AI6: 9 | AJ6: 10 | AK6: 11 | AL6: 12
A7: 6 | B7: Jun | C7: =SUMIFS(BD!$C:$C,BD!$E:$E,Lixo!$A7,BD!$D:$D,Lixo!C$1,BD!$B:$B,Lixo!$R$4) -> 18078 | D7: =SUMIFS(BD!$C:$C,BD!$E:$E,Lixo!$A7,BD!$D:$D,Lixo!D$1,BD!$B:$B,Lixo!$R$4) -> 20275 | E7: =SUMIFS(BD!$C:$C,BD!$E:$E,Lixo!$A7,BD!$D:$D,Lixo!E$1,BD!$B:$B,Lixo!$R$4) -> 14814 | F7: =SUMIFS(BD!$C:$C,BD!$E:$E,Lixo!$A7,BD!$D:$D,Lixo!F$1,BD!$B:$B,Lixo!$R$4) -> 29269
A8: 7 | B8: Jul | C8: =SUMIFS(BD!$C:$C,BD!$E:$E,Lixo!$A8,BD!$D:$D,Lixo!C$1,BD!$B:$B,Lixo!$R$4) -> 21721 | D8: =SUMIFS(BD!$C:$C,BD!$E:$E,Lixo!$A8,BD!$D:$D,Lixo!D$1,BD!$B:$B,Lixo!$R$4) -> 17791 | E8: =SUMIFS(BD!$C:$C,BD!$E:$E,Lixo!$A8,BD!$D:$D,Lixo!E$1,BD!$B:$B,Lixo!$R$4) -> 23832 | F8: =SUMIFS(BD!$C:$C,BD!$E:$E,Lixo!$A8,BD!$D:$D,Lixo!F$1,BD!$B:$B,Lixo!$R$4) -> 7830 | N8: Ruim | O8: 250000 | Q8: Ruim | R8: 250000 | T8: Ruim | U8: 250000 | W8: Ruim | X8: 250000 | Z8: 2
A9: 8 | B9: Ago | C9: =SUMIFS(BD!$C:$C,BD!$E:$E,Lixo!$A9,BD!$D:$D,Lixo!C$1,BD!$B:$B,Lixo!$R$4) -> 11909 | D9: =SUMIFS(BD!$C:$C,BD!$E:$E,Lixo!$A9,BD!$D:$D,Lixo!D$1,BD!$B:$B,Lixo!$R$4) -> 19744 | E9: =SUMIFS(BD!$C:$C,BD!$E:$E,Lixo!$A9,BD!$D:$D,Lixo!E$1,BD!$B:$B,Lixo!$R$4) -> 28027 | F9: =SUMIFS(BD!$C:$C,BD!$E:$E,Lixo!$A9,BD!$D:$D,Lixo!F$1,BD!$B:$B,Lixo!$R$4) -> 12327 | N9: Regular | O9: 250000 | Q9: Regular | R9: 500000 | T9: Regular | U9: 500000 | W9: Regular | X9: 500000 | Z9: Finanças | AA9: =OFFSET($Z$1,MATCH(Z9,$Z$9:$Z$12,0),$Z$8) -> 38512
A10: 9 | B10: Set | C10: =SUMIFS(BD!$C:$C,BD!$E:$E,Lixo!$A10,BD!$D:$D,Lixo!C$1,BD!$B:$B,Lixo!$R$4) -> 20110 | D10: =SUMIFS(BD!$C:$C,BD!$E:$E,Lixo!$A10,BD!$D:$D,Lixo!D$1,BD!$B:$B,Lixo!$R$4) -> 21115 | E10: =SUMIFS(BD!$C:$C,BD!$E:$E,Lixo!$A10,BD!$D:$D,Lixo!E$1,BD!$B:$B,Lixo!$R$4) -> 25779 | F10: =SUMIFS(BD!$C:$C,BD!$E:$E,Lixo!$A10,BD!$D:$D,Lixo!F$1,BD!$B:$B,Lixo!$R$4) -> 15807 | N10: Bom | O10: 250000 | Q10: Bom | R10: 750000 | T10: Bom | U10: 750000 | W10: Bom | X10: 750000 | Z10: Consultoria | AA10: =OFFSET($Z$1,MATCH(Z10,$Z$9:$Z$12,0),$Z$8) -> 73040
A11: 10 | B11: Out | C11: =SUMIFS(BD!$C:$C,BD!$E:$E,Lixo!$A11,BD!$D:$D,Lixo!C$1,BD!$B:$B,Lixo!$R$4) -> 9867 | D11: =SUMIFS(BD!$C:$C,BD!$E:$E,Lixo!$A11,BD!$D:$D,Lixo!D$1,BD!$B:$B,Lixo!$R$4) -> 18322 | E11: =SUMIFS(BD!$C:$C,BD!$E:$E,Lixo!$A11,BD!$D:$D,Lixo!E$1,BD!$B:$B,Lixo!$R$4) -> 33769 | F11: =SUMIFS(BD!$C:$C,BD!$E:$E,Lixo!$A11,BD!$D:$D,Lixo!F$1,BD!$B:$B,Lixo!$R$4) -> 10905 | N11: Ótimo | O11: 250000 | Q11: Ótimo | R11: 1000000 | T11: Ótimo | U11: 1000000 | W11: Ótimo | X11: 1000000 | Z11: Padronização | AA11: =OFFSET($Z$1,MATCH(Z11,$Z$9:$Z$12,0),$Z$8) -> 47563
A12: 11 | B12: Nov | C12: =SUMIFS(BD!$C:$C,BD!$E:$E,Lixo!$A12,BD!$D:$D,Lixo!C$1,BD!$B:$B,Lixo!$R$4) -> 17367 | D12: =SUMIFS(BD!$C:$C,BD!$E:$E,Lixo!$A12,BD!$D:$D,Lixo!D$1,BD!$B:$B,Lixo!$R$4) -> 14287 | E12: =SUMIFS(BD!$C:$C,BD!$E:$E,Lixo!$A12,BD!$D:$D,Lixo!E$1,BD!$B:$B,Lixo!$R$4) -> 22672 | F12: =SUMIFS(BD!$C:$C,BD!$E:$E,Lixo!$A12,BD!$D:$D,Lixo!F$1,BD!$B:$B,Lixo!$R$4) -> 16179 | N12: Total | O12: =SUM(O8:O11) -> 1000000 | Q12: Total | R12: =SUM(R8:R11) -> 2500000 | T12: Total | U12: =SUM(U8:U11) -> 2500000 | W12: Total | X12: =SUM(X8:X11) -> 2500000 | Z12: 5S | AA12: =OFFSET($Z$1,MATCH(Z12,$Z$9:$Z$12,0),$Z$8) -> 67619
A13: 12 | B13: Dez | C13: =SUMIFS(BD!$C:$C,BD!$E:$E,Lixo!$A13,BD!$D:$D,Lixo!C$1,BD!$B:$B,Lixo!$R$4) -> 18338 | D13: =SUMIFS(BD!$C:$C,BD!$E:$E,Lixo!$A13,BD!$D:$D,Lixo!D$1,BD!$B:$B,Lixo!$R$4) -> 31072 | E13: =SUMIFS(BD!$C:$C,BD!$E:$E,Lixo!$A13,BD!$D:$D,Lixo!E$1,BD!$B:$B,Lixo!$R$4) -> 4909 | F13: =SUMIFS(BD!$C:$C,BD!$E:$E,Lixo!$A13,BD!$D:$D,Lixo!F$1,BD!$B:$B,Lixo!$R$4) -> 33602
N14: Ponteiro | O14: =OFFSET($O$1,$R$2,0) -> 896621 | Q14: Ponteiro | R14: =O3 -> 896621 | T14: Ponteiro | U14: =O4 -> 853640 | W14: Ponteiro | X14: =O5 -> 881135
N15: Grossura | O15: 10000 | Q15: Grossura | R15: 10000 | T15: Grossura | U15: 10000 | W15: Grossura | X15: 10000
N16: Complemento | O16: =SUM(O8:O12)-O14-O15 -> 1093379 | Q16: Complemento | T16: Complemento | W16: Complemento
O19: Finanças | P19: Consultoria | Q19: Padronização | R19: 5S
N20: Maria | O20: =COUNTIFS(BD!$B:$B,Lixo!$N20,BD!$D:$D,Lixo!O$19) -> 62 | P20: =COUNTIFS(BD!$B:$B,Lixo!$N20,BD!$D:$D,Lixo!P$19) -> 77 | Q20: =COUNTIFS(BD!$B:$B,Lixo!$N20,BD!$D:$D,Lixo!Q$19) -> 72 | R20: =COUNTIFS(BD!$B:$B,Lixo!$N20,BD!$D:$D,Lixo!R$19) -> 84
N21: João | O21: =COUNTIFS(BD!$B:$B,Lixo!$N21,BD!$D:$D,Lixo!O$19) -> 79 | P21: =COUNTIFS(BD!$B:$B,Lixo!$N21,BD!$D:$D,Lixo!P$19) -> 91 | Q21: =COUNTIFS(BD!$B:$B,Lixo!$N21,BD!$D:$D,Lixo!Q$19) -> 65 | R21: =COUNTIFS(BD!$B:$B,Lixo!$N21,BD!$D:$D,Lixo!R$19) -> 75
N22: Marcelo | O22: =COUNTIFS(BD!$B:$B,Lixo!$N22,BD!$D:$D,Lixo!O$19) -> 82 | P22: =COUNTIFS(BD!$B:$B,Lixo!$N22,BD!$D:$D,Lixo!P$19) -> 73 | Q22: =COUNTIFS(BD!$B:$B,Lixo!$N22,BD!$D:$D,Lixo!Q$19) -> 75 | R22: =COUNTIFS(BD!$B:$B,Lixo!$N22,BD!$D:$D,Lixo!R$19) -> 56
N23: Joaquina | O23: =COUNTIFS(BD!$B:$B,Lixo!$N23,BD!$D:$D,Lixo!O$19) -> 68 | P23: =COUNTIFS(BD!$B:$B,Lixo!$N23,BD!$D:$D,Lixo!P$19) -> 77 | Q23: =COUNTIFS(BD!$B:$B,Lixo!$N23,BD!$D:$D,Lixo!Q$19) -> 69 | R23: =COUNTIFS(BD!$B:$B,Lixo!$N23,BD!$D:$D,Lixo!R$19) -> 71

Sheet Dash
A32: 1 | S32: 1
