Workbook
Name ref_1: INDIRECT("Escudos!A"&MATCH(Apoio!$D$14,Apoio!$A:$A,0)-1)
Name ref_16: INDIRECT("Escudos!A"&MATCH(Apoio!$D$29,Apoio!$A:$A,0)-1)
Name ref_17: INDIRECT("Escudos!A"&MATCH(Apoio!$D$30,Apoio!$A:$A,0)-1)
Name ref_18: INDIRECT("Escudos!A"&MATCH(Apoio!$D$31,Apoio!$A:$A,0)-1)
Name ref_19: INDIRECT("Escudos!A"&MATCH(Apoio!$D$32,Apoio!$A:$A,0)-1)
Name ref_2: INDIRECT("Escudos!A"&MATCH(Apoio!$D$15,Apoio!$A:$A,0)-1)
Name ref_20: INDIRECT("Escudos!A"&MATCH(Apoio!$D$33,Apoio!$A:$A,0)-1)
Name ref_3: INDIRECT("Escudos!A"&MATCH(Apoio!$D$16,Apoio!$A:$A,0)-1)
Name ref_4: INDIRECT("Escudos!A"&MATCH(Apoio!$D$17,Apoio!$A:$A,0)-1)
Name ref_5: INDIRECT("Escudos!A"&MATCH(Apoio!$D$18,Apoio!$A:$A,0)-1)
Name ref_imagem: INDIRECT("Escudos!A"&Apoio!$I$1)
Name time_escolhido: Apoio!$G$1

Sheet Brasileirão
A1: Ano | B1: Posição | C1: Time | D1: PG | E1: J | F1: V | G1: E | H1: D | I1: GP | J1: GC | K1: SG | L1: %
A2: 2020 | B2: 1° | C2: Flamengo | D2: 71 | E2: 38 | F2: 21 | G2: 8 | H2: 9 | I2: 68 | J2: 48 | K2: 20 | L2: 62.28
A3: 2020 | B3: 2° | C3: Inter-RS | D3: 70 | E3: 38 | F3: 20 | G3: 10 | H3: 8 | I3: 61 | J3: 35 | K3: 26 | L3: 61.4
A4: 2020 | B4: 3° | C4: Atlético-MG | D4: 68 | E4: 38 | F4: 20 | G4: 8 | H4: 10 | I4: 64 | J4: 45 | K4: 19 | L4: 59.65
A5: 2020 | B5: 4° | C5: São Paulo | D5: 66 | E5: 38 | F5: 18 | G5: 12 | H5: 8 | I5: 59 | J5: 41 | K5: 18 | L5: 57.89
A6: 2020 | B6: 5° | C6: Fluminense | D6: 64 | E6: 38 | F6: 18 | G6: 10 | H6: 10 | I6: 55 | J6: 42 | K6: 13 | L6: 56.14
A7: 2020 | B7: 6° | C7: Grêmio | D7: 59 | E7: 38 | F7: 14 | G7: 17 | H7: 7 | I7: 53 | J7: 40 | K7: 13 | L7: 51.75
A8: 2020 | B8: 7° | C8: Palmeiras | D8: 58 | E8: 38 | F8: 15 | G8: 13 | H8: 10 | I8: 51 | J8: 37 | K8: 14 | L8: 50.88
A9: 2020 | B9: 8° | C9: Santos | D9: 54 | E9: 38 | F9: 14 | G9: 12 | H9: 12 | I9: 52 | J9: 51 | K9: 1 | L9: 47.37
A10: 2020 | B10: 9° | C10: Athletico-PR | D10: 53 | E10: 38 | F10: 15 | G10: 8 | H10: 15 | I10: 38 | J10: 36 | K10: 2 | L10: 46.49
A11: 2020 | B11: 10° | C11: Bragantino | D11: 53 | E11: 38 | F11: 13 | G11: 14 | H11: 11 | I11: 50 | J11: 40 | K11: 10 | L11: 46.49
A12: 2020 | B12: 11° | C12: Ceará | D12: 52 | E12: 38 | F12: 14 | G12: 10 | H12: 14 | I12: 54 | J12: 51 | K12: 3 | L12: 45.61
A13: 2020 | B13: 12° | C13: Corinthians | D13: 51 | E13: 38 | F13: 13 | G13: 12 | H13: 13 | I13: 45 | J13: 45 | K13: 0 | L13: 44.74
... A241: 2009 | B241: 20° | C241: Sport | D241: 31 | E241: 38 | F241: 7 | G241: 10 | H241: 21 | I241: 48 | J241: 71 | K241: -23 | L241: 27

Sheet Apoio
A1: Time | C1: Ano | D1: Vitórias | E1: Empates | F1: Derrotas | H1: Time escolhido | I1: 18 | J1: =INDIRECT("A"&I1+1) -> Grêmio
A2: América-MG | C2: 2009 | D2: =SUMIFS(dados[V],dados[Time],$J$1,dados[Ano],$C2) -> 15 | E2: =SUMIFS(dados[E],dados[Time],$J$1,dados[Ano],$C2) -> 10 | F2: =SUMIFS(dados[D],dados[Time],$J$1,dados[Ano],$C2) -> 13 | H2: Ano escolhido | I2: 9 | J2: =2008+I2 -> 2017
A3: Atlético-GO | C3: 2010 | D3: =SUMIFS(dados[V],dados[Time],$J$1,dados[Ano],$C3) -> 17 | E3: =SUMIFS(dados[E],dados[Time],$J$1,dados[Ano],$C3) -> 12 | F3: =SUMIFS(dados[D],dados[Time],$J$1,dados[Ano],$C3) -> 9
A4: Atlético-MG | C4: 2011 | D4: =SUMIFS(dados[V],dados[Time],$J$1,dados[Ano],$C4) -> 13 | E4: =SUMIFS(dados[E],dados[Time],$J$1,dados[Ano],$C4) -> 9 | F4: =SUMIFS(dados[D],dados[Time],$J$1,dados[Ano],$C4) -> 16 | H4: ="G5 ("&J2&")" -> G5 (2017)
A5: Atlético-PR | C5: 2012 | D5: =SUMIFS(dados[V],dados[Time],$J$1,dados[Ano],$C5) -> 20 | E5: =SUMIFS(dados[E],dados[Time],$J$1,dados[Ano],$C5) -> 11 | F5: =SUMIFS(dados[D],dados[Time],$J$1,dados[Ano],$C5) -> 7 | H5: ="Grupo de rebaixamento ("&J2&")" -> Grupo de rebaixamento (2017)
A6: Avaí | C6: 2013 | D6: =SUMIFS(dados[V],dados[Time],$J$1,dados[Ano],$C6) -> 18 | E6: =SUMIFS(dados[E],dados[Time],$J$1,dados[Ano],$C6) -> 11 | F6: =SUMIFS(dados[D],dados[Time],$J$1,dados[Ano],$C6) -> 9 | H6: =J1&" ("&J2&")" -> Grêmio (2017)
A7: Bahia | C7: 2014 | D7: =SUMIFS(dados[V],dados[Time],$J$1,dados[Ano],$C7) -> 17 | E7: =SUMIFS(dados[E],dados[Time],$J$1,dados[Ano],$C7) -> 10 | F7: =SUMIFS(dados[D],dados[Time],$J$1,dados[Ano],$C7) -> 11
A8: Botafogo | C8: 2015 | D8: =SUMIFS(dados[V],dados[Time],$J$1,dados[Ano],$C8) -> 20 | E8: =SUMIFS(dados[E],dados[Time],$J$1,dados[Ano],$C8) -> 8 | F8: =SUMIFS(dados[D],dados[Time],$J$1,dados[Ano],$C8) -> 10 | H8: =IFERROR("Pontuação: "&VLOOKUP(J1,D13:F33,2,0),"") -> Pontuação: 62
A9: Ceará | C9: 2016 | D9: =SUMIFS(dados[V],dados[Time],$J$1,dados[Ano],$C9) -> 14 | E9: =SUMIFS(dados[E],dados[Time],$J$1,dados[Ano],$C9) -> 11 | F9: =SUMIFS(dados[D],dados[Time],$J$1,dados[Ano],$C9) -> 13 | H9: =IFERROR(VLOOKUP(J1,D14:F33,3,0),"Não participou") -> 4º colocado
A10: Chapecoense | C10: 2017 | D10: =SUMIFS(dados[V],dados[Time],$J$1,dados[Ano],$C10) -> 18 | E10: =SUMIFS(dados[E],dados[Time],$J$1,dados[Ano],$C10) -> 8 | F10: =SUMIFS(dados[D],dados[Time],$J$1,dados[Ano],$C10) -> 12
A11: Corinthians | C11: 2018 | D11: =SUMIFS(dados[V],dados[Time],$J$1,dados[Ano],$C11) -> 10 | E11: =SUMIFS(dados[E],dados[Time],$J$1,dados[Ano],$C11) -> 7 | F11: =SUMIFS(dados[D],dados[Time],$J$1,dados[Ano],$C11) -> 4 | H11: Time | I11: =J1 -> Grêmio | J11: %
A12: Coritiba | H12: Vitórias | I12: =SUMIFS(dados[V],dados[Time],$I$11,dados[Ano],$J$2) -> 18 | J12: =I12/SUM($I$12:$I$14) -> 0.47368421
A13: Criciúma | C13: Posição | D13: Time | E13: Pontuação | F13: Resultado | H13: Empates | I13: =SUMIFS(dados[E],dados[Time],$I$11,dados[Ano],$J$2) -> 8 | J13: =I13/SUM($I$12:$I$14) -> 0.21052632
A14: Cruzeiro | C14: 1 | D14: =INDIRECT("Brasileirão!C"&MATCH($J$2,Brasileirão!A:A,0)+C14-1) -> Corinthians | E14: =INDIRECT("Brasileirão!D"&MATCH($J$2,Brasileirão!A:A,0)+C14-1) -> 72 | F14: ="Campeão de "&J2 -> Campeão de 2017 | H14: Derrotas | I14: =SUMIFS(dados[D],dados[Time],$I$11,dados[Ano],$J$2) -> 12 | J14: =I14/SUM($I$12:$I$14) -> 0.31578947
A15: Figueirense | C15: 2 | D15: =INDIRECT("Brasileirão!C"&MATCH($J$2,Brasileirão!A:A,0)+C15-1) -> Palmeiras | E15: =INDIRECT("Brasileirão!D"&MATCH($J$2,Brasileirão!A:A,0)+C15-1) -> 63 | F15: Vice-Campeão
A16: Flamengo | C16: 3 | D16: =INDIRECT("Brasileirão!C"&MATCH($J$2,Brasileirão!A:A,0)+C16-1) -> Santos | E16: =INDIRECT("Brasileirão!D"&MATCH($J$2,Brasileirão!A:A,0)+C16-1) -> 63 | F16: =C16&"º colocado" -> 3º colocado
A17: Fluminense | C17: 4 | D17: =INDIRECT("Brasileirão!C"&MATCH($J$2,Brasileirão!A:A,0)+C17-1) -> Grêmio | E17: =INDIRECT("Brasileirão!D"&MATCH($J$2,Brasileirão!A:A,0)+C17-1) -> 62 | F17: =C17&"º colocado" -> 4º colocado
A18: Goiás | C18: 5 | D18: =INDIRECT("Brasileirão!C"&MATCH($J$2,Brasileirão!A:A,0)+C18-1) -> Cruzeiro | E18: =INDIRECT("Brasileirão!D"&MATCH($J$2,Brasileirão!A:A,0)+C18-1) -> 57 | F18: =C18&"º colocado" -> 5º colocado
A19: Grêmio | C19: 6 | D19: =INDIRECT("Brasileirão!C"&MATCH($J$2,Brasileirão!A:A,0)+C19-1) -> Flamengo | E19: =INDIRECT("Brasileirão!D"&MATCH($J$2,Brasileirão!A:A,0)+C19-1) -> 56 | F19: =C19&"º colocado" -> 6º colocado
A20: Grêmio Barueri | C20: 7 | D20: =INDIRECT("Brasileirão!C"&MATCH($J$2,Brasileirão!A:A,0)+C20-1) -> Vasco | E20: =INDIRECT("Brasileirão!D"&MATCH($J$2,Brasileirão!A:A,0)+C20-1) -> 56 | F20: =C20&"º colocado" -> 7º colocado
A21: Guarani | C21: 8 | D21: =INDIRECT("Brasileirão!C"&MATCH($J$2,Brasileirão!A:A,0)+C21-1) -> Chapecoense | E21: =INDIRECT("Brasileirão!D"&MATCH($J$2,Brasileirão!A:A,0)+C21-1) -> 54 | F21: =C21&"º colocado" -> 8º colocado
A22: Internacional | C22: 9 | D22: =INDIRECT("Brasileirão!C"&MATCH($J$2,Brasileirão!A:A,0)+C22-1) -> Atlético-MG | E22: =INDIRECT("Brasileirão!D"&MATCH($J$2,Brasileirão!A:A,0)+C22-1) -> 54 | F22: =C22&"º colocado" -> 9º colocado
A23: Joinville | C23: 10 | D23: =INDIRECT("Brasileirão!C"&MATCH($J$2,Brasileirão!A:A,0)+C23-1) -> Botafogo | E23: =INDIRECT("Brasileirão!D"&MATCH($J$2,Brasileirão!A:A,0)+C23-1) -> 53 | F23: =C23&"º colocado" -> 10º colocado
A24: Náutico | C24: 11 | D24: =INDIRECT("Brasileirão!C"&MATCH($J$2,Brasileirão!A:A,0)+C24-1) -> Atlético-PR | E24: =INDIRECT("Brasileirão!D"&MATCH($J$2,Brasileirão!A:A,0)+C24-1) -> 51 | F24: =C24&"º colocado" -> 11º colocado
A25: Palmeiras | C25: 12 | D25: =INDIRECT("Brasileirão!C"&MATCH($J$2,Brasileirão!A:A,0)+C25-1) -> Bahia | E25: =INDIRECT("Brasileirão!D"&MATCH($J$2,Brasileirão!A:A,0)+C25-1) -> 50 | F25: =C25&"º colocado" -> 12º colocado
A26: Paraná Clube | C26: 13 | D26: =INDIRECT("Brasileirão!C"&MATCH($J$2,Brasileirão!A:A,0)+C26-1) -> São Paulo | E26: =INDIRECT("Brasileirão!D"&MATCH($J$2,Brasileirão!A:A,0)+C26-1) -> 50 | F26: =C26&"º colocado" -> 13º colocado
A27: Ponte Preta | C27: 14 | D27: =INDIRECT("Brasileirão!C"&MATCH($J$2,Brasileirão!A:A,0)+C27-1) -> Fluminense | E27: =INDIRECT("Brasileirão!D"&MATCH($J$2,Brasileirão!A:A,0)+C27-1) -> 47 | F27: =C27&"º colocado" -> 14º colocado
... A29: Santa Cruz-PE | C29: 16 | D29: =INDIRECT("Brasileirão!C"&MATCH($J$2,Brasileirão!A:A,0)+C29-1) -> Vitória | E29: =INDIRECT("Brasileirão!D"&MATCH($J$2,Brasileirão!A:A,0)+C29-1) -> 43 | F29: =C29&"º colocado" -> 16º colocado
A30: Santo André | C30: 17 | D30: =INDIRECT("Brasileirão!C"&MATCH($J$2,Brasileirão!A:A,0)+C30-1) -> Coritiba | E30: =INDIRECT("Brasileirão!D"&MATCH($J$2,Brasileirão!A:A,0)+C30-1) -> 43 | F30: Rebaixado
A31: Santos | C31: 18 | D31: =INDIRECT("Brasileirão!C"&MATCH($J$2,Brasileirão!A:A,0)+C31-1) -> Avaí | E31: =INDIRECT("Brasileirão!D"&MATCH($J$2,Brasileirão!A:A,0)+C31-1) -> 43 | F31: Rebaixado
A32: São Paulo | C32: 19 | D32: =INDIRECT("Brasileirão!C"&MATCH($J$2,Brasileirão!A:A,0)+C32-1) -> Ponte Preta | E32: =INDIRECT("Brasileirão!D"&MATCH($J$2,Brasileirão!A:A,0)+C32-1) -> 39 | F32: Rebaixado
A33: Sport | C33: 20 | D33: =INDIRECT("Brasileirão!C"&MATCH($J$2,Brasileirão!A:A,0)+C33-1) -> Atlético-GO | E33: =INDIRECT("Brasileirão!D"&MATCH($J$2,Brasileirão!A:A,0)+C33-1) -> 36 | F33: Rebaixado
A34: Vasco
A35: Vitória

Sheet Escudos

Sheet Dashboard
A1: www.evandrogf.com.br | B1: www.evandrogf.com.br | C1: www.evandrogf.com.br | D1: www.evandrogf.com.br | E1: www.evandrogf.com.br | F1: www.evandrogf.com.br | G1: www.evandrogf.com.br | H1: www.evandrogf.com.br | I1: www.evandrogf.com.br | J1: www.evandrogf.com.br | K1: www.evandrogf.com.br | L1: www.evandrogf.com.br | M1: www.evandrogf.com.br | N1: www.evandrogf.com.br
A2: www.evandrogf.com.br | B2: www.evandrogf.com.br | C2: www.evandrogf.com.br | D2: www.evandrogf.com.br | E2: www.evandrogf.com.br | F2: www.evandrogf.com.br | G2: www.evandrogf.com.br | H2: www.evandrogf.com.br | I2: www.evandrogf.com.br | J2: www.evandrogf.com.br | K2: www.evandrogf.com.br | L2: www.evandrogf.com.br | M2: www.evandrogf.com.br | N2: www.evandrogf.com.br
A3: www.evandrogf.com.br | B3: www.evandrogf.com.br | C3: www.evandrogf.com.br | D3: www.evandrogf.com.br | E3: www.evandrogf.com.br | F3: www.evandrogf.com.br | G3: www.evandrogf.com.br | H3: www.evandrogf.com.br | I3: www.evandrogf.com.br | J3: www.evandrogf.com.br | K3: www.evandrogf.com.br | L3: www.evandrogf.com.br | M3: www.evandrogf.com.br | N3: www.evandrogf.com.br
A4: www.evandrogf.com.br | B4: www.evandrogf.com.br | C4: www.evandrogf.com.br | D4: www.evandrogf.com.br | E4: www.evandrogf.com.br | F4: www.evandrogf.com.br | G4: www.evandrogf.com.br | H4: www.evandrogf.com.br | I4: www.evandrogf.com.br | J4: www.evandrogf.com.br | K4: www.evandrogf.com.br | L4: www.evandrogf.com.br | M4: www.evandrogf.com.br | N4: www.evandrogf.com.br
A5: www.evandrogf.com.br | B5: www.evandrogf.com.br | C5: www.evandrogf.com.br | D5: www.evandrogf.com.br | E5: www.evandrogf.com.br | F5: www.evandrogf.com.br | G5: www.evandrogf.com.br | H5: www.evandrogf.com.br | I5: www.evandrogf.com.br | J5: www.evandrogf.com.br | K5: www.evandrogf.com.br | L5: www.evandrogf.com.br | M5: www.evandrogf.com.br | N5: www.evandrogf.com.br
A6: www.evandrogf.com.br | B6: www.evandrogf.com.br | C6: www.evandrogf.com.br | D6: www.evandrogf.com.br | E6: www.evandrogf.com.br | F6: www.evandrogf.com.br | G6: www.evandrogf.com.br | H6: www.evandrogf.com.br | I6: www.evandrogf.com.br | J6: www.evandrogf.com.br | K6: www.evandrogf.com.br | L6: www.evandrogf.com.br | M6: www.evandrogf.com.br | N6: www.evandrogf.com.br
A7: www.evandrogf.com.br | B7: www.evandrogf.com.br | C7: www.evandrogf.com.br | D7: www.evandrogf.com.br | E7: www.evandrogf.com.br | F7: www.evandrogf.com.br | G7: www.evandrogf.com.br | H7: www.evandrogf.com.br | I7: www.evandrogf.com.br | J7: www.evandrogf.com.br | K7: www.evandrogf.com.br | L7: www.evandrogf.com.br | M7: www.evandrogf.com.br | N7: www.evandrogf.com.br
A8: www.evandrogf.com.br | B8: www.evandrogf.com.br | C8: www.evandrogf.com.br | D8: www.evandrogf.com.br | E8: www.evandrogf.com.br | F8: www.evandrogf.com.br | G8: www.evandrogf.com.br | H8: www.evandrogf.com.br | I8: www.evandrogf.com.br | J8: www.evandrogf.com.br | K8: www.evandrogf.com.br | L8: www.evandrogf.com.br | M8: www.evandrogf.com.br | N8: www.evandrogf.com.br
A9: www.evandrogf.com.br | B9: www.evandrogf.com.br | C9: www.evandrogf.com.br | D9: www.evandrogf.com.br | E9: www.evandrogf.com.br | F9: www.evandrogf.com.br | G9: www.evandrogf.com.br | H9: www.evandrogf.com.br | I9: www.evandrogf.com.br | J9: www.evandrogf.com.br | K9: www.evandrogf.com.br | L9: www.evandrogf.com.br | M9: www.evandrogf.com.br | N9: www.evandrogf.com.br
A10: www.evandrogf.com.br | B10: www.evandrogf.com.br | C10: www.evandrogf.com.br | D10: www.evandrogf.com.br | E10: www.evandrogf.com.br | F10: www.evandrogf.com.br | G10: www.evandrogf.com.br | H10: www.evandrogf.com.br | I10: www.evandrogf.com.br | J10: www.evandrogf.com.br | K10: www.evandrogf.com.br | L10: www.evandrogf.com.br | M10: www.evandrogf.com.br | N10: www.evandrogf.com.br
A11: www.evandrogf.com.br | B11: www.evandrogf.com.br | C11: www.evandrogf.com.br | D11: www.evandrogf.com.br | E11: www.evandrogf.com.br | F11: www.evandrogf.com.br | G11: www.evandrogf.com.br | H11: www.evandrogf.com.br | I11: www.evandrogf.com.br | J11: www.evandrogf.com.br | K11: www.evandrogf.com.br | L11: www.evandrogf.com.br | M11: www.evandrogf.com.br | N11: www.evandrogf.com.br
A12: www.evandrogf.com.br | B12: www.evandrogf.com.br | C12: www.evandrogf.com.br | D12: www.evandrogf.com.br | E12: www.evandrogf.com.br | F12: www.evandrogf.com.br | G12: www.evandrogf.com.br | H12: www.evandrogf.com.br | I12: www.evandrogf.com.br | J12: www.evandrogf.com.br | K12: www.evandrogf.com.br | L12: www.evandrogf.com.br | M12: www.evandrogf.com.br | N12: www.evandrogf.com.br
... A29: www.evandrogf.com.br | B29: www.evandrogf.com.br | C29: www.evandrogf.com.br | D29: www.evandrogf.com.br | E29: www.evandrogf.com.br | F29: www.evandrogf.com.br | G29: www.evandrogf.com.br | H29: www.evandrogf.com.br | I29: www.evandrogf.com.br | J29: www.evandrogf.com.br | K29: www.evandrogf.com.br | L29: www.evandrogf.com.br | M29: www.evandrogf.com.br | N29: www.evandrogf.com.br
