Workbook

Sheet Dados
A1: Equipamento | B1: Disponibilidade | D1: Performance | F1: Qualidade | H1: OEE | J1: Refugo
A2: Torno 01 | B2: 0.92 | C2: =1-B2 -> 0.08 | D2: 0.82 | E2: =1-D2 -> 0.18 | F2: 0.9 | G2: =1-F2 -> 0.1 | H2: =B2*D2*F2 -> 0.67896 | I2: =1-H2 -> 0.32104 | J2: 100
A3: Torno 02 | B3: 0.98 | C3: =1-B3 -> 0.02 | D3: 0.85 | E3: =1-D3 -> 0.15 | F3: 0.87 | G3: =1-F3 -> 0.13 | H3: =B3*D3*F3 -> 0.72471 | I3: =1-H3 -> 0.27529 | J3: 150
A4: Fresa 01 | B4: 0.95 | C4: =1-B4 -> 0.05 | D4: 0.83 | E4: =1-D4 -> 0.17 | F4: 0.92 | G4: =1-F4 -> 0.08 | H4: =B4*D4*F4 -> 0.72542 | I4: =1-H4 -> 0.27458 | J4: 210
A5: Fresa 02 | B5: 0.93 | C5: =1-B5 -> 0.07 | D5: 0.8 | E5: =1-D5 -> 0.2 | F5: 0.91 | G5: =1-F5 -> 0.09 | H5: =B5*D5*F5 -> 0.67704 | I5: =1-H5 -> 0.32296 | J5: 100
A6: Retífica 01 | B6: 0.94 | C6: =1-B6 -> 0.06 | D6: 0.9 | E6: =1-D6 -> 0.1 | F6: 0.83 | G6: =1-F6 -> 0.17 | H6: =B6*D6*F6 -> 0.70218 | I6: =1-H6 -> 0.29782 | J6: 98
A7: Retífica 02 | B7: 0.98 | C7: =1-B7 -> 0.02 | D7: 0.82 | E7: =1-D7 -> 0.18 | F7: 0.91 | G7: =1-F7 -> 0.09 | H7: =B7*D7*F7 -> 0.731276 | I7: =1-H7 -> 0.268724 | J7: 112

Sheet Torno 01
B2: =Dados!A2 -> Torno 01 | G2: =VLOOKUP($B$2,Dados!$A$2:$I$7,2,FALSE) -> 0.92 | H2: =VLOOKUP($B$2,Dados!$A$2:$I$7,3,FALSE) -> 0.08 | I2: =VLOOKUP($B$2,Dados!$A$2:$I$7,4,FALSE) -> 0.82 | J2: =VLOOKUP($B$2,Dados!$A$2:$I$7,5,FALSE) -> 0.18 | K2: =VLOOKUP($B$2,Dados!$A$2:$I$7,6,FALSE) -> 0.9 | L2: =VLOOKUP($B$2,Dados!$A$2:$I$7,7,FALSE) -> 0.1 | M2: =VLOOKUP($B$2,Dados!$A$2:$I$7,8,FALSE) -> 0.67896 | N2: =VLOOKUP($B$2,Dados!$A$2:$I$7,9,FALSE) -> 0.32104

Sheet Torno 02
B2: =Dados!A3 -> Torno 02 | G2: =VLOOKUP($B$2,Dados!$A$2:$I$7,2,FALSE) -> 0.98 | H2: =VLOOKUP($B$2,Dados!$A$2:$I$7,3,FALSE) -> 0.02 | I2: =VLOOKUP($B$2,Dados!$A$2:$I$7,4,FALSE) -> 0.85 | J2: =VLOOKUP($B$2,Dados!$A$2:$I$7,5,FALSE) -> 0.15 | K2: =VLOOKUP($B$2,Dados!$A$2:$I$7,6,FALSE) -> 0.87 | L2: =VLOOKUP($B$2,Dados!$A$2:$I$7,7,FALSE) -> 0.13 | M2: =VLOOKUP($B$2,Dados!$A$2:$I$7,8,FALSE) -> 0.72471 | N2: =VLOOKUP($B$2,Dados!$A$2:$I$7,9,FALSE) -> 0.27529

Sheet Fresa 01
B2: =Dados!A4 -> Fresa 01 | G2: =VLOOKUP($B$2,Dados!$A$2:$I$7,2,FALSE) -> 0.95 | H2: =VLOOKUP($B$2,Dados!$A$2:$I$7,3,FALSE) -> 0.05 | I2: =VLOOKUP($B$2,Dados!$A$2:$I$7,4,FALSE) -> 0.83 | J2: =VLOOKUP($B$2,Dados!$A$2:$I$7,5,FALSE) -> 0.17 | K2: =VLOOKUP($B$2,Dados!$A$2:$I$7,6,FALSE) -> 0.92 | L2: =VLOOKUP($B$2,Dados!$A$2:$I$7,7,FALSE) -> 0.08 | M2: =VLOOKUP($B$2,Dados!$A$2:$I$7,8,FALSE) -> 0.72542 | N2: =VLOOKUP($B$2,Dados!$A$2:$I$7,9,FALSE) -> 0.27458

Sheet Fresa 02
B2: =Dados!A5 -> Fresa 02 | G2: =VLOOKUP($B$2,Dados!$A$2:$I$7,2,FALSE) -> 0.93 | H2: =VLOOKUP($B$2,Dados!$A$2:$I$7,3,FALSE) -> 0.07 | I2: =VLOOKUP($B$2,Dados!$A$2:$I$7,4,FALSE) -> 0.8 | J2: =VLOOKUP($B$2,Dados!$A$2:$I$7,5,FALSE) -> 0.2 | K2: =VLOOKUP($B$2,Dados!$A$2:$I$7,6,FALSE) -> 0.91 | L2: =VLOOKUP($B$2,Dados!$A$2:$I$7,7,FALSE) -> 0.09 | M2: =VLOOKUP($B$2,Dados!$A$2:$I$7,8,FALSE) -> 0.67704 | N2: =VLOOKUP($B$2,Dados!$A$2:$I$7,9,FALSE) -> 0.32296

Sheet Retífica 01
B2: =Dados!A6 -> Retífica 01 | G2: =VLOOKUP($B$2,Dados!$A$2:$I$7,2,FALSE) -> 0.94 | H2: =VLOOKUP($B$2,Dados!$A$2:$I$7,3,FALSE) -> 0.06 | I2: =VLOOKUP($B$2,Dados!$A$2:$I$7,4,FALSE) -> 0.9 | J2: =VLOOKUP($B$2,Dados!$A$2:$I$7,5,FALSE) -> 0.1 | K2: =VLOOKUP($B$2,Dados!$A$2:$I$7,6,FALSE) -> 0.83 | L2: =VLOOKUP($B$2,Dados!$A$2:$I$7,7,FALSE) -> 0.17 | M2: =VLOOKUP($B$2,Dados!$A$2:$I$7,8,FALSE) -> 0.70218 | N2: =VLOOKUP($B$2,Dados!$A$2:$I$7,9,FALSE) -> 0.29782

Sheet Retífica 02
B2: =Dados!A7 -> Retífica 02 | G2: =VLOOKUP($B$2,Dados!$A$2:$I$7,2,FALSE) -> 0.98 | H2: =VLOOKUP($B$2,Dados!$A$2:$I$7,3,FALSE) -> 0.02 | I2: =VLOOKUP($B$2,Dados!$A$2:$I$7,4,FALSE) -> 0.82 | J2: =VLOOKUP($B$2,Dados!$A$2:$I$7,5,FALSE) -> 0.18 | K2: =VLOOKUP($B$2,Dados!$A$2:$I$7,6,FALSE) -> 0.91 | L2: =VLOOKUP($B$2,Dados!$A$2:$I$7,7,FALSE) -> 0.09 | M2: =VLOOKUP($B$2,Dados!$A$2:$I$7,8,FALSE) -> 0.731276 | N2: =VLOOKUP($B$2,Dados!$A$2:$I$7,9,FALSE) -> 0.268724
