Workbook

Sheet BD
A1: Produto | B1: Qtidade (Kg) | C1: Lote | D1: Palete | E1: Corredor | F1: Data Validade | G1: Vencido?
A2: Banana | B2: 8 | C2: 0001 | D2: 2 | E2: 2 | F2: 43695 | G2: Não
A3: Laranja | B3: 8 | C3: 0002 | D3: 13 | E3: 2 | F3: 43567 | G3: Sim
A4: Acerola | B4: 11 | C4: 0003 | D4: 19 | E4: 3 | F4: 43784 | G4: Não
A5: Kiwi | B5: 19 | C5: 0004 | D5: 5 | E5: 4 | F5: 43709 | G5: Não
A6: Mamão | B6: 16 | C6: 0005 | D6: 6 | E6: 3 | F6: 43734 | G6: Não
A7: Banana | B7: 6 | C7: 0006 | D7: 3 | E7: 1 | F7: 43588 | G7: Sim
A8: Laranja | B8: 5 | C8: 0007 | D8: 20 | E8: 2 | F8: 43636 | G8: Não
A9: Acerola | B9: 16 | C9: 0008 | D9: 6 | E9: 2 | F9: 43624 | G9: Não
A10: Kiwi | B10: 16 | C10: 0009 | D10: 1 | E10: 1 | F10: 43590 | G10: Sim
A11: Mamão | B11: 12 | C11: 0010 | D11: 10 | E11: 4 | F11: 43467 | G11: Sim
A12: Banana | B12: 7 | C12: 0011 | D12: 13 | E12: 4 | F12: 43820 | G12: Não
A13: Laranja | B13: 9 | C13: 0012 | D13: 16 | E13: 4 | F13: 43486 | G13: Sim
... A204: Acerola | B204: 14 | C204: 0203 | D204: 18 | E204: 3 | F204: 43797 | G204: Não

Sheet Lixo
A1: Produto | B1: Vencido? | C1: Total | D1: % vencida | E1: Kg | G1: Palete | H1: Banana | I1: Laranja | J1: Acerola | K1: Kiwi | L1: Mamão | N1: Vínculo | P1: Palete | Q1: Vencimentos
A2: Banana | B2: =COUNTIFS(BD!$A:$A,Lixo!$A2,BD!$G:$G,"Sim") -> 19 | C2: =COUNTIF(BD!$A:$A,Lixo!$A2) -> 41 | D2: =B2/C2 -> 0.46341463 | E2: =SUMIFS(BD!$B:$B,BD!$A:$A,Lixo!$A2,BD!$G:$G,"Sim") -> 263 | G2: 1 | H2: =COUNTIFS(BD!$D:$D,Lixo!$G2,BD!$A:$A,Lixo!H$1) -> 0 | I2: =COUNTIFS(BD!$D:$D,Lixo!$G2,BD!$A:$A,Lixo!I$1) -> 2 | J2: =COUNTIFS(BD!$D:$D,Lixo!$G2,BD!$A:$A,Lixo!J$1) -> 1 | K2: =COUNTIFS(BD!$D:$D,Lixo!$G2,BD!$A:$A,Lixo!K$1) -> 3 | L2: =COUNTIFS(BD!$D:$D,Lixo!$G2,BD!$A:$A,Lixo!L$1) -> 1 | N2: 4 | P2: 1 | Q2: =OFFSET($G$1,P2,$N$2) -> 3
A3: Laranja | B3: =COUNTIFS(BD!$A:$A,Lixo!$A3,BD!$G:$G,"Sim") -> 18 | C3: =COUNTIF(BD!$A:$A,Lixo!$A3) -> 41 | D3: =B3/C3 -> 0.43902439 | E3: =SUMIFS(BD!$B:$B,BD!$A:$A,Lixo!$A3,BD!$G:$G,"Sim") -> 220 | G3: 2 | H3: =COUNTIFS(BD!$D:$D,Lixo!$G3,BD!$A:$A,Lixo!H$1) -> 3 | I3: =COUNTIFS(BD!$D:$D,Lixo!$G3,BD!$A:$A,Lixo!I$1) -> 5 | J3: =COUNTIFS(BD!$D:$D,Lixo!$G3,BD!$A:$A,Lixo!J$1) -> 2 | K3: =COUNTIFS(BD!$D:$D,Lixo!$G3,BD!$A:$A,Lixo!K$1) -> 1 | L3: =COUNTIFS(BD!$D:$D,Lixo!$G3,BD!$A:$A,Lixo!L$1) -> 2 | P3: 2 | Q3: =OFFSET($G$1,P3,$N$2) -> 1
A4: Acerola | B4: =COUNTIFS(BD!$A:$A,Lixo!$A4,BD!$G:$G,"Sim") -> 13 | C4: =COUNTIF(BD!$A:$A,Lixo!$A4) -> 41 | D4: =B4/C4 -> 0.31707317 | E4: =SUMIFS(BD!$B:$B,BD!$A:$A,Lixo!$A4,BD!$G:$G,"Sim") -> 151 | G4: 3 | H4: =COUNTIFS(BD!$D:$D,Lixo!$G4,BD!$A:$A,Lixo!H$1) -> 2 | I4: =COUNTIFS(BD!$D:$D,Lixo!$G4,BD!$A:$A,Lixo!I$1) -> 2 | J4: =COUNTIFS(BD!$D:$D,Lixo!$G4,BD!$A:$A,Lixo!J$1) -> 5 | K4: =COUNTIFS(BD!$D:$D,Lixo!$G4,BD!$A:$A,Lixo!K$1) -> 1 | L4: =COUNTIFS(BD!$D:$D,Lixo!$G4,BD!$A:$A,Lixo!L$1) -> 0 | P4: 3 | Q4: =OFFSET($G$1,P4,$N$2) -> 1
A5: Kiwi | B5: =COUNTIFS(BD!$A:$A,Lixo!$A5,BD!$G:$G,"Sim") -> 17 | C5: =COUNTIF(BD!$A:$A,Lixo!$A5) -> 40 | D5: =B5/C5 -> 0.425 | E5: =SUMIFS(BD!$B:$B,BD!$A:$A,Lixo!$A5,BD!$G:$G,"Sim") -> 200 | G5: 4 | H5: =COUNTIFS(BD!$D:$D,Lixo!$G5,BD!$A:$A,Lixo!H$1) -> 0 | I5: =COUNTIFS(BD!$D:$D,Lixo!$G5,BD!$A:$A,Lixo!I$1) -> 4 | J5: =COUNTIFS(BD!$D:$D,Lixo!$G5,BD!$A:$A,Lixo!J$1) -> 2 | K5: =COUNTIFS(BD!$D:$D,Lixo!$G5,BD!$A:$A,Lixo!K$1) -> 0 | L5: =COUNTIFS(BD!$D:$D,Lixo!$G5,BD!$A:$A,Lixo!L$1) -> 3 | P5: 4 | Q5: =OFFSET($G$1,P5,$N$2) -> 0
A6: Mamão | B6: =COUNTIFS(BD!$A:$A,Lixo!$A6,BD!$G:$G,"Sim") -> 13 | C6: =COUNTIF(BD!$A:$A,Lixo!$A6) -> 40 | D6: =B6/C6 -> 0.325 | E6: =SUMIFS(BD!$B:$B,BD!$A:$A,Lixo!$A6,BD!$G:$G,"Sim") -> 182 | G6: 5 | H6: =COUNTIFS(BD!$D:$D,Lixo!$G6,BD!$A:$A,Lixo!H$1) -> 3 | I6: =COUNTIFS(BD!$D:$D,Lixo!$G6,BD!$A:$A,Lixo!I$1) -> 0 | J6: =COUNTIFS(BD!$D:$D,Lixo!$G6,BD!$A:$A,Lixo!J$1) -> 1 | K6: =COUNTIFS(BD!$D:$D,Lixo!$G6,BD!$A:$A,Lixo!K$1) -> 3 | L6: =COUNTIFS(BD!$D:$D,Lixo!$G6,BD!$A:$A,Lixo!L$1) -> 1 | P6: 5 | Q6: =OFFSET($G$1,P6,$N$2) -> 3
G7: 6 | H7: =COUNTIFS(BD!$D:$D,Lixo!$G7,BD!$A:$A,Lixo!H$1) -> 3 | I7: =COUNTIFS(BD!$D:$D,Lixo!$G7,BD!$A:$A,Lixo!I$1) -> 4 | J7: =COUNTIFS(BD!$D:$D,Lixo!$G7,BD!$A:$A,Lixo!J$1) -> 3 | K7: =COUNTIFS(BD!$D:$D,Lixo!$G7,BD!$A:$A,Lixo!K$1) -> 7 | L7: =COUNTIFS(BD!$D:$D,Lixo!$G7,BD!$A:$A,Lixo!L$1) -> 2 | P7: 6 | Q7: =OFFSET($G$1,P7,$N$2) -> 7
G8: 7 | H8: =COUNTIFS(BD!$D:$D,Lixo!$G8,BD!$A:$A,Lixo!H$1) -> 5 | I8: =COUNTIFS(BD!$D:$D,Lixo!$G8,BD!$A:$A,Lixo!I$1) -> 0 | J8: =COUNTIFS(BD!$D:$D,Lixo!$G8,BD!$A:$A,Lixo!J$1) -> 5 | K8: =COUNTIFS(BD!$D:$D,Lixo!$G8,BD!$A:$A,Lixo!K$1) -> 3 | L8: =COUNTIFS(BD!$D:$D,Lixo!$G8,BD!$A:$A,Lixo!L$1) -> 1 | P8: 7 | Q8: =OFFSET($G$1,P8,$N$2) -> 3
G9: 8 | H9: =COUNTIFS(BD!$D:$D,Lixo!$G9,BD!$A:$A,Lixo!H$1) -> 2 | I9: =COUNTIFS(BD!$D:$D,Lixo!$G9,BD!$A:$A,Lixo!I$1) -> 0 | J9: =COUNTIFS(BD!$D:$D,Lixo!$G9,BD!$A:$A,Lixo!J$1) -> 2 | K9: =COUNTIFS(BD!$D:$D,Lixo!$G9,BD!$A:$A,Lixo!K$1) -> 2 | L9: =COUNTIFS(BD!$D:$D,Lixo!$G9,BD!$A:$A,Lixo!L$1) -> 4 | P9: 8 | Q9: =OFFSET($G$1,P9,$N$2) -> 2
G10: 9 | H10: =COUNTIFS(BD!$D:$D,Lixo!$G10,BD!$A:$A,Lixo!H$1) -> 2 | I10: =COUNTIFS(BD!$D:$D,Lixo!$G10,BD!$A:$A,Lixo!I$1) -> 3 | J10: =COUNTIFS(BD!$D:$D,Lixo!$G10,BD!$A:$A,Lixo!J$1) -> 0 | K10: =COUNTIFS(BD!$D:$D,Lixo!$G10,BD!$A:$A,Lixo!K$1) -> 2 | L10: =COUNTIFS(BD!$D:$D,Lixo!$G10,BD!$A:$A,Lixo!L$1) -> 3 | P10: 9 | Q10: =OFFSET($G$1,P10,$N$2) -> 2
G11: 10 | H11: =COUNTIFS(BD!$D:$D,Lixo!$G11,BD!$A:$A,Lixo!H$1) -> 1 | I11: =COUNTIFS(BD!$D:$D,Lixo!$G11,BD!$A:$A,Lixo!I$1) -> 0 | J11: =COUNTIFS(BD!$D:$D,Lixo!$G11,BD!$A:$A,Lixo!J$1) -> 0 | K11: =COUNTIFS(BD!$D:$D,Lixo!$G11,BD!$A:$A,Lixo!K$1) -> 0 | L11: =COUNTIFS(BD!$D:$D,Lixo!$G11,BD!$A:$A,Lixo!L$1) -> 4 | P11: 10 | Q11: =OFFSET($G$1,P11,$N$2) -> 0
G12: 11 | H12: =COUNTIFS(BD!$D:$D,Lixo!$G12,BD!$A:$A,Lixo!H$1) -> 1 | I12: =COUNTIFS(BD!$D:$D,Lixo!$G12,BD!$A:$A,Lixo!I$1) -> 3 | J12: =COUNTIFS(BD!$D:$D,Lixo!$G12,BD!$A:$A,Lixo!J$1) -> 2 | K12: =COUNTIFS(BD!$D:$D,Lixo!$G12,BD!$A:$A,Lixo!K$1) -> 2 | L12: =COUNTIFS(BD!$D:$D,Lixo!$G12,BD!$A:$A,Lixo!L$1) -> 3 | P12: 11 | Q12: =OFFSET($G$1,P12,$N$2) -> 2
G13: 12 | H13: =COUNTIFS(BD!$D:$D,Lixo!$G13,BD!$A:$A,Lixo!H$1) -> 5 | I13: =COUNTIFS(BD!$D:$D,Lixo!$G13,BD!$A:$A,Lixo!I$1) -> 2 | J13: =COUNTIFS(BD!$D:$D,Lixo!$G13,BD!$A:$A,Lixo!J$1) -> 2 | K13: =COUNTIFS(BD!$D:$D,Lixo!$G13,BD!$A:$A,Lixo!K$1) -> 3 | L13: =COUNTIFS(BD!$D:$D,Lixo!$G13,BD!$A:$A,Lixo!L$1) -> 3 | P13: 12 | Q13: =OFFSET($G$1,P13,$N$2) -> 3
G14: 13 | H14: =COUNTIFS(BD!$D:$D,Lixo!$G14,BD!$A:$A,Lixo!H$1) -> 3 | I14: =COUNTIFS(BD!$D:$D,Lixo!$G14,BD!$A:$A,Lixo!I$1) -> 4 | J14: =COUNTIFS(BD!$D:$D,Lixo!$G14,BD!$A:$A,Lixo!J$1) -> 1 | K14: =COUNTIFS(BD!$D:$D,Lixo!$G14,BD!$A:$A,Lixo!K$1) -> 0 | L14: =COUNTIFS(BD!$D:$D,Lixo!$G14,BD!$A:$A,Lixo!L$1) -> 2 | P14: 13 | Q14: =OFFSET($G$1,P14,$N$2) -> 0
G15: 14 | H15: =COUNTIFS(BD!$D:$D,Lixo!$G15,BD!$A:$A,Lixo!H$1) -> 1 | I15: =COUNTIFS(BD!$D:$D,Lixo!$G15,BD!$A:$A,Lixo!I$1) -> 1 | J15: =COUNTIFS(BD!$D:$D,Lixo!$G15,BD!$A:$A,Lixo!J$1) -> 2 | K15: =COUNTIFS(BD!$D:$D,Lixo!$G15,BD!$A:$A,Lixo!K$1) -> 0 | L15: =COUNTIFS(BD!$D:$D,Lixo!$G15,BD!$A:$A,Lixo!L$1) -> 2 | P15: 14 | Q15: =OFFSET($G$1,P15,$N$2) -> 0
G16: 15 | H16: =COUNTIFS(BD!$D:$D,Lixo!$G16,BD!$A:$A,Lixo!H$1) -> 0 | I16: =COUNTIFS(BD!$D:$D,Lixo!$G16,BD!$A:$A,Lixo!I$1) -> 1 | J16: =COUNTIFS(BD!$D:$D,Lixo!$G16,BD!$A:$A,Lixo!J$1) -> 4 | K16: =COUNTIFS(BD!$D:$D,Lixo!$G16,BD!$A:$A,Lixo!K$1) -> 5 | L16: =COUNTIFS(BD!$D:$D,Lixo!$G16,BD!$A:$A,Lixo!L$1) -> 3 | P16: 15 | Q16: =OFFSET($G$1,P16,$N$2) -> 5
G17: 16 | H17: =COUNTIFS(BD!$D:$D,Lixo!$G17,BD!$A:$A,Lixo!H$1) -> 0 | I17: =COUNTIFS(BD!$D:$D,Lixo!$G17,BD!$A:$A,Lixo!I$1) -> 1 | J17: =COUNTIFS(BD!$D:$D,Lixo!$G17,BD!$A:$A,Lixo!J$1) -> 2 | K17: =COUNTIFS(BD!$D:$D,Lixo!$G17,BD!$A:$A,Lixo!K$1) -> 2 | L17: =COUNTIFS(BD!$D:$D,Lixo!$G17,BD!$A:$A,Lixo!L$1) -> 1 | P17: 16 | Q17: =OFFSET($G$1,P17,$N$2) -> 2
G18: 17 | H18: =COUNTIFS(BD!$D:$D,Lixo!$G18,BD!$A:$A,Lixo!H$1) -> 2 | I18: =COUNTIFS(BD!$D:$D,Lixo!$G18,BD!$A:$A,Lixo!I$1) -> 2 | J18: =COUNTIFS(BD!$D:$D,Lixo!$G18,BD!$A:$A,Lixo!J$1) -> 1 | K18: =COUNTIFS(BD!$D:$D,Lixo!$G18,BD!$A:$A,Lixo!K$1) -> 3 | L18: =COUNTIFS(BD!$D:$D,Lixo!$G18,BD!$A:$A,Lixo!L$1) -> 1 | P18: 17 | Q18: =OFFSET($G$1,P18,$N$2) -> 3
... G21: 20 | H21: =COUNTIFS(BD!$D:$D,Lixo!$G21,BD!$A:$A,Lixo!H$1) -> 3 | I21: =COUNTIFS(BD!$D:$D,Lixo!$G21,BD!$A:$A,Lixo!I$1) -> 3 | J21: =COUNTIFS(BD!$D:$D,Lixo!$G21,BD!$A:$A,Lixo!J$1) -> 1 | K21: =COUNTIFS(BD!$D:$D,Lixo!$G21,BD!$A:$A,Lixo!K$1) -> 1 | L21: =COUNTIFS(BD!$D:$D,Lixo!$G21,BD!$A:$A,Lixo!L$1) -> 1 | P21: 20 | Q21: =OFFSET($G$1,P21,$N$2) -> 1

Sheet Dashboard
