Workbook

Sheet TA
D4: LIVRO CAIXA
D5: TERMO DE ABERTURA
D6: (Lei nº 8.541/92, Art. 18, I)
D7: Contém este livro 14 páginas, numeradas de 1 a 14 e servirá de diário para o lançamento dos pagamentos e recebimentos do contribuinte abaixo identificado:
D9: Razão Social: | E9: Alice e Alice Contábil Ltda | H9: Com registro no(a): | I9: São Paulo
D10: Endereço: | E10: Rodovia Comendador Pedro Monteleone | H10: Número: | I10: 919
D11: Município: | E11: São Paulo | H11: Estado: | I11: SP
D12: Sob número: | E12: 197030166 | H12: CNPJ / MF: | I12: 54.211.346/0001-68
D13: Inscrição Estadual: | F13: 416789190627 | H13: Inscrição Municipal: | I13: 3523542342
D14: Na Prefeitura Municipal de: | F14: São Paulo
D16: São Paulo, 01 de Janeiro, 2018
D19: ALICE FERREIRA DA CRUZ | H19: CRC-PR nº: 046948/O

Sheet Jan
C4: Contribuinte | D4: =IF(TA!E9=0,"",TA!E9) -> Alice e Alice Contábil Ltda | E4: Saldo Anterior | F4: 0 | H4: Saldo a Transportar
C5: CPF / CNPJ | D5: =IF(TA!I12=0,"",TA!I12) -> 54.211.346/0001-68 | E5: Totais (Entradas / Saídas) | F5: =SUM(F8:F607) -> 0 | G5: =SUM(G8:G607) -> 0 | H5: =H607 -> 0
C7: Data | D7: Histórico | E7: Complemento | F7: Entrada | G7: Saída | H7: Saldo
F8: 0 | G8: 0 | H8: =F8-G8+F4 -> 0
F9: 0 | G9: 0 | H9: =F9-G9+H8 -> 0
F10: 0 | G10: 0 | H10: =F10-G10+H9 -> 0
F11: 0 | G11: 0 | H11: =F11-G11+H10 -> 0
F12: 0 | G12: 0 | H12: =F12-G12+H11 -> 0
F13: 0 | G13: 0 | H13: =F13-G13+H12 -> 0
F14: 0 | G14: 0 | H14: =F14-G14+H13 -> 0
F15: 0 | G15: 0 | H15: =F15-G15+H14 -> 0
F16: 0 | G16: 0 | H16: =F16-G16+H15 -> 0
F17: 0 | G17: 0 | H17: =F17-G17+H16 -> 0
F18: 0 | G18: 0 | H18: =F18-G18+H17 -> 0
F19: 0 | G19: 0 | H19: =F19-G19+H18 -> 0
F20: 0 | G20: 0 | H20: =F20-G20+H19 -> 0
... F607: 0 | G607: 0 | H607: =F607-G607+H606 -> 0

Sheet Fev
C4: Contribuinte | D4: =IF(TA!E9=0,"",TA!E9) -> Alice e Alice Contábil Ltda | E4: Saldo Anterior | F4: =Jan!H5 -> 0 | H4: Saldo a Transportar
C5: CPF / CNPJ | D5: =IF(TA!I12=0,"",TA!I12) -> 54.211.346/0001-68 | E5: Totais (Entradas / Saídas) | F5: =SUM(F8:F607) -> 0 | G5: =SUM(G8:G607) -> 0 | H5: =H607 -> 0
C7: Data | D7: Histórico | E7: Complemento | F7: Entrada | G7: Saída | H7: Saldo
F8: 0 | G8: 0 | H8: =F8-G8+F4 -> 0
F9: 0 | G9: 0 | H9: =F9-G9+H8 -> 0
F10: 0 | G10: 0 | H10: =F10-G10+H9 -> 0
F11: 0 | G11: 0 | H11: =F11-G11+H10 -> 0
F12: 0 | G12: 0 | H12: =F12-G12+H11 -> 0
F13: 0 | G13: 0 | H13: =F13-G13+H12 -> 0
F14: 0 | G14: 0 | H14: =F14-G14+H13 -> 0
F15: 0 | G15: 0 | H15: =F15-G15+H14 -> 0
F16: 0 | G16: 0 | H16: =F16-G16+H15 -> 0
F17: 0 | G17: 0 | H17: =F17-G17+H16 -> 0
F18: 0 | G18: 0 | H18: =F18-G18+H17 -> 0
F19: 0 | G19: 0 | H19: =F19-G19+H18 -> 0
F20: 0 | G20: 0 | H20: =F20-G20+H19 -> 0
... F607: 0 | G607: 0 | H607: =F607-G607+H606 -> 0

Sheet Mar
C4: Contribuinte | D4: =IF(TA!E9=0,"",TA!E9) -> Alice e Alice Contábil Ltda | E4: Saldo Anterior | F4: =Fev!H5 -> 0 | H4: Saldo a Transportar
C5: CPF / CNPJ | D5: =IF(TA!I12=0,"",TA!I12) -> 54.211.346/0001-68 | E5: Totais (Entradas / Saídas) | F5: =SUM(F8:F607) -> 0 | G5: =SUM(G8:G607) -> 0 | H5: =H607 -> 0
C7: Data | D7: Histórico | E7: Complemento | F7: Entrada | G7: Saída | H7: Saldo
F8: 0 | G8: 0 | H8: =F8-G8+F4 -> 0
F9: 0 | G9: 0 | H9: =F9-G9+H8 -> 0
F10: 0 | G10: 0 | H10: =F10-G10+H9 -> 0
F11: 0 | G11: 0 | H11: =F11-G11+H10 -> 0
F12: 0 | G12: 0 | H12: =F12-G12+H11 -> 0
F13: 0 | G13: 0 | H13: =F13-G13+H12 -> 0
F14: 0 | G14: 0 | H14: =F14-G14+H13 -> 0
F15: 0 | G15: 0 | H15: =F15-G15+H14 -> 0
F16: 0 | G16: 0 | H16: =F16-G16+H15 -> 0
F17: 0 | G17: 0 | H17: =F17-G17+H16 -> 0
F18: 0 | G18: 0 | H18: =F18-G18+H17 -> 0
F19: 0 | G19: 0 | H19: =F19-G19+H18 -> 0
F20: 0 | G20: 0 | H20: =F20-G20+H19 -> 0
... F607: 0 | G607: 0 | H607: =F607-G607+H606 -> 0

Sheet Abr
C4: Contribuinte | D4: =IF(TA!E9=0,"",TA!E9) -> Alice e Alice Contábil Ltda | E4: Saldo Anterior | F4: =Mar!H5 -> 0 | H4: Saldo a Transportar
C5: CPF / CNPJ | D5: =IF(TA!I12=0,"",TA!I12) -> 54.211.346/0001-68 | E5: Totais (Entradas / Saídas) | F5: =SUM(F8:F607) -> 0 | G5: =SUM(G8:G607) -> 0 | H5: =H607 -> 0
C7: Data | D7: Histórico | E7: Complemento | F7: Entrada | G7: Saída | H7: Saldo
F8: 0 | G8: 0 | H8: =F8-G8+F4 -> 0
F9: 0 | G9: 0 | H9: =F9-G9+H8 -> 0
F10: 0 | G10: 0 | H10: =F10-G10+H9 -> 0
F11: 0 | G11: 0 | H11: =F11-G11+H10 -> 0
F12: 0 | G12: 0 | H12: =F12-G12+H11 -> 0
F13: 0 | G13: 0 | H13: =F13-G13+H12 -> 0
F14: 0 | G14: 0 | H14: =F14-G14+H13 -> 0
F15: 0 | G15: 0 | H15: =F15-G15+H14 -> 0
F16: 0 | G16: 0 | H16: =F16-G16+H15 -> 0
F17: 0 | G17: 0 | H17: =F17-G17+H16 -> 0
F18: 0 | G18: 0 | H18: =F18-G18+H17 -> 0
F19: 0 | G19: 0 | H19: =F19-G19+H18 -> 0
F20: 0 | G20: 0 | H20: =F20-G20+H19 -> 0
... F607: 0 | G607: 0 | H607: =F607-G607+H606 -> 0

Sheet Mai
C4: Contribuinte | D4: =IF(TA!E9=0,"",TA!E9) -> Alice e Alice Contábil Ltda | E4: Saldo Anterior | F4: =Abr!H5 -> 0 | H4: Saldo a Transportar
C5: CPF / CNPJ | D5: =IF(TA!I12=0,"",TA!I12) -> 54.211.346/0001-68 | E5: Totais (Entradas / Saídas) | F5: =SUM(F8:F607) -> 0 | G5: =SUM(G8:G607) -> 0 | H5: =H607 -> 0
C7: Data | D7: Histórico | E7: Complemento | F7: Entrada | G7: Saída | H7: Saldo
F8: 0 | G8: 0 | H8: =F8-G8+F4 -> 0
F9: 0 | G9: 0 | H9: =F9-G9+H8 -> 0
F10: 0 | G10: 0 | H10: =F10-G10+H9 -> 0
F11: 0 | G11: 0 | H11: =F11-G11+H10 -> 0
F12: 0 | G12: 0 | H12: =F12-G12+H11 -> 0
F13: 0 | G13: 0 | H13: =F13-G13+H12 -> 0
F14: 0 | G14: 0 | H14: =F14-G14+H13 -> 0
F15: 0 | G15: 0 | H15: =F15-G15+H14 -> 0
F16: 0 | G16: 0 | H16: =F16-G16+H15 -> 0
F17: 0 | G17: 0 | H17: =F17-G17+H16 -> 0
F18: 0 | G18: 0 | H18: =F18-G18+H17 -> 0
F19: 0 | G19: 0 | H19: =F19-G19+H18 -> 0
F20: 0 | G20: 0 | H20: =F20-G20+H19 -> 0
... F607: 0 | G607: 0 | H607: =F607-G607+H606 -> 0

Sheet Jun
C4: Contribuinte | D4: =IF(TA!E9=0,"",TA!E9) -> Alice e Alice Contábil Ltda | E4: Saldo Anterior | F4: =Mai!H5 -> 0 | H4: Saldo a Transportar
C5: CPF / CNPJ | D5: =IF(TA!I12=0,"",TA!I12) -> 54.211.346/0001-68 | E5: Totais (Entradas / Saídas) | F5: =SUM(F8:F607) -> 0 | G5: =SUM(G8:G607) -> 0 | H5: =H607 -> 0
C7: Data | D7: Histórico | E7: Complemento | F7: Entrada | G7: Saída | H7: Saldo
F8: 0 | G8: 0 | H8: =F8-G8+F4 -> 0
F9: 0 | G9: 0 | H9: =F9-G9+H8 -> 0
F10: 0 | G10: 0 | H10: =F10-G10+H9 -> 0
F11: 0 | G11: 0 | H11: =F11-G11+H10 -> 0
F12: 0 | G12: 0 | H12: =F12-G12+H11 -> 0
F13: 0 | G13: 0 | H13: =F13-G13+H12 -> 0
F14: 0 | G14: 0 | H14: =F14-G14+H13 -> 0
F15: 0 | G15: 0 | H15: =F15-G15+H14 -> 0
F16: 0 | G16: 0 | H16: =F16-G16+H15 -> 0
F17: 0 | G17: 0 | H17: =F17-G17+H16 -> 0
F18: 0 | G18: 0 | H18: =F18-G18+H17 -> 0
F19: 0 | G19: 0 | H19: =F19-G19+H18 -> 0
F20: 0 | G20: 0 | H20: =F20-G20+H19 -> 0
... F607: 0 | G607: 0 | H607: =F607-G607+H606 -> 0

Sheet Jul
C4: Contribuinte | D4: =IF(TA!E9=0,"",TA!E9) -> Alice e Alice Contábil Ltda | E4: Saldo Anterior | F4: =Jun!H5 -> 0 | H4: Saldo a Transportar
C5: CPF / CNPJ | D5: =IF(TA!I12=0,"",TA!I12) -> 54.211.346/0001-68 | E5: Totais (Entradas / Saídas) | F5: =SUM(F8:F607) -> 0 | G5: =SUM(G8:G607) -> 0 | H5: =H607 -> 0
C7: Data | D7: Histórico | E7: Complemento | F7: Entrada | G7: Saída | H7: Saldo
F8: 0 | G8: 0 | H8: =F8-G8+F4 -> 0
F9: 0 | G9: 0 | H9: =F9-G9+H8 -> 0
F10: 0 | G10: 0 | H10: =F10-G10+H9 -> 0
F11: 0 | G11: 0 | H11: =F11-G11+H10 -> 0
F12: 0 | G12: 0 | H12: =F12-G12+H11 -> 0
F13: 0 | G13: 0 | H13: =F13-G13+H12 -> 0
F14: 0 | G14: 0 | H14: =F14-G14+H13 -> 0
F15: 0 | G15: 0 | H15: =F15-G15+H14 -> 0
F16: 0 | G16: 0 | H16: =F16-G16+H15 -> 0
F17: 0 | G17: 0 | H17: =F17-G17+H16 -> 0
F18: 0 | G18: 0 | H18: =F18-G18+H17 -> 0
F19: 0 | G19: 0 | H19: =F19-G19+H18 -> 0
F20: 0 | G20: 0 | H20: =F20-G20+H19 -> 0
... F607: 0 | G607: 0 | H607: =F607-G607+H606 -> 0

Sheet Ago
C4: Contribuinte | D4: =IF(TA!E9=0,"",TA!E9) -> Alice e Alice Contábil Ltda | E4: Saldo Anterior | F4: =Jul!H5 -> 0 | H4: Saldo a Transportar
C5: CPF / CNPJ | D5: =IF(TA!I12=0,"",TA!I12) -> 54.211.346/0001-68 | E5: Totais (Entradas / Saídas) | F5: =SUM(F8:F607) -> 0 | G5: =SUM(G8:G607) -> 0 | H5: =H607 -> 0
C7: Data | D7: Histórico | E7: Complemento | F7: Entrada | G7: Saída | H7: Saldo
F8: 0 | G8: 0 | H8: =F8-G8+F4 -> 0
F9: 0 | G9: 0 | H9: =F9-G9+H8 -> 0
F10: 0 | G10: 0 | H10: =F10-G10+H9 -> 0
F11: 0 | G11: 0 | H11: =F11-G11+H10 -> 0
F12: 0 | G12: 0 | H12: =F12-G12+H11 -> 0
F13: 0 | G13: 0 | H13: =F13-G13+H12 -> 0
F14: 0 | G14: 0 | H14: =F14-G14+H13 -> 0
F15: 0 | G15: 0 | H15: =F15-G15+H14 -> 0
F16: 0 | G16: 0 | H16: =F16-G16+H15 -> 0
F17: 0 | G17: 0 | H17: =F17-G17+H16 -> 0
F18: 0 | G18: 0 | H18: =F18-G18+H17 -> 0
F19: 0 | G19: 0 | H19: =F19-G19+H18 -> 0
F20: 0 | G20: 0 | H20: =F20-G20+H19 -> 0
... F607: 0 | G607: 0 | H607: =F607-G607+H606 -> 0

Sheet Set
C4: Contribuinte | D4: =IF(TA!E9=0,"",TA!E9) -> Alice e Alice Contábil Ltda | E4: Saldo Anterior | F4: =Ago!H5 -> 0 | H4: Saldo a Transportar
C5: CPF / CNPJ | D5: =IF(TA!I12=0,"",TA!I12) -> 54.211.346/0001-68 | E5: Totais (Entradas / Saídas) | F5: =SUM(F8:F607) -> 0 | G5: =SUM(G8:G607) -> 0 | H5: =H607 -> 0
C7: Data | D7: Histórico | E7: Complemento | F7: Entrada | G7: Saída | H7: Saldo
F8: 0 | G8: 0 | H8: =F8-G8+F4 -> 0
F9: 0 | G9: 0 | H9: =F9-G9+H8 -> 0
F10: 0 | G10: 0 | H10: =F10-G10+H9 -> 0
F11: 0 | G11: 0 | H11: =F11-G11+H10 -> 0
F12: 0 | G12: 0 | H12: =F12-G12+H11 -> 0
F13: 0 | G13: 0 | H13: =F13-G13+H12 -> 0
F14: 0 | G14: 0 | H14: =F14-G14+H13 -> 0
F15: 0 | G15: 0 | H15: =F15-G15+H14 -> 0
F16: 0 | G16: 0 | H16: =F16-G16+H15 -> 0
F17: 0 | G17: 0 | H17: =F17-G17+H16 -> 0
F18: 0 | G18: 0 | H18: =F18-G18+H17 -> 0
F19: 0 | G19: 0 | H19: =F19-G19+H18 -> 0
F20: 0 | G20: 0 | H20: =F20-G20+H19 -> 0
... F607: 0 | G607: 0 | H607: =F607-G607+H606 -> 0

Sheet Out
C4: Contribuinte | D4: =IF(TA!E9=0,"",TA!E9) -> Alice e Alice Contábil Ltda | E4: Saldo Anterior | F4: =Set!H5 -> 0 | H4: Saldo a Transportar
C5: CPF / CNPJ | D5: =IF(TA!I12=0,"",TA!I12) -> 54.211.346/0001-68 | E5: Totais (Entradas / Saídas) | F5: =SUM(F8:F607) -> 0 | G5: =SUM(G8:G607) -> 0 | H5: =H607 -> 0
C7: Data | D7: Histórico | E7: Complemento | F7: Entrada | G7: Saída | H7: Saldo
F8: 0 | G8: 0 | H8: =F8-G8+F4 -> 0
F9: 0 | G9: 0 | H9: =F9-G9+H8 -> 0
F10: 0 | G10: 0 | H10: =F10-G10+H9 -> 0
F11: 0 | G11: 0 | H11: =F11-G11+H10 -> 0
F12: 0 | G12: 0 | H12: =F12-G12+H11 -> 0
F13: 0 | G13: 0 | H13: =F13-G13+H12 -> 0
F14: 0 | G14: 0 | H14: =F14-G14+H13 -> 0
F15: 0 | G15: 0 | H15: =F15-G15+H14 -> 0
F16: 0 | G16: 0 | H16: =F16-G16+H15 -> 0
F17: 0 | G17: 0 | H17: =F17-G17+H16 -> 0
F18: 0 | G18: 0 | H18: =F18-G18+H17 -> 0
F19: 0 | G19: 0 | H19: =F19-G19+H18 -> 0
F20: 0 | G20: 0 | H20: =F20-G20+H19 -> 0
... F607: 0 | G607: 0 | H607: =F607-G607+H606 -> 0

Sheet Nov
C4: Contribuinte | D4: =IF(TA!E9=0,"",TA!E9) -> Alice e Alice Contábil Ltda | E4: Saldo Anterior | F4: =Out!H5 -> 0 | H4: Saldo a Transportar
C5: CPF / CNPJ | D5: =IF(TA!I12=0,"",TA!I12) -> 54.211.346/0001-68 | E5: Totais (Entradas / Saídas) | F5: =SUM(F8:F607) -> 0 | G5: =SUM(G8:G607) -> 0 | H5: =H607 -> 0
C7: Data | D7: Histórico | E7: Complemento | F7: Entrada | G7: Saída | H7: Saldo
F8: 0 | G8: 0 | H8: =F8-G8+F4 -> 0
F9: 0 | G9: 0 | H9: =F9-G9+H8 -> 0
F10: 0 | G10: 0 | H10: =F10-G10+H9 -> 0
F11: 0 | G11: 0 | H11: =F11-G11+H10 -> 0
F12: 0 | G12: 0 | H12: =F12-G12+H11 -> 0
F13: 0 | G13: 0 | H13: =F13-G13+H12 -> 0
F14: 0 | G14: 0 | H14: =F14-G14+H13 -> 0
F15: 0 | G15: 0 | H15: =F15-G15+H14 -> 0
F16: 0 | G16: 0 | H16: =F16-G16+H15 -> 0
F17: 0 | G17: 0 | H17: =F17-G17+H16 -> 0
F18: 0 | G18: 0 | H18: =F18-G18+H17 -> 0
F19: 0 | G19: 0 | H19: =F19-G19+H18 -> 0
F20: 0 | G20: 0 | H20: =F20-G20+H19 -> 0
... F607: 0 | G607: 0 | H607: =F607-G607+H606 -> 0

Sheet Dez
C4: Contribuinte | D4: =IF(TA!E9=0,"",TA!E9) -> Alice e Alice Contábil Ltda | E4: Saldo Anterior | F4: =Nov!H5 -> 0 | H4: Saldo a Transportar
C5: CPF / CNPJ | D5: =IF(TA!I12=0,"",TA!I12) -> 54.211.346/0001-68 | E5: Totais (Entradas / Saídas) | F5: =SUM(F8:F607) -> 0 | G5: =SUM(G8:G607) -> 0 | H5: =H607 -> 0
C7: Data | D7: Histórico | E7: Complemento | F7: Entrada | G7: Saída | H7: Saldo
F8: 0 | G8: 0 | H8: =F8-G8+F4 -> 0
F9: 0 | G9: 0 | H9: =F9-G9+H8 -> 0
F10: 0 | G10: 0 | H10: =F10-G10+H9 -> 0
F11: 0 | G11: 0 | H11: =F11-G11+H10 -> 0
F12: 0 | G12: 0 | H12: =F12-G12+H11 -> 0
F13: 0 | G13: 0 | H13: =F13-G13+H12 -> 0
F14: 0 | G14: 0 | H14: =F14-G14+H13 -> 0
F15: 0 | G15: 0 | H15: =F15-G15+H14 -> 0
F16: 0 | G16: 0 | H16: =F16-G16+H15 -> 0
F17: 0 | G17: 0 | H17: =F17-G17+H16 -> 0
F18: 0 | G18: 0 | H18: =F18-G18+H17 -> 0
F19: 0 | G19: 0 | H19: =F19-G19+H18 -> 0
F20: 0 | G20: 0 | H20: =F20-G20+H19 -> 0
... F607: 0 | G607: 0 | H607: =F607-G607+H606 -> 0

Sheet TE
D4: LIVRO CAIXA
D5: TERMO DE ENCERRAMENTO
D6: Último lançamento efetuado em:
D7: Contém este livro (x) páginas, numeradas de 1 a x e servirá de diário para o lançamento dos pagamentos e recebimentos do contribuinte abaixo identificado:
D9: Razão Social: | E9: =IF(TA!E9=0,"",TA!E9) -> Alice e Alice Contábil Ltda | H9: Com registro no(a): | I9: =IF(TA!I9=0,"",TA!I9) -> São Paulo
D10: Endereço: | E10: =IF(TA!E10=0,"",TA!E10) -> Rodovia Comendador Pedro Monteleone | H10: Número: | I10: =IF(TA!I10=0,"",TA!I10) -> 919
D11: Município: | E11: =IF(TA!E11=0,"",TA!E11) -> São Paulo | H11: Estado: | I11: =IF(TA!I11=0,"",TA!I11) -> SP
D12: Sob número: | E12: =IF(TA!E12=0,"",TA!E12) -> 197030166 | H12: CNPJ / MF: | I12: =IF(TA!I12=0,"",TA!I12) -> 54.211.346/0001-68
D13: Inscrição Estadual: | F13: =IF(TA!F13=0,"",TA!F13) -> 416789190627 | H13: Inscrição Municipal: | I13: =IF(TA!I13=0,"",TA!I13) -> 3523542342
D14: Na Prefeitura Municipal de: | F14: =IF(TA!F14=0,"",TA!F14) -> São Paulo
D16: =TA!D16 -> São Paulo, 01 de Janeiro, 2018
D19: =TA!D19 -> ALICE FERREIRA DA CRUZ | H19: =TA!H19 -> CRC-PR nº: 046948/O

Sheet BF
C4: Empresa | D4: =IF(TA!E9=0,"",TA!E9) -> Alice e Alice Contábil Ltda
C5: CNPJ | D5: =IF(TA!I12=0,"",TA!I12) -> 54.211.346/0001-68
C6: Exercício | D6: 2018
C8: Débitos | E8: Créditos
C10: Saldo Inicial | D10: =Jan!F4 -> 0 | E10: Saídas de Caixa | F10: =FC!P7 -> 0
C11: Entradas de Caixa | D11: =FC!P6 -> 0 | E11: Saldo Final | F11: =FC!P9 -> 0
C13: Total Geral | D13: =D10+D11 -> 0 | E13: Total Geral | F13: =F10+F11 -> 0
C15: Emitido em: | D15: 43465
C16: Assinatura Cont.

Sheet FC
C4: Fluxo de Caixa | D4: Janeiro | E4: Fevereiro | F4: Março | G4: Abril | H4: Maio | I4: Junho | J4: Julho | K4: Agosto | L4: Setembro | M4: Outubro | N4: Novembro | O4: Dezembro | P4: Total
C5: Saldo Inicial | D5: =Jan!$F$4 -> 0 | E5: =D9 -> 0 | F5: =E9 -> 0 | G5: =F9 -> 0 | H5: =G9 -> 0 | I5: =H9 -> 0 | J5: =I9 -> 0 | K5: =J9 -> 0 | L5: =K9 -> 0 | ... O5: =N9 -> 0 | P5: =O5 -> 0
C6: Entradas | D6: =SUM(Jan!$F$8:$F$607) -> 0 | E6: =SUM(Fev!$F$8:$F$607) -> 0 | F6: =SUM(Mar!$F$8:$F$607) -> 0 | G6: =SUM(Abr!$F$8:$F$607) -> 0 | H6: =SUM(Mai!$F$8:$F$607) -> 0 | I6: =SUM(Jun!$F$8:$F$607) -> 0 | J6: =SUM(Jul!$F$8:$F$607) -> 0 | K6: =SUM(Ago!$F$8:$F$607) -> 0 | L6: =SUM(Set!$F$8:$F$607) -> 0 | M6: =SUM(Out!$F$8:$F$607) -> 0 | N6: =SUM(Nov!$F$8:$F$607) -> 0 | O6: =SUM(Dez!$F$8:$F$607) -> 0 | P6: =SUM(D6:O6) -> 0
C7: Saídas | D7: =SUM(Jan!$G$8:$G$607) -> 0 | E7: =SUM(Fev!$G$8:$G$607) -> 0 | F7: =SUM(Mar!$G$8:$G$607) -> 0 | G7: =SUM(Abr!$G$8:$G$607) -> 0 | H7: =SUM(Mai!$G$8:$G$607) -> 0 | I7: =SUM(Jun!$G$8:$G$607) -> 0 | J7: =SUM(Jul!$G$8:$G$607) -> 0 | K7: =SUM(Ago!$G$8:$G$607) -> 0 | L7: =SUM(Set!$G$8:$G$607) -> 0 | M7: =SUM(Out!$G$8:$G$607) -> 0 | N7: =SUM(Nov!$G$8:$G$607) -> 0 | O7: =SUM(Dez!$G$8:$G$607) -> 0 | P7: =SUM(D7:O7) -> 0
C8: Saldo do Caixa | D8: =D6-D7 -> 0 | E8: =E6-E7 -> 0 | F8: =F6-F7 -> 0 | G8: =G6-G7 -> 0 | H8: =H6-H7 -> 0 | I8: =I6-I7 -> 0 | J8: =J6-J7 -> 0 | K8: =K6-K7 -> 0 | ... P8: =P6-P7 -> 0
C9: Acumulado | D9: =D5+D8 -> 0 | E9: =E5+E8 -> 0 | F9: =F5+F8 -> 0 | G9: =G5+G8 -> 0 | H9: =H5+H8 -> 0 | I9: =I5+I8 -> 0 | J9: =J5+J8 -> 0 | K9: =K5+K8 -> 0 | ... O9: =O5+O8 -> 0 | P9: =O9 -> 0
