Workbook

Sheet IRPJ e CSLL 1TRIM
A4: empresa
A5: cnpj
A7: IRPJ E CSLL | B7: JANEIRO | C7: FEVEREIRO | D7: MARÇO | E7: Total
A8: Faturamento (Vendas) | B8: ='PIS E COFINS'!B5 -> 0 | C8: ='PIS E COFINS'!B6 -> 4462.5 | D8: ='PIS E COFINS'!B7 -> 16447.5 | E8: =B8+C8+D8 -> 20910
A9: BC IRPJ Aliq 8 % ( Vendas) | B9: =8%*B8 -> 0 | C9: =8%*C8 -> 357 | D9: =8%*D8 -> 1315.8 | E9: =1.6%*E8 -> 334.56
A10: Rend Aplic Fin
A11: Adic 10% s/ IRPJ
A12: IRPJ 15% (Vendas) | B12: =15%*B9 -> 0 | C12: =15%*C9 -> 53.55 | D12: =15%*D9 -> 197.37 | E12: =15%*E9 -> 50.184
A13: IRRF Retido | E13: =B13+C13+D13 -> 0
A14: IRPJ a Pagar (vendas) | B14: =B11+B12 -> 0 | C14: =C12 -> 53.55 | D14: =D12 -> 197.37 | E14: =E12 -> 50.184
A15: Faturamento (Serviços) | E15: =D15+C15+B15 -> 0
A16: BC IRPJ Aliq9% (Serviços) | B16: =32%*B15 -> 0 | C16: =32%*C15 -> 0 | D16: =32%*D15 -> 0 | E16: =32%*E15 -> 0
A17: IRPJ 15% (Serviços) | B17: =15%*B16 -> 0 | C17: =15%*C16 -> 0 | D17: =15%*D16 -> 0 | E17: =15%*E16 -> 0
A18: IRPJ a Pagar (Serviços) | B18: =B17 -> 0 | C18: =C17 -> 0 | D18: =D17 -> 0 | E18: =E17 -> 0 | H18: =B20+C20+D20 -> 250.92
A19: IRPJ Total (Serv + Vendas) | B19: =+B11+B12+B18 -> 0 | C19: =+C11+C14+C18 -> 53.55 | D19: =+D11+D14+D18 -> 197.37 | E19: =B19+C19+D19 -> 250.92 | H19: =E19-E13 -> 250.92
A20: IRPJ Total (Serv + Vendas+Adicional) | B20: =B14+B18-B13 -> 0 | C20: =C11+C14+C18-C13 -> 53.55 | D20: =D11+D14+D18-D13 -> 197.37 | E20: =B20+C20+D20 -> 250.92
A21: Faturamento (Vendas) | B21: =B8 -> 0 | C21: =C8 -> 4462.5 | D21: =D8 -> 16447.5 | E21: =E8 -> 20910
A22: BC CSLL Aliq 12% ( Vendas) | B22: =12%*B21 -> 0 | C22: =12%*C21 -> 535.5 | D22: =12%*D21 -> 1973.7 | E22: =12%*E21 -> 2509.2
A23: CSLL 9% (Vendas) | B23: =9%*B22 -> 0 | C23: =9%*C22 -> 48.195 | D23: =9%*D22 -> 177.633 | E23: =9%*E22 -> 225.828
A24: CSLL a Pagar (vendas) | B24: =B23 -> 0 | C24: =C23 -> 48.195 | D24: =D23 -> 177.633 | E24: =E23 -> 225.828
A25: Faturamento (Serviços) | B25: =B15 -> 0 | C25: =C15 -> 0 | D25: =D15 -> 0 | E25: =E15 -> 0
A26: BC CSLL Aliq 32% ( Vendas) | B26: =32%*B25 -> 0 | C26: =32%*C25 -> 0 | D26: =32%*D25 -> 0 | E26: =32%*E25 -> 0
A27: CSLL 9% (Vendas) | B27: =9%*B26 -> 0 | C27: =9%*C26 -> 0 | D27: =9%*D26 -> 0 | E27: =9%*E26 -> 0
A28: CSLL Total (Serv + Vendas) | B28: =B24+B27 -> 0 | C28: =C24+C27 -> 48.195 | D28: =D24+D27 -> 177.633 | E28: =B28+C28+D28 -> 225.828 | H28: =C28+B28+D28 -> 225.828
B31: =10%*B30 -> 0
E32: =D28+C28+B28 -> 225.828

Sheet IRPJ e CSLL 2TRIM
A4: empresa
A5: cnpj
A6: IRPJ E CSLL | B6: ABRIL | C6: MAIO | D6: JUNHO | E6: Total
A7: Faturamento (Vendas) | B7: ='PIS E COFINS'!B8 -> 12487.5 | C7: ='PIS E COFINS'!B9 -> 15675 | D7: ='PIS E COFINS'!B10 -> 15675 | E7: =B7+C7+D7 -> 43837.5
A8: BC IRPJ Aliq 8 % ( Vendas) | B8: =8%*B7 -> 999 | C8: =8%*C7 -> 1254 | D8: =8%*D7 -> 1254 | E8: =1.6%*E7 -> 701.4
A9: Rend Aplic Fin
A10: Adic 10% s/ IRPJ
A11: IRPJ 15% (Vendas) | B11: =15%*B8 -> 149.85 | C11: =15%*C8 -> 188.1 | D11: =15%*D8 -> 188.1 | E11: =15%*E8 -> 105.21
A12: IRRF Retido | E12: =B12+C12+D12 -> 0
A13: IRPJ a Pagar (vendas) | B13: =B10+B11 -> 149.85 | C13: =C11 -> 188.1 | D13: =D11 -> 188.1 | E13: =E11 -> 105.21
A14: Faturamento (Serviços) | E14: =D14+C14+B14 -> 0
A15: BC IRPJ Aliq9% (Serviços) | B15: =32%*B14 -> 0 | C15: =32%*C14 -> 0 | D15: =32%*D14 -> 0 | E15: =32%*E14 -> 0
A16: IRPJ 15% (Serviços) | B16: =15%*B15 -> 0 | C16: =15%*C15 -> 0 | D16: =15%*D15 -> 0 | E16: =15%*E15 -> 0
A17: IRPJ a Pagar (Serviços) | B17: =B16 -> 0 | C17: =C16 -> 0 | D17: =D16 -> 0 | E17: =E16 -> 0
A18: IRPJ Total (Serv + Vendas) | B18: =+B10+B11+B17 -> 149.85 | C18: =+C10+C13+C17 -> 188.1 | D18: =+D10+D13+D17 -> 188.1 | E18: =B18+C18+D18 -> 526.05 | H18: =E16+E17 -> 0
A19: IRPJ Total (Serv + Vendas+Adicional) | B19: =B13+B17-B12 -> 149.85 | C19: =C10+C13+C17-C12 -> 188.1 | D19: =D10+D13+D17-D12 -> 188.1 | E19: =B19+C19+D19 -> 526.05
A20: Faturamento (Vendas) | B20: =B7 -> 12487.5 | C20: =C7 -> 15675 | D20: =D7 -> 15675 | E20: =E7 -> 43837.5
A21: BC CSLL Aliq 12% ( Vendas) | B21: =12%*B20 -> 1498.5 | C21: =12%*C20 -> 1881 | D21: =12%*D20 -> 1881 | E21: =12%*E20 -> 5260.5 | H21: =B19+C19 -> 337.95
A22: CSLL 9% (Vendas) | B22: =9%*B21 -> 134.865 | C22: =9%*C21 -> 169.29 | D22: =9%*D21 -> 169.29 | E22: =9%*E21 -> 473.445
A23: CSLL a Pagar (vendas) | B23: =B22 -> 134.865 | C23: =C22 -> 169.29 | D23: =D22 -> 169.29 | E23: =E22 -> 473.445 | H23: =B18+C18+D18 -> 526.05
A24: Faturamento (Serviços) | B24: =B14 -> 0 | C24: =C14 -> 0 | D24: =D14 -> 0 | E24: =E14 -> 0
A25: BC CSLL Aliq 32% ( Vendas) | B25: =32%*B24 -> 0 | C25: =32%*C24 -> 0 | D25: =32%*D24 -> 0 | E25: =32%*E24 -> 0
A26: CSLL 9% (Vendas) | B26: =9%*B25 -> 0 | C26: =9%*C25 -> 0 | D26: =9%*D25 -> 0 | E26: =9%*E25 -> 0 | H26: =E23+E26 -> 473.445
A27: CSLL Total (Serv + Vendas) | B27: =B23+B26 -> 134.865 | C27: =C23+C26 -> 169.29 | D27: =D23+D26 -> 169.29 | E27: =B27+C27+D27 -> 473.445
H30: =20688.97-B27-C27 -> 20384.815

Sheet IRPJ e CSLL 3TRIM
A3: empresa
A4: cnpj
A5: IRPJ E CSLL | B5: JULHO | C5: AGOSTO | D5: SETEMBRO | E5: Total
A6: Faturamento (Vendas) | B6: ='PIS E COFINS'!B11 -> 15127.5 | C6: ='PIS E COFINS'!B12 -> 17460 | D6: ='PIS E COFINS'!B13 -> 14512.5 | E6: =B6+C6+D6 -> 47100
A7: BC IRPJ Aliq 8% ( Vendas) | B7: =8%*B6 -> 1210.2 | C7: =8%*C6 -> 1396.8 | D7: =8%*D6 -> 1161 | E7: =1.6%*E6 -> 753.6
A8: Rend Aplic Fin
A9: Adic 10% s/ IRPJ
A10: IRPJ 15% (Vendas) | B10: =15%*B7 -> 181.53 | C10: =15%*C7 -> 209.52 | D10: =15%*D7 -> 174.15 | E10: =15%*E7 -> 113.04
A11: IRRF Retido | E11: =B11+C11+D11 -> 0
A12: IRPJ a Pagar (vendas) | B12: =B9+B10 -> 181.53 | C12: =C10 -> 209.52 | D12: =D10 -> 174.15 | E12: =E10 -> 113.04
A13: Faturamento (Serviços) | E13: =D13+C13+B13 -> 0
A14: BC IRPJ Aliq9% (Serviços) | B14: =32%*B13 -> 0 | C14: =32%*C13 -> 0 | D14: =32%*D13 -> 0 | E14: =32%*E13 -> 0
A15: IRPJ 15% (Serviços) | B15: =15%*B14 -> 0 | C15: =15%*C14 -> 0 | D15: =15%*D14 -> 0 | E15: =15%*E14 -> 0
A16: IRPJ a Pagar (Serviços) | B16: =B15 -> 0 | C16: =C15 -> 0 | D16: =D15 -> 0 | E16: =E15 -> 0
A17: IRPJ Total (Serv + Vendas) | B17: =+B9+B10+B16 -> 181.53 | C17: =+C9+C12+C16 -> 209.52 | D17: =+D9+D12+D16 -> 174.15 | E17: =B17+C17+D17 -> 565.2
A18: IRPJ Total (Serv + Vendas+Adicional) | B18: =B12+B16-B11 -> 181.53 | C18: =C9+C12+C16-C11 -> 209.52 | D18: =D9+D12+D16-D11 -> 174.15 | E18: =B18+C18+D18 -> 565.2
A19: Faturamento (Vendas) | B19: =B6 -> 15127.5 | C19: =C6 -> 17460 | D19: =D6 -> 14512.5 | E19: =E6 -> 47100
A20: BC CSLL Aliq 12% ( Vendas) | B20: =12%*B19 -> 1815.3 | C20: =12%*C19 -> 2095.2 | D20: =12%*D19 -> 1741.5 | E20: =12%*E19 -> 5652
A21: CSLL 9% (Vendas) | B21: =9%*B20 -> 163.377 | C21: =9%*C20 -> 188.568 | D21: =9%*D20 -> 156.735 | E21: =9%*E20 -> 508.68
A22: CSLL a Pagar (vendas) | B22: =B21 -> 163.377 | C22: =C21 -> 188.568 | D22: =D21 -> 156.735 | E22: =E21 -> 508.68
A23: Faturamento (Serviços) | B23: =B13 -> 0 | C23: =C13 -> 0 | D23: =D13 -> 0 | E23: =E13 -> 0
A24: BC CSLL Aliq 32% ( Vendas) | B24: =32%*B23 -> 0 | C24: =32%*C23 -> 0 | D24: =32%*D23 -> 0 | E24: =32%*E23 -> 0
A25: CSLL 9% (Vendas) | B25: =9%*B24 -> 0 | C25: =9%*C24 -> 0 | D25: =9%*D24 -> 0 | E25: =9%*E24 -> 0
A26: CSLL Total (Serv + Vendas) | B26: =B22+B25 -> 163.377 | C26: =C22+C25 -> 188.568 | D26: =D22+D25 -> 156.735 | E26: =B26+C26+D26 -> 508.68
A27: CSLL Total (Serv + Vendas) | B27: =B23+B26 -> 163.377 | C27: =C23+C26 -> 188.568 | D27: =D23+D26 -> 156.735 | E27: =B27+C27+D27 -> 508.68

Sheet IRPJ e CSLL 4TRIM
A1: emrpesa
A2: cnpj
A3: IRPJ E CSLL | B3: OUTUBRO | C3: NOVEMBRO | D3: DEZEMBRO | E3: Total
A4: Faturamento (Vendas) | B4: ='PIS E COFINS'!B14 -> 6502.5 | C4: ='PIS E COFINS'!B15 -> 0 | D4: ='PIS E COFINS'!B16 -> 0 | E4: =B4+C4+D4 -> 6502.5
A5: BC IRPJ Aliq 8 % ( Vendas) | B5: =8%*B4 -> 520.2 | C5: =8%*C4 -> 0 | D5: =8%*D4 -> 0 | E5: =1.6%*E4 -> 104.04
A6: Rend Aplic Fin
A7: Adic 10% s/ IRPJ
A8: IRPJ 15% (Vendas) | B8: =15%*B5 -> 78.03 | C8: =15%*C5 -> 0 | D8: =15%*D5 -> 0 | E8: =15%*E5 -> 15.606
A9: IRRF Retido | E9: =B9+C9+D9 -> 0
A10: IRPJ a Pagar (vendas) | B10: =B7+B8 -> 78.03 | C10: =C8 -> 0 | D10: =D8 -> 0 | E10: =E8 -> 15.606
A11: Faturamento (Serviços) | E11: =D11+C11+B11 -> 0
A12: BC IRPJ Aliq9% (Serviços) | B12: =32%*B11 -> 0 | C12: =32%*C11 -> 0 | D12: =32%*D11 -> 0 | E12: =32%*E11 -> 0
A13: IRPJ 15% (Serviços) | B13: =15%*B12 -> 0 | C13: =15%*C12 -> 0 | D13: =15%*D12 -> 0 | E13: =15%*E12 -> 0
A14: IRPJ a Pagar (Serviços) | B14: =B13 -> 0 | C14: =C13 -> 0 | D14: =D13 -> 0 | E14: =E13 -> 0
A15: IRPJ Total (Serv + Vendas) | B15: =+B7+B8+B14 -> 78.03 | C15: =+C7+C10+C14 -> 0 | D15: =+D7+D10+D14 -> 0 | E15: =B15+C15+D15 -> 78.03
A16: IRPJ Total (Serv + Vendas+Adicional) | B16: =B10+B14-B9 -> 78.03 | C16: =C7+C10+C14-C9 -> 0 | D16: =D7+D10+D14-D9 -> 0 | E16: =B16+C16+D16 -> 78.03
A17: Faturamento (Vendas) | B17: =B4 -> 6502.5 | C17: =C4 -> 0 | D17: =D4 -> 0 | E17: =E4 -> 6502.5
A18: BC CSLL Aliq 12% ( Vendas) | B18: =12%*B17 -> 780.3 | C18: =12%*C17 -> 0 | D18: =12%*D17 -> 0 | E18: =12%*E17 -> 780.3
A19: CSLL 9% (Vendas) | B19: =9%*B18 -> 70.227 | C19: =9%*C18 -> 0 | D19: =9%*D18 -> 0 | E19: =9%*E18 -> 70.227
A20: CSLL a Pagar (vendas) | B20: =B19 -> 70.227 | C20: =C19 -> 0 | D20: =D19 -> 0 | E20: =E19 -> 70.227
A21: Faturamento (Serviços) | B21: =B11 -> 0 | C21: =C11 -> 0 | D21: =D11 -> 0 | E21: =E11 -> 0
A22: BC CSLL Aliq 32% ( Vendas) | B22: =32%*B21 -> 0 | C22: =32%*C21 -> 0 | D22: =32%*D21 -> 0 | E22: =32%*E21 -> 0
A23: CSLL 9% (Vendas) | B23: =9%*B22 -> 0 | C23: =9%*C22 -> 0 | D23: =9%*D22 -> 0 | E23: =9%*E22 -> 0
A24: CSLL Total (Serv + Vendas) | B24: =B20+B23 -> 70.227 | C24: =C20+C23 -> 0 | D24: =D20+D23 -> 0 | E24: =B24+C24+D24 -> 70.227

Sheet PIS E COFINS
A1: empresa
A2: cnpj
A3: APURAÇÃO PIS/ COFINS 2017
A4: MESES | B4: FATURAMENTO | C4: PIS | D4: COFINS
A5: JANEIRO | C5: =0.65%*B5 -> 0 | D5: =3%*B5 -> 0
A6: FEVEREIRO | B6: 4462.5 | C6: =0.65%*B6 -> 29.00625 | D6: =3%*B6 -> 133.875
A7: MARCO | B7: 16447.5 | C7: =0.65%*B7 -> 106.90875 | D7: =3%*B7 -> 493.425
A8: ABRIL | B8: 12487.5 | C8: =0.65%*B8 -> 81.16875 | D8: =3%*B8 -> 374.625
A9: MAIO | B9: 15675 | C9: =0.65%*B9 -> 101.8875 | D9: =3%*B9 -> 470.25
A10: JUNHO | B10: 15675 | C10: =0.65%*B10 -> 101.8875 | D10: =3%*B10 -> 470.25
A11: JULHO | B11: 15127.5 | C11: =0.65%*B11 -> 98.32875 | D11: =3%*B11 -> 453.825
A12: AGOSTO | B12: 17460 | C12: =0.65%*B12 -> 113.49 | D12: =3%*B12 -> 523.8
A13: SETEMBRO | B13: 14512.5 | C13: =0.65%*B13 -> 94.33125 | D13: =3%*B13 -> 435.375
A14: OUTUBRO | B14: 6502.5 | C14: =0.65%*B14 -> 42.26625 | D14: =3%*B14 -> 195.075
A15: NOVEMBRO | C15: =0.65%*B15 -> 0 | D15: =3%*B15 -> 0
A16: DEZEMBRO | C16: =0.65*B16 -> 0 | D16: =3%*B16 -> 0
B17: =SUM(B5:B16) -> 118350 | C17: =SUM(C5:C16) -> 769.275 | D17: =SUM(D5:D16) -> 3550.5
