Workbook
Name LISTACUSTOS: #N/A
Name LISTAREC: #N/A
Name PERIODICIDADE: #N/A

Sheet Validação de Dados - Abertura
B4: Receita Média Mensal (últimos 12 meses): | C4: 15000 | E4: Tabela de Tributos no Lucro Presumido
B5: Pro-Labore Calculado com 28%: | C5: =C4*28% -> 4200 | E5: ISS | F5: 0.05
E6: PIS | F6: 0.0065
B7: Lucro Presumido | C7: =C4*F11 -> 2449.5 | E7: COFINS | F7: 0.03
B8: Simples Anexo V | C8: =Anexos!I28 -> 2325 | E8: CSLL | F8: =32%*9% -> 0.0288
B9: DAS Anexo III | C9: =Anexos!I15 -> 900 | E9: IR | F9: =32%*15% -> 0.048
B10: INSS | C10: =IF(C5*11%>F13,F13,C5*11%) -> 462 | E10: IR - adicional | F10: =(IF((((C4*32%)-20000)*10%)<0,0,(((C4*32%)-20000)*10%)))/C4 -> 0
B11: IRPF | C11: =IF((VLOOKUP(C5-C10,$F$16:$H$20,2,TRUE))*((C5-C10)-(#REF!*F21))-VLOOKUP(C5-C10,$F$16:$H$20,3,TRUE)<0,0,(VLOOKUP(C5-C10,$F$16:$H$20,2,TRUE))*((C5-C10)-(#REF!*F21))-VLOOKUP(C5-C10,$F$16:$H$20,3,TRUE)) -> #REF! | E11: Total | F11: =SUM(F5:F10) -> 0.1633
B12: Total Simples Anexo III com Fator r | C12: =SUM(C9:C11) -> #REF!
E13: Teto INSS | F13: 621.04
B14: Anexo III c fator r comparado com Anexo V | C14: =C12-C8 -> #REF!
B15: Anexo III c fator r comparado com Presumido | C15: =C12-C7 -> #REF! | E15: Base de Cálculo (R$) | G15: Alíquota (%) | H15: Parcela a Deduzir (R$)
E16: Até 1.903,98 | F16: 0 | G16: 0 | H16: 0
E17: De 1.903,99 até 2.826,65 | F17: 1903.98 | G17: 0.075 | H17: 142.8
E18: De 2.826,66 até 3.751,05 | F18: 2826.66 | G18: 0.15 | H18: 354.8
E19: De 3.751,06 até 4.664,68 | F19: 3751.06 | G19: 0.225 | H19: 636.13
E20: Acima de 4.664,68 | F20: 4664.68 | G20: 0.275 | H20: 869.36
E21: Dedução por dependente: | F21: 189.59

Sheet Anexos
C4: Anexo III - Serviços não especializados
B5: Receita Bruta em 12 Meses (em R$) | D5: Apoio | E5: Alíquota | F5: Valor a Deduzir (em R$) | H5: RBT12 | I5: ='Validação de Dados - Abertura'!C4*12 -> 180000
B6: 1a Faixa | C6: Até 180.000,00 | D6: 0 | E6: 0.06 | F6: 0 | H6: Alíquota | I6: =VLOOKUP($I5,$D$6:$E$12,2,TRUE) -> 0.06
B7: 2a Faixa | C7: De 180.000,01 a 360.000,00 | D7: 180000.01 | E7: 0.112 | F7: 9360 | H7: Imposto | I7: =I5*I6 -> 10800
B8: 3a Faixa | C8: De 360.000,01 a 720.000,00 | D8: 360000.01 | E8: 0.135 | F8: 17640 | H8: Parcela a deduzir | I8: =VLOOKUP($I5,$D$6:$F$12,3,TRUE) -> 0
B9: 4a Faixa | C9: De 720.000,01 a 1.800.000,00 | D9: 720000.01 | E9: 0.16 | F9: 35640 | H9: Imposto | I9: =I7-I8 -> 10800
B10: 5a Faixa | C10: De 1.800.000,01 a 3.600.000,00 | D10: 1800000 | E10: 0.21 | F10: 125640
B11: 6a Faixa | C11: De 3.600.000,01 a 4.800.000,00 | D11: 3600000 | E11: 0.33 | F11: 648000 | H11: Alíquota efetiva | I11: =I9/I5 -> 0.06
D12: 4800000 | E12: ESTOUROU O LIMITE DO SIMPLES NACIONAL
H13: Faturamento do mês | I13: ='Validação de Dados - Abertura'!C4 -> 15000
H15: Guia DAS | I15: =I13*I11 -> 900
C17: Anexo V - Demais serviços
B18: Receita Bruta em 12 Meses (em R$) | D18: Apoio | E18: Alíquota | F18: Valor a Deduzir (em R$) | H18: RBT12 | I18: ='Validação de Dados - Abertura'!C4*12 -> 180000
B19: 1a Faixa | C19: Até 180.000,00 | D19: 0 | E19: 0.155 | F19: 0 | H19: Alíquota | I19: =VLOOKUP($I18,$D$19:$E$25,2,TRUE) -> 0.155
B20: 2a Faixa | C20: De 180.000,01 a 360.000,00 | D20: 180000.01 | E20: 0.18 | F20: 4500 | H20: Imposto | I20: =I18*I19 -> 27900
B21: 3a Faixa | C21: De 360.000,01 a 720.000,00 | D21: 360000.01 | E21: 0.195 | F21: 9900 | H21: Parcela a deduzir | I21: =VLOOKUP($I18,$D$19:$F$25,3,TRUE) -> 0
B22: 4a Faixa | C22: De 720.000,01 a 1.800.000,00 | D22: 720000.01 | E22: 0.205 | F22: 17100 | H22: Imposto | I22: =I20-I21 -> 27900
B23: 5a Faixa | C23: De 1.800.000,01 a 3.600.000,00 | D23: 1800000 | E23: 0.23 | F23: 62100
B24: 6a Faixa | C24: De 3.600.000,01 a 4.800.000,00 | D24: 3600000 | E24: 0.305 | F24: 540000 | H24: Alíquota efetiva | I24: =I22/I18 -> 0.155
D25: 4800000 | E25: ESTOUROU O LIMITE DO SIMPLES NACIONAL
H26: Faturamento do mês | I26: ='Validação de Dados - Abertura'!C4 -> 15000
H28: Guia DAS | I28: =I26*I24 -> 2325
