Workbook
Name Funcionario: OFFSET(#REF!,0,0,COUNTA(#REF!),1)
Name Local: OFFSET('PLA10'!#REF!,0,0,COUNTA('PLA10'!#REF!),1)
Name Local: OFFSET('PLA11'!#REF!,0,0,COUNTA('PLA11'!#REF!),1)
Name Local: OFFSET('PLA12'!#REF!,0,0,COUNTA('PLA12'!#REF!),1)
Name Local: OFFSET('PLA2'!$C$6,0,0,COUNTA('PLA2'!$C$6:$C$10),1)
Name Local: OFFSET('PLA3'!#REF!,0,0,COUNTA('PLA3'!$C$6:$C$9),1)
Name Local: OFFSET('PLA4'!#REF!,0,0,COUNTA('PLA4'!#REF!),1)
Name Local: OFFSET('PLA5'!#REF!,0,0,COUNTA('PLA5'!#REF!),1)
Name Local: OFFSET('PLA6'!#REF!,0,0,COUNTA('PLA6'!#REF!),1)
Name Local: OFFSET('PLA7'!#REF!,0,0,COUNTA('PLA7'!#REF!),1)
Name Local: OFFSET('PLA8'!#REF!,0,0,COUNTA('PLA8'!#REF!),1)
Name Local: OFFSET('PLA9'!#REF!,0,0,COUNTA('PLA9'!#REF!),1)
Name Local: OFFSET('PLA1'!$C$5,0,0,COUNTA('PLA1'!$C$5:$C$10),1)
Name TIPO: OFFSET(#REF!,0,0,COUNTA(#REF!),1)

Sheet PLA1
A5: 1 | C5: Nome | D5: Fernando de Souza
A6: 2 | C6: Telefone | D6: 51992254637
A7: 3 | C7: E-mail | D7: exemplo1@email.com
A8: 4 | C8: Endereço | D8: Rua exemplo xis, 65
A9: 5 | C9: Bairro | D9: Centro
A10: 6 | C10: CPF | D10: 3564785997

Sheet PLA2
C5: Imóvel Avaliado | D5: Imóvel 1
A6: 1 | C6: Tipo | D6: Urbano
A7: 2 | C7: Endereço | D7: Rua xis w, 64
A8: 3 | C8: Bairro | D8: Centro
A9: 4 | C9: Cidade | D9: Porto Alegre
A10: 5 | C10: Estado | D10: Rio Grande do Sul
C11: Área Total (em m²) | D11: 400
C12: Quantidade de Quartos | D12: 4
C13: Idade | D13: 2
C14: Finalidade do Parecer | D14: Venda

Sheet PLA3
C5: Corretor | D5: Luiz Antônio
A6: 2 | C6: Estado do CRECI | D6: Rio Grande do Sul
A7: 3 | C7: Número do CRECI | D7: 123.45
A8: 4 | C8: Ano de Habilitação | D8: 2018
A9: 5 | C9: Número do PTAM | D9: 309
C10: Telefone | D10: 51992254637
C11: E-mail | D11: email@email.com

Sheet PLA4
C5: Data da Vistoria | D5: 43262
C6: Estado de Conservação | D6: Perfeito estado
C7: Taxa de Condomínio | D7: 600
C8: Taxas Extras em Média | D8: 50
C9: IPTU | D9: 1500
C10: Ocupação | D10: Vazio
C11: Descrição do Imóvel | D11: Descrição 1
C12: Oberervações | D12: Observações 1

Sheet PLA5
C5: Contexto Urbano da Cidade Avaliada | D5: Contexto
C6: Características da Região | D6: Características
C7: Análise da Vizinhança | D7: Analises

Sheet PLA6
C5: Metragem quadrada do imóvel avaliado (m²) | D5: ='PLA2'!D11 -> 400
C6: Valor médio do m2 no bairro analisado | D6: 1000
C7: Valor de Mercado Aproximado | D7: =D5*D6 -> 400000
C8: Valor Pedido | D8: 420000 | E8: =D8/D7 -> 1.05
C9: Status | D9: =IF(E8>105%,"Preço acima do valor de mercado",IF(E8<95%,"Preço abaixo do valor de mercado","Preço próximo do valor de mercado")) -> Preço próximo do valor de mercado

Sheet PLA7
C5: Imóveis | D5: Bairro | E5: Quartos | F5: Idade (anos) | G5: Estado de Conservação | H5: Área Total (m²) | I5: Valor Pedido R$ | J5: R$/M²
C6: ='PLA2'!D5 -> Imóvel 1 | D6: ='PLA2'!D8 -> Centro | E6: ='PLA2'!D12 -> 4 | F6: ='PLA2'!D13 -> 2 | G6: ='PLA4'!D6 -> Perfeito estado | H6: ='PLA2'!D11 -> 400 | I6: ='PLA6'!D8 -> 420000 | J6: =I6/H6 -> 1050
C7: Imóvel 2 | D7: Bairro 2 | E7: 2 | F7: 2 | G7: Reparos simples necessários | H7: 300 | I7: 900000 | J7: =I7/H7 -> 3000
C8: Imóvel 3 | D8: Bairro 3 | E8: 3 | F8: 3 | G8: Muitos reparos necessários | H8: 400 | I8: 800000 | J8: =I8/H8 -> 2000
C9: Imóvel 4 | D9: Bairro 4 | E9: 2 | F9: 2 | G9: Reforma completa necessária | H9: 300 | I9: 800000 | J9: =I9/H9 -> 2666.6667
C10: Imóvel 5 | D10: Bairro 5 | E10: 3 | F10: 4 | G10: Perfeito estado | H10: 300 | I10: 800000 | J10: =I10/H10 -> 2666.6667
C11: Imóvel 6 | D11: Bairro 6 | E11: 2 | F11: 3 | G11: Reparos simples necessários | H11: 300 | I11: 700000 | J11: =I11/H11 -> 2333.3333
C12: Imóvel 7 | D12: Bairro 1 | E12: 3 | F12: 4 | G12: Muitos reparos necessários | H12: 400 | I12: 850000 | J12: =I12/H12 -> 2125
C13: Imóvel 8 | D13: Bairro 2 | E13: 2 | F13: 3 | G13: Reforma completa necessária | H13: 300 | I13: 800000 | J13: =I13/H13 -> 2666.6667
C14: Imóvel 9 | D14: Bairro 3 | E14: 3 | F14: 4 | G14: Perfeito estado | H14: 300 | I14: 800000 | J14: =I14/H14 -> 2666.6667
C15: Imóvel 10 | D15: Bairro 4 | E15: 2 | F15: 3 | G15: Reparos simples necessários | H15: 300 | I15: 800000 | J15: =I15/H15 -> 2666.6667
C16: Imóvel 11 | D16: Bairro 5 | E16: 3 | F16: 4 | G16: Muitos reparos necessários | H16: 300 | I16: 800000 | J16: =I16/H16 -> 2666.6667
C17: Imóvel 12 | D17: Bairro 6 | E17: 1 | F17: 5 | G17: Reforma completa necessária | H17: 200 | I17: 400000 | J17: =I17/H17 -> 2000
C18: Imóvel 13 | D18: Bairro 1 | E18: 2 | F18: 1 | G18: Perfeito estado | H18: 300 | I18: 800000 | J18: =I18/H18 -> 2666.6667
... C25: Imóvel 20 | D25: Bairro 6 | E25: 2 | F25: 1 | G25: Perfeito estado | H25: 300 | I25: 800000 | J25: =I25/H25 -> 2666.6667

Sheet PLA8
C5: PARECER TÉCNICO DE AVALIAÇÃO MERCADOLÓGICA
C6: IMÓVEL PARA VENDA E LOCAÇÃO
C7: DE ACORDO COM A NORMA ABNT NBR Nº 14.653 E LEI Nº 6.530/78
C9: ="A/C do(a) Sr(a). "&'PLA1'!D5 -> A/C do(a) Sr(a). Fernando de Souza
C10: Prezado,
C12: ="Eu, "&'PLA3'!D5&", corretor de imóveis credenciado pelo CRECI nº "&'PLA3'!D7&", venho por meio deste e atendo a sua solicitação, entregar o PTAM "&'PLA3'!D9&"." -> Eu, Luiz Antônio, corretor de imóveis credenciado pelo CRECI nº 123.45, venho por meio deste e atendo a sua solicitação, entregar o PTAM 309.
C14: ="Conforme solicitado por Vs. Sra., o presente Parecer Técnico tempor objetivo, determinar o valor de mercado para VENDA ou LOCAÇÃO do imóvel situado em "&'PLA2'!D7&". Localizado no "&'PLA2'!D8&" - "&'PLA2'!D9&"/"&'PLA2'!D10&", de propriedade de "&'PLA1'!D5&"." -> Conforme solicitado por Vs. Sra., o presente Parecer Técnico tempor objetivo, determinar o valor de mercado para VENDA ou LOCAÇÃO do imóvel situado em Rua xis w, 64. Localizado no Centro - Porto Alegre/Rio Grande do Sul, de propriedade de Fernando de Souza.
C16: ="O imóvel teve uma pedida de preço de R$"&'PLA6'!D8&" e possui um valor de mercado aproximado de R$"&'PLA6'!D7&". Isso se deve às suas dimensões de "&'PLA6'!D5&" metros quadrados e ao valor médio do metro quadrado no bairro analisado ("&'PLA2'!D8&"), que é de R$"&'PLA6'!D6&"." -> O imóvel teve uma pedida de preço de R$420000 e possui um valor de mercado aproximado de R$400000. Isso se deve às suas dimensões de 400 metros quadrados e ao valor médio do metro quadrado no bairro analisado (Centro), que é de R$1000.
C18: ="O valor pedido possui "&'PLA6'!D9&" possuindo uma diferença de "&(1-ROUND('PLA6'!D7/'PLA6'!D8,2))*100&"%" -> O valor pedido possui Preço próximo do valor de mercado possuindo uma diferença de 5%
C19: Agradecido pela confiança demonstrada, me coloco à disposição para dirimir quaisquer dúvidas e para realizar outras avaliações de imóveis que se façam necessárias.
C21: =TODAY() -> 44496
C23: Atenciosamente
C26: ='PLA3'!D5 -> Luiz Antônio
C27: ="CRECI "&'PLA3'!D7 -> CRECI 123.45

Sheet PLA9

Sheet PLA10

Sheet PLA11

Sheet PLA12
C5: Valor pedido pelo Imóvel | F5: Valor de Mercado | I5: Status | L5: Valor Médio de outros Imóveis
C6: ='PLA6'!D8 -> 420000 | D6: =SUM(IFERROR(1/COUNTIF(#REF!,#REF!),0)) -> 0 | F6: ='PLA6'!D7 -> 400000 | I6: ='PLA6'!D9 -> Preço próximo do valor de mercado | L6: =AVERAGE('PLA7'!I6:I25) -> 758500
C8: Valor pedido x Valor de Mercado | F8: Valor pedido x Valor Médio | J8: Valor de Mercado x Valor Médio

Sheet INI
C5: PLANILHA DE AVALIAÇÃO DE IMÓVEIS (PTAM) 4.0
C6: IMPORTANTE: SIGA O PASSO A PASSO DE PREENCHIMENTO
C8: Passo 1 | D8: INFORMAÇÕES GERAIS | E8: Nesta aba deverão ser cadastradas informações gerais do imóvel avaliado.
C10: Passo 2 | D10: AVALIAÇÃO | E10: Lançar nesta aba as informações referente a vistorias e contexto da avaliação.
C12: Passo 3 | D12: PESQUISA DE MERCADO | E12: Resumo com uma pesquisa de mercado.
C14: Passo 4 | D14: PTAM | E14: Parecer Técnico para impressão.
C16: Passo 5 | D16: REGISTROS | E16: Aqui serão mostrados mapa, planta e fotos do imóvel avaliado.
C18: Passo 5 | D18: DASHBOARD | E18: Visão geral e gráficos sobre o imóvel avaliado.

Sheet DUV
C5: 1. Como desbloquear as abas da planilha? | E5: 4. Como redimensiono uma coluna ou linha da planilha?
C6: Vá na guia superior REVISÃO e, dentro do grupo de alterações escolha a opção DESPROTEGER PLANILHA. As planilhas não possuem senhas, o bloqueio erve apenas para melhorar seu uso. Veja mais aqui - ajuda.luz.vc/article/100-como-desproteger-uma-planilha-da-luz | E6: Com a planilha desbloqueada(ver pergunta 1), clique sobre o número da linha com o botão diretiro e escolha a opção altura da linha no caso das linhas ou na letra da coluna com o botão direito e escolha a opção largura da coluna no caso de colunas.
C8: 2. Como inserir a logo da minha empresa? | E8: 5. Como faço para usar as listas de seleção dos dashboards no Mac?
C9: Com a aba desbloqueada, vá na guia INSERIR e, dentro do grupo ILUSTRAÇÕES escolha a opção IMAGENS. Basta selecionar o arquivo com a sua logo, posicionar e redimensionar como quiser. Veja mais nesse link - ajuda.luz.vc/article/91-como-retirar-ou-mudar-a-logo-de-sua-planilha | E9: Para usar a qualquer lista em uma caixa de combinação (caixa para seleção dos meses ou do plano de contas) no Excel para Mac, basta clicar e pressionar na caixa, escolher o item desejado e soltar o botão. Se você tentar dar apenas um clique, a lista não funcionará.
C11: 3. Como adicionar mais linhas nos lançamentos? | E11: 6. Como mudo a moeda da planilha?
C12: Recomendamos que você utilize apenas a ESTRUTURA ATUAL, já que diversas fórmulas estão vinculadas aos intervalos já criadosmos. Se precisar fazer alterações, recomendo que veja detalhes nesse link - http://ajuda.luz.vc/article/101-como-adicionar-mais-linhas-nos-lancamentos-da-planilha-de-fluxo-de-caixa | E12: Selecione os campos que deseja mudar a moeda. Clique com o botão direito escolha a opção FORMATAR CÉLULAS. Altere o símbolo para o formato que desejar na guia NÚMERO. Veja mais nesse link - http://blog.luz.vc/excel/como-transformar-valores-excel-de-real-para-dolar-euro-ou-kwanza/

Sheet SUG
C5: 1 | D5: Planilha de Plano de Negócios
C7: 2 | D7: Planilha de Estudo de Viabilidade Econômica
C9: 3 | D9: Planilha de Análise SWOT
C11: 4 | D11: Pacote com 9 Planilhas Financeiras | H11: PLANILHAS LUZ
C13: 5 | D13: Planilha de Planejamento Estratégico

Sheet LUZ
C5: A LUZ é uma empresa especializada no desenvolvimento de produtos digitais para empresas. Desde 2005 ajudamos empresários e gestores a vencer seus desafios em suas respectivas áreas de trabalho. Conheça um pouco mais da LUZ e descubra como podemos ajudar!
