Workbook
Name ´´INDICE_IPCA: COMPARATIVO!$A$1
Name CADASTRO: #REF!
Name CATEGORIA2: [1]B_DADOS!$D$6:$D$12
Name COMPARATIVO: [2]COMPARATIVO!#REF!
Name DASHBOARD: #REF!
Name Data: OFFSET(#REF!,0,0,COUNT(#REF!),1)
Name DEPARTAMENTO2: [1]B_DADOS!$J$6:$J$11
Name Empresa: OFFSET('[4]Base de dados'!$I$2,0,0,COUNTA('[4]Base de dados'!$I:$I)-1,1)
Name Empresas: OFFSET('[5]Cadastro de empresas'!$A$2,0,0,COUNTA('[5]Cadastro de empresas'!$A:$A)-1,1)
Name ESTADO_CONSERVAÇÃO2: [1]B_DADOS!$L$6:$L$10
Name FrasesComplementares: OFFSET('[5]Frases complementares'!$A$2,0,0,COUNTA('[5]Frases complementares'!$A:$A)-1,1)
Name FrasesPerigo: OFFSET('[5]Frases de perigo'!$A$2,0,0,COUNTA('[5]Frases de perigo'!$A:$A)-1,1)
Name FrasesPrecaucao: OFFSET('[5]Frases de precaução'!$A$2,0,0,COUNTA('[5]Frases de precaução'!$A:$A)-1,1)
Name GRUPO_PATRIMONIAL2: [1]B_DADOS!$F$6:$F$11
Name ÍNDICE_INPC: ÍNDICE_INPC!$A$1
Name INDICE_IPCA: COMPARATIVO!$A$1
Name INSTRUÇÕES: INSTRUÇÕES!$A$1
Name INVENTÁRO: [1]INVENTÁRIO!#REF!
Name Matricula: OFFSET(#REF!,0,0,COUNTA(#REF!)-2,1)
Name Matriculas: #REF!
Name MENU: MENU!$A$1
Name MOVIMENTO2: [1]B_DADOS!$N$6:$N$8
Name Pictograma1: INDEX([5]Pictogramas!$B:$B,MATCH([5]Cálculos!$B$1,[5]Pictogramas!$A:$A,0))
Name Pictograma2: INDEX([5]Pictogramas!$B:$B,MATCH([5]Cálculos!$B$2,[5]Pictogramas!$A:$A,0))
Name Pictograma3: INDEX([5]Pictogramas!$B:$B,MATCH([5]Cálculos!$B$3,[5]Pictogramas!$A:$A,0))
Name Pictograma4: INDEX([5]Pictogramas!$B:$B,MATCH([5]Cálculos!$B$4,[5]Pictogramas!$A:$A,0))
Name Pictogramas: OFFSET([5]Pictogramas!$A$2,0,0,COUNTA([5]Pictogramas!$A:$A)-1,1)
Name Referencia: OFFSET(#REF!,0,0,COUNTA(#REF!)-2,1)
Name RELATÓRIO: #REF!
Name TAXA_INPC: ÍNDICE_INPC!$A$1
Name TIPOS_IMPOSTOS: #REF!

Sheet MENU

Sheet INSTRUÇÕES
D6: LANÇAMETO
D34: COMPARATIVO
D41: BASE DE DADOS

Sheet ÍNDICE_INPC
A7: Coluna1 | B7: DATA | C7: SALDO ANTERIOR | D7: ÍNDICE INPC | E7: CORREÇÃO | F7: SALDO CORRIGIDO | G7: JUROS REM 3% a.a | H7: SUBTOTAL | I7: SAQUES | J7: DEPÓSITOS | K7: SALDO NO MÊS
B8: 36130 | C8: 360 | D8: 0.0042 | E8: - | F8: - | G8: - | H8: - | I8: - | J8: - | K8: =C8 -> 360
A9: 0.00246627 | B9: 36161 | C9: =K8 -> 360 | D9: 0.0065 | E9: =ROUNDDOWN(D9*C9,3) -> 2.34 | F9: =E9+C9 -> 362.34 | G9: =F9*$A$9 -> 0.89362827 | H9: =G9+F9 -> 363.23363 | I9: 0 | J9: 2.5 | K9: =H9-I9+J9 -> 365.73363
B10: 36192 | C10: =K9 -> 365.73363 | D10: 0.0129 | E10: =ROUNDDOWN(D10*C10,3) -> 4.717 | F10: =E10+C10 -> 370.45063 | G10: =F10*$A$9 -> 0.91363127 | H10: =G10+F10 -> 371.36426 | I10: 0 | J10: 0 | K10: =H10-I10+J10 -> 371.36426
B11: 36220 | C11: =K10 -> 371.36426 | D11: 0.0128 | E11: =ROUNDDOWN(D11*C11,3) -> 4.753 | F11: =E11+C11 -> 376.11726 | G11: =F11*$A$9 -> 0.92760671 | H11: =G11+F11 -> 377.04487 | I11: 0 | J11: 0 | K11: =H11-I11+J11 -> 377.04487
B12: 36251 | C12: =K11 -> 377.04487 | D12: 0.0047 | E12: =ROUNDDOWN(D12*C12,3) -> 1.772 | F12: =E12+C12 -> 378.81687 | G12: =F12*$A$9 -> 0.93426467 | H12: =G12+F12 -> 379.75113 | I12: 0 | J12: 0 | K12: =H12-I12+J12 -> 379.75113
B13: 36281 | C13: =K12 -> 379.75113 | D13: 0.0005 | E13: =ROUNDDOWN(D13*C13,3) -> 0.189 | F13: =E13+C13 -> 379.94013 | G13: =F13*$A$9 -> 0.93703495 | H13: =G13+F13 -> 380.87717 | I13: 0 | J13: 0 | K13: =H13-I13+J13 -> 380.87717
B14: 36312 | C14: =K13 -> 380.87717 | D14: 0.0007 | E14: =ROUNDDOWN(D14*C14,3) -> 0.266 | F14: =E14+C14 -> 381.14317 | G14: =F14*$A$9 -> 0.94000196 | H14: =G14+F14 -> 382.08317 | I14: 0 | J14: 0 | K14: =H14-I14+J14 -> 382.08317
B15: 36342 | C15: =K14 -> 382.08317 | D15: 0.0074 | E15: =ROUNDDOWN(D15*C15,3) -> 2.827 | F15: =E15+C15 -> 384.91017 | G15: =F15*$A$9 -> 0.9492924 | H15: =G15+F15 -> 385.85946 | I15: 0 | J15: 3.8 | K15: =H15-I15+J15 -> 389.65946
B16: 36373 | C16: =K15 -> 389.65946 | D16: 0.0055 | E16: =ROUNDDOWN(D16*C16,3) -> 2.143 | F16: =E16+C16 -> 391.80246 | G16: =F16*$A$9 -> 0.96629065 | H16: =G16+F16 -> 392.76875 | I16: 0 | J16: 0 | K16: =H16-I16+J16 -> 392.76875
B17: 36404 | C17: =K16 -> 392.76875 | D17: 0.0039 | E17: =ROUNDDOWN(D17*C17,3) -> 1.531 | F17: =E17+C17 -> 394.29975 | G17: =F17*$A$9 -> 0.97244965 | H17: =G17+F17 -> 395.2722 | I17: 0 | J17: 0 | K17: =H17-I17+J17 -> 395.2722
B18: 36434 | C18: =K17 -> 395.2722 | D18: 0.0096 | E18: =ROUNDDOWN(D18*C18,3) -> 3.794 | F18: =E18+C18 -> 399.0662 | G18: =F18*$A$9 -> 0.984205 | H18: =G18+F18 -> 400.05041 | I18: 0 | J18: 0 | K18: =H18-I18+J18 -> 400.05041
B19: 36465 | C19: =K18 -> 400.05041 | D19: 0.0094 | E19: =ROUNDDOWN(D19*C19,3) -> 3.76 | F19: =E19+C19 -> 403.81041 | G19: =F19*$A$9 -> 0.99590549 | H19: =G19+F19 -> 404.80631 | I19: 0 | J19: 0 | K19: =H19-I19+J19 -> 404.80631
B20: 36495 | C20: =K19 -> 404.80631 | D20: 0.0074 | E20: =ROUNDDOWN(D20*C20,3) -> 2.995 | F20: =E20+C20 -> 407.80131 | G20: =F20*$A$9 -> 1.0057481 | H20: =G20+F20 -> 408.80706 | I20: 0 | J20: 0 | K20: =H20-I20+J20 -> 408.80706
B21: 36526 | C21: =K20 -> 408.80706 | D21: 0.0061 | E21: =ROUNDDOWN(D21*C21,3) -> 2.493 | F21: =E21+C21 -> 411.30006 | G21: =F21*$A$9 -> 1.014377 | H21: =G21+F21 -> 412.31444 | I21: 0 | J21: 0 | K21: =H21-I21+J21 -> 412.31444
... B276: 44287 | C276: =K275 -> 1493.4889 | D276: 0.0038 | E276: =ROUNDDOWN(D276*C276,3) -> 5.675 | F276: =E276+C276 -> 1499.1639 | G276: =F276*$A$9 -> 3.697343 | H276: =G276+F276 -> 1502.8613 | I276: 0 | J276: 0 | K276: =H276-I276+J276 -> 1502.8613

Sheet COMPARATIVO
M6: COMPARATIVO
B8: DATA | C8: SALDO ANTERIOR | D8: ÍNDICE IPCA | E8: CORREÇÃO | F8: SALDO CORRIGIDO | G8: JUROS REM 3% a.a | H8: SUBTOTAL | I8: SAQUES | J8: DEPÓSITOS | K8: SALDO NO MÊS PELO IPCA | M8: SALDO NO MÊS PELO IPCA | N8: SALDO NO MÊS PELO INPC
B9: 36130 | C9: =ÍNDICE_INPC!C8 -> 360 | D9: 0.0033 | E9: - | F9: - | G9: - | H9: - | I9: - | J9: - | K9: =C9 -> 360 | M9: =K9 -> 360 | N9: =ÍNDICE_INPC!K8 -> 360
A10: 0.00246627 | B10: 36161 | C10: =K9 -> 360 | D10: 0.007 | E10: =ROUNDDOWN(D10*C10,2) -> 2.52 | F10: =E10+C10 -> 362.52 | G10: =F10*$A$10 -> 0.8940722 | H10: =G10+F10 -> 363.41407 | I10: =ÍNDICE_INPC!I9 -> 0 | J10: =ÍNDICE_INPC!J9 -> 2.5 | K10: =H10-I10+J10 -> 365.91407 | M10: =K10 -> 365.91407 | N10: =ÍNDICE_INPC!K9 -> 365.73363
B11: 36192 | C11: =K10 -> 365.91407 | D11: 0.0105 | E11: =ROUNDDOWN(D11*C11,2) -> 3.84 | F11: =E11+C11 -> 369.75407 | G11: =F11*$A$10 -> 0.91191338 | H11: =G11+F11 -> 370.66599 | I11: =ÍNDICE_INPC!I10 -> 0 | J11: =ÍNDICE_INPC!J10 -> 0 | K11: =H11-I11+J11 -> 370.66599 | M11: =K11 -> 370.66599 | N11: =ÍNDICE_INPC!K10 -> 371.36426
B12: 36220 | C12: =K11 -> 370.66599 | D12: 0.011 | E12: =ROUNDDOWN(D12*C12,2) -> 4.07 | F12: =E12+C12 -> 374.73599 | G12: =F12*$A$10 -> 0.92420012 | H12: =G12+F12 -> 375.66019 | I12: =ÍNDICE_INPC!I11 -> 0 | J12: =ÍNDICE_INPC!J11 -> 0 | K12: =H12-I12+J12 -> 375.66019 | M12: =K12 -> 375.66019 | N12: =ÍNDICE_INPC!K11 -> 377.04487
B13: 36251 | C13: =K12 -> 375.66019 | D13: 0.0056 | E13: =ROUNDDOWN(D13*C13,2) -> 2.1 | F13: =E13+C13 -> 377.76019 | G13: =F13*$A$10 -> 0.93165861 | H13: =G13+F13 -> 378.69184 | I13: =ÍNDICE_INPC!I12 -> 0 | J13: =ÍNDICE_INPC!J12 -> 0 | K13: =H13-I13+J13 -> 378.69184 | M13: =K13 -> 378.69184 | N13: =ÍNDICE_INPC!K12 -> 379.75113
B14: 36281 | C14: =K13 -> 378.69184 | D14: 0.003 | E14: =ROUNDDOWN(D14*C14,2) -> 1.13 | F14: =E14+C14 -> 379.82184 | G14: =F14*$A$10 -> 0.93674322 | H14: =G14+F14 -> 380.75859 | I14: =ÍNDICE_INPC!I13 -> 0 | J14: =ÍNDICE_INPC!J13 -> 0 | K14: =H14-I14+J14 -> 380.75859 | M14: =K14 -> 380.75859 | N14: =ÍNDICE_INPC!K13 -> 380.87717
B15: 36312 | C15: =K14 -> 380.75859 | D15: 0.0019 | E15: =ROUNDDOWN(D15*C15,2) -> 0.72 | F15: =E15+C15 -> 381.47859 | G15: =F15*$A$10 -> 0.9408292 | H15: =G15+F15 -> 382.41942 | I15: =ÍNDICE_INPC!I14 -> 0 | J15: =ÍNDICE_INPC!J14 -> 0 | K15: =H15-I15+J15 -> 382.41942 | M15: =K15 -> 382.41942 | N15: =ÍNDICE_INPC!K14 -> 382.08317
B16: 36342 | C16: =K15 -> 382.41942 | D16: 0.0109 | E16: =ROUNDDOWN(D16*C16,2) -> 4.16 | F16: =E16+C16 -> 386.57942 | G16: =F16*$A$10 -> 0.95340922 | H16: =G16+F16 -> 387.53283 | I16: =ÍNDICE_INPC!I15 -> 0 | J16: =ÍNDICE_INPC!J15 -> 3.8 | K16: =H16-I16+J16 -> 391.33283 | M16: =K16 -> 391.33283 | N16: =ÍNDICE_INPC!K15 -> 389.65946
B17: 36373 | C17: =K16 -> 391.33283 | D17: 0.0056 | E17: =ROUNDDOWN(D17*C17,2) -> 2.19 | F17: =E17+C17 -> 393.52283 | G17: =F17*$A$10 -> 0.97053354 | H17: =G17+F17 -> 394.49336 | I17: =ÍNDICE_INPC!I16 -> 0 | J17: =ÍNDICE_INPC!J16 -> 0 | K17: =H17-I17+J17 -> 394.49336 | M17: =K17 -> 394.49336 | N17: =ÍNDICE_INPC!K16 -> 392.76875
B18: 36404 | C18: =K17 -> 394.49336 | D18: 0.0031 | E18: =ROUNDDOWN(D18*C18,2) -> 1.22 | F18: =E18+C18 -> 395.71336 | G18: =F18*$A$10 -> 0.97593599 | H18: =G18+F18 -> 396.6893 | I18: =ÍNDICE_INPC!I17 -> 0 | J18: =ÍNDICE_INPC!J17 -> 0 | K18: =H18-I18+J18 -> 396.6893 | M18: =K18 -> 396.6893 | N18: =ÍNDICE_INPC!K17 -> 395.2722
B19: 36434 | C19: =K18 -> 396.6893 | D19: 0.0119 | E19: =ROUNDDOWN(D19*C19,2) -> 4.72 | F19: =E19+C19 -> 401.4093 | G19: =F19*$A$10 -> 0.9899837 | H19: =G19+F19 -> 402.39928 | I19: =ÍNDICE_INPC!I18 -> 0 | J19: =ÍNDICE_INPC!J18 -> 0 | K19: =H19-I19+J19 -> 402.39928 | M19: =K19 -> 402.39928 | N19: =ÍNDICE_INPC!K18 -> 400.05041
B20: 36465 | C20: =K19 -> 402.39928 | D20: 0.0095 | E20: =ROUNDDOWN(D20*C20,2) -> 3.82 | F20: =E20+C20 -> 406.21928 | G20: =F20*$A$10 -> 1.0018464 | H20: =G20+F20 -> 407.22113 | I20: =ÍNDICE_INPC!I19 -> 0 | J20: =ÍNDICE_INPC!J19 -> 0 | K20: =H20-I20+J20 -> 407.22113 | M20: =K20 -> 407.22113 | N20: =ÍNDICE_INPC!K19 -> 404.80631
B21: 36495 | C21: =K20 -> 407.22113 | D21: 0.006 | E21: =ROUNDDOWN(D21*C21,2) -> 2.44 | F21: =E21+C21 -> 409.66113 | G21: =F21*$A$10 -> 1.0103349 | H21: =G21+F21 -> 410.67146 | I21: =ÍNDICE_INPC!I20 -> 0 | J21: =ÍNDICE_INPC!J20 -> 0 | K21: =H21-I21+J21 -> 410.67146 | M21: =K21 -> 410.67146 | N21: =ÍNDICE_INPC!K20 -> 408.80706
B22: 36526 | C22: =K21 -> 410.67146 | D22: 0.0062 | E22: =ROUNDDOWN(D22*C22,2) -> 2.54 | F22: =E22+C22 -> 413.21146 | G22: =F22*$A$10 -> 1.019091 | H22: =G22+F22 -> 414.23055 | I22: =ÍNDICE_INPC!I21 -> 0 | J22: =ÍNDICE_INPC!J21 -> 0 | K22: =H22-I22+J22 -> 414.23055 | M22: =K22 -> 414.23055 | N22: =ÍNDICE_INPC!K21 -> 412.31444
... B206: 42125 | C206: =K205 -> 906.93954 | D206: 0.0074 | E206: =ROUNDDOWN(D206*C206,2) -> 6.71 | F206: =E206+C206 -> 913.64954 | G206: =F206*$A$10 -> 2.2533064 | H206: =G206+F206 -> 915.90284 | I206: =ÍNDICE_INPC!I205 -> 0 | J206: =ÍNDICE_INPC!J205 -> 0 | K206: =H206-I206+J206 -> 915.90284 | M206: =K206 -> 915.90284 | N206: =ÍNDICE_INPC!K205 -> 950.59714
B207: 42156 | C207: =K206 -> 915.90284 | D207: 0.0079 | E207: =ROUNDUP(D207*C207,2) -> 7.24 | F207: =E207+C207 -> 923.14284 | G207: =F207*$A$10 -> 2.2767195 | H207: =G207+F207 -> 925.41956 | I207: =ÍNDICE_INPC!I206 -> 0 | J207: =ÍNDICE_INPC!J206 -> 0 | K207: =H207-I207+J207 -> 925.41956 | M207: =K207 -> 925.41956 | N207: =ÍNDICE_INPC!K206 -> 960.27862
B208: 42186 | C208: =K207 -> 925.41956 | D208: 0.0062 | E208: =ROUNDDOWN(D208*C208,2) -> 5.73 | F208: =E208+C208 -> 931.14956 | G208: =F208*$A$10 -> 2.2964662 | H208: =G208+F208 -> 933.44603 | I208: =ÍNDICE_INPC!I207 -> 0 | J208: =ÍNDICE_INPC!J207 -> 0 | K208: =H208-I208+J208 -> 933.44603 | M208: =K208 -> 933.44603 | N208: =ÍNDICE_INPC!K207 -> 968.22966
B209: 42217 | C209: =K208 -> 933.44603 | D209: 0.0022 | E209: =ROUNDDOWN(D209*C209,2) -> 2.05 | F209: =E209+C209 -> 935.49603 | G209: =F209*$A$10 -> 2.3071858 | H209: =G209+F209 -> 937.80321 | I209: =ÍNDICE_INPC!I208 -> 0 | J209: =ÍNDICE_INPC!J208 -> 0 | K209: =H209-I209+J209 -> 937.80321 | M209: =K209 -> 937.80321 | N209: =ÍNDICE_INPC!K208 -> 973.04355
B210: 42248 | C210: =K209 -> 937.80321 | D210: 0.0054 | E210: =ROUNDDOWN(D210*C210,2) -> 5.06 | F210: =E210+C210 -> 942.86321 | G210: =F210*$A$10 -> 2.3253553 | H210: =G210+F210 -> 945.18857 | I210: =ÍNDICE_INPC!I209 -> 0 | J210: =ÍNDICE_INPC!J209 -> 0 | K210: =H210-I210+J210 -> 945.18857 | M210: =K210 -> 945.18857 | N210: =ÍNDICE_INPC!K209 -> 980.41757
B211: 42278 | C211: =K210 -> 945.18857 | D211: 0.0082 | E211: =ROUNDDOWN(D211*C211,2) -> 7.75 | F211: =E211+C211 -> 952.93857 | G211: =F211*$A$10 -> 2.3502038 | H211: =G211+F211 -> 955.28877 | I211: =ÍNDICE_INPC!I210 -> 0 | J211: =ÍNDICE_INPC!J210 -> 0 | K211: =H211-I211+J211 -> 955.28877 | M211: =K211 -> 955.28877 | N211: =ÍNDICE_INPC!K210 -> 990.40317
B212: 42309 | C212: =K211 -> 955.28877 | D212: 0.0101 | E212: =ROUNDDOWN(D212*C212,2) -> 9.64 | F212: =E212+C212 -> 964.92877 | G212: =F212*$A$10 -> 2.3797749 | H212: =G212+F212 -> 967.30855 | I212: =ÍNDICE_INPC!I211 -> 0 | J212: =ÍNDICE_INPC!J211 -> 0 | K212: =H212-I212+J212 -> 967.30855 | M212: =K212 -> 967.30855 | N212: =ÍNDICE_INPC!K211 -> 1003.8659
B213: 42339 | C213: =K212 -> 967.30855 | D213: 0.0096 | E213: =ROUNDDOWN(D213*C213,2) -> 9.28 | F213: =E213+C213 -> 976.58855 | G213: =F213*$A$10 -> 2.408531 | H213: =G213+F213 -> 978.99708 | I213: =ÍNDICE_INPC!I212 -> 0 | J213: =ÍNDICE_INPC!J212 -> 0 | K213: =H213-I213+J213 -> 978.99708 | M213: =K213 -> 978.99708 | N213: =ÍNDICE_INPC!K212 -> 1015.398
B214: 42370 | C214: =K213 -> 978.99708 | D214: 0.0127 | E214: =ROUNDDOWN(D214*C214,2) -> 12.43 | F214: =E214+C214 -> 991.42708 | G214: =F214*$A$10 -> 2.4451269 | H214: =G214+F214 -> 993.87221 | I214: =ÍNDICE_INPC!I213 -> 0 | J214: =ÍNDICE_INPC!J213 -> 0 | K214: =H214-I214+J214 -> 993.87221 | M214: =K214 -> 993.87221 | N214: =ÍNDICE_INPC!K213 -> 1033.272
B215: 42401 | C215: =K214 -> 993.87221 | D215: 0.009 | E215: =ROUNDDOWN(D215*C215,2) -> 8.94 | F215: =E215+C215 -> 1002.8122 | G215: =F215*$A$10 -> 2.4732057 | H215: =G215+F215 -> 1005.2854 | I215: =ÍNDICE_INPC!I214 -> 0 | J215: =ÍNDICE_INPC!J214 -> 0 | K215: =H215-I215+J215 -> 1005.2854 | M215: =K215 -> 1005.2854 | N215: =ÍNDICE_INPC!K214 -> 1045.6606
B216: 42430 | C216: =K215 -> 1005.2854 | D216: 0.0043 | E216: =ROUNDDOWN(D216*C216,2) -> 4.32 | F216: =E216+C216 -> 1009.6054 | G216: =F216*$A$10 -> 2.4899595 | H216: =G216+F216 -> 1012.0954 | I216: =ÍNDICE_INPC!I215 -> 0 | J216: =ÍNDICE_INPC!J215 -> 0 | K216: =H216-I216+J216 -> 1012.0954 | M216: =K216 -> 1012.0954 | N216: =ÍNDICE_INPC!K215 -> 1052.8508
B217: 42461 | C217: =K216 -> 1012.0954 | D217: 0.0061 | E217: =ROUNDDOWN(D217*C217,2) -> 6.17 | F217: =E217+C217 -> 1018.2654 | G217: =F217*$A$10 -> 2.5113173 | H217: =G217+F217 -> 1020.7767 | I217: =ÍNDICE_INPC!I216 -> 0 | J217: =ÍNDICE_INPC!J216 -> 0 | K217: =H217-I217+J217 -> 1020.7767 | M217: =K217 -> 1020.7767 | N217: =ÍNDICE_INPC!K216 -> 1062.202
B218: 42491 | C218: =K217 -> 1020.7767 | D218: 0.0078 | E218: =ROUNDDOWN(D218*C218,2) -> 7.96 | F218: =E218+C218 -> 1028.7367 | G218: =F218*$A$10 -> 2.5371424 | H218: =G218+F218 -> 1031.2738 | I218: =ÍNDICE_INPC!I217 -> 0 | J218: =ÍNDICE_INPC!J217 -> 0 | K218: =H218-I218+J218 -> 1031.2738 | M218: =K218 -> 1031.2738 | N218: =ÍNDICE_INPC!K217 -> 1075.2564
B219: 42522 | C219: =K218 -> 1031.2738 | D219: 0.0035 | E219: =ROUNDDOWN(D219*C219,2) -> 3.6 | F219: =E219+C219 -> 1034.8738 | G219: =F219*$A$10 -> 2.5522783 | H219: =G219+F219 -> 1037.4261 | I219: =ÍNDICE_INPC!I218 -> 0 | J219: =ÍNDICE_INPC!J218 -> 0 | K219: =H219-I219+J219 -> 1037.4261 | M219: =K219 -> 1037.4261 | N219: =ÍNDICE_INPC!K218 -> 1082.9737
... B277: 44287 | C277: =K276 -> 1438.3825 | D277: 0.0031 | E277: =ROUNDDOWN(D277*C277,2) -> 4.45 | F277: =E277+C277 -> 1442.8325 | G277: =F277*$A$10 -> 3.5584144 | H277: =G277+F277 -> 1446.3909 | I277: =ÍNDICE_INPC!I276 -> 0 | J277: =ÍNDICE_INPC!J276 -> 0 | K277: =H277-I277+J277 -> 1446.3909 | M277: =K277 -> 1446.3909 | N277: =ÍNDICE_INPC!K276 -> 1502.8613

Sheet TABELAS
C7: MESES | D7: ÍNDICE INPC | E7: ÍNDICE IPCA
C8: 36130 | D8: 0.0042 | E8: 0.0033
C9: 36161 | D9: 0.0065 | E9: 0.007
C10: 36192 | D10: 0.0129 | E10: 0.0105
C11: 36220 | D11: 0.0128 | E11: 0.011
C12: 36251 | D12: 0.0047 | E12: 0.0056
C13: 36281 | D13: 0.0005 | E13: 0.003
C14: 36312 | D14: 0.0007 | E14: 0.0019
C15: 36342 | D15: 0.0074 | E15: 0.0109
C16: 36373 | D16: 0.0055 | E16: 0.0056
C17: 36404 | D17: 0.0039 | E17: 0.0031
C18: 36434 | D18: 0.0096 | E18: 0.0119
C19: 36465 | D19: 0.0094 | E19: 0.0095
... C276: 44287 | D276: 0.0038 | E276: 0.0031

Sheet Sobre
