Workbook

Sheet Painel

Sheet Colaborador (1)
B4: AVALIADO (A):
F6: NOTA TOTAL: | J6: =SUM(F8:F28)/F29 -> #DIV/0!
C8: CRITÉRIO 1 | E8: LIDERANÇA | G8: 10 | H8: CRITÉRIO 2 | J8: COMPETÊNCIA 3 | L8: 10
E9: MOTIVAÇÃO | G9: 10 | J9: COMPETÊNCIA 4 | L9: 10
E10: FLEXIBILIDADE | G10: 10 | J10: COMPETÊNCIA 5 | L10: 10
E11: INICIATIVA | G11: 10 | J11: COMPETÊNCIA 6 | L11: 10
E12: COMUNICAÇÃO | G12: 10 | J12: COMPETÊNCIA 7 | L12: 10
E13: ORGANIZAÇÃO | G13: 10 | J13: COMPETÊNCIA 8 | L13: 10
E14: TRABALHO EM EQUIPE | G14: 10 | J14: COMPETÊNCIA 9 | L14: 10
E15: PONTUALIDADE | G15: 10 | J15: COMPETÊNCIA 10 | L15: 10
E16: COMPETÊNCIA 1 | G16: 10 | J16: COMPETÊNCIA 11 | L16: 10
E17: COMPETÊNCIA 2 | G17: 10 | J17: COMPETÊNCIA 12 | L17: 10
E19: =J8 -> COMPETÊNCIA 3 | F19: =IF(K8=0,"Vazio",K8) -> Vazio | G19: 10
E20: =J9 -> COMPETÊNCIA 4 | F20: =IF(K9=0,"Vazio",K9) -> Vazio | G20: 10
E21: =J10 -> COMPETÊNCIA 5 | F21: =IF(K10=0,"Vazio",K10) -> Vazio | G21: 10
E22: =J11 -> COMPETÊNCIA 6 | F22: =IF(K11=0,"Vazio",K11) -> Vazio | G22: 10
E23: =J12 -> COMPETÊNCIA 7 | F23: =IF(K12=0,"Vazio",K12) -> Vazio | G23: 10
E24: =J13 -> COMPETÊNCIA 8 | F24: =IF(K13=0,"Vazio",K13) -> Vazio | G24: 10
E25: =J14 -> COMPETÊNCIA 9 | F25: =IF(K14=0,"Vazio",K14) -> Vazio | G25: 10
E26: =J15 -> COMPETÊNCIA 10 | F26: =IF(K15=0,"Vazio",K15) -> Vazio | G26: 10
E27: =J16 -> COMPETÊNCIA 11 | F27: =IF(K16=0,"Vazio",K16) -> Vazio | G27: 10
E28: =J17 -> COMPETÊNCIA 12 | F28: =IF(K17=0,"Vazio",K17) -> Vazio | G28: 10
F29: =COUNT(F8:F28)*10 -> 0

Sheet Colaborador (2)
E3: =E4 -> 0
B4: AVALIADO (A):
F6: NOTA TOTAL: | J6: =SUM(F8:F28)/F29 -> #DIV/0!
C8: CRITÉRIO 1 | E8: ='Colaborador (1)'!E8 -> LIDERANÇA | G8: 10 | H8: CRITÉRIO 2 | J8: ='Colaborador (1)'!J8 -> COMPETÊNCIA 3 | L8: 10
E9: ='Colaborador (1)'!E9 -> MOTIVAÇÃO | G9: 10 | J9: ='Colaborador (1)'!J9 -> COMPETÊNCIA 4 | L9: 10
E10: ='Colaborador (1)'!E10 -> FLEXIBILIDADE | G10: 10 | J10: ='Colaborador (1)'!J10 -> COMPETÊNCIA 5 | L10: 10
E11: ='Colaborador (1)'!E11 -> INICIATIVA | G11: 10 | J11: ='Colaborador (1)'!J11 -> COMPETÊNCIA 6 | L11: 10
E12: ='Colaborador (1)'!E12 -> COMUNICAÇÃO | G12: 10 | J12: ='Colaborador (1)'!J12 -> COMPETÊNCIA 7 | L12: 10
E13: ='Colaborador (1)'!E13 -> ORGANIZAÇÃO | G13: 10 | J13: ='Colaborador (1)'!J13 -> COMPETÊNCIA 8 | L13: 10
E14: ='Colaborador (1)'!E14 -> TRABALHO EM EQUIPE | G14: 10 | J14: ='Colaborador (1)'!J14 -> COMPETÊNCIA 9 | L14: 10
E15: ='Colaborador (1)'!E15 -> PONTUALIDADE | G15: 10 | J15: ='Colaborador (1)'!J15 -> COMPETÊNCIA 10 | L15: 10
E16: ='Colaborador (1)'!E16 -> COMPETÊNCIA 1 | G16: 10 | J16: ='Colaborador (1)'!J16 -> COMPETÊNCIA 11 | L16: 10
E17: ='Colaborador (1)'!E17 -> COMPETÊNCIA 2 | G17: 10 | J17: ='Colaborador (1)'!J17 -> COMPETÊNCIA 12 | L17: 10
E19: =J8 -> COMPETÊNCIA 3 | F19: =IF(K8=0,"Vazio",K8) -> Vazio | G19: 10
E20: =J9 -> COMPETÊNCIA 4 | F20: =IF(K9=0,"Vazio",K9) -> Vazio | G20: 10
E21: =J10 -> COMPETÊNCIA 5 | F21: =IF(K10=0,"Vazio",K10) -> Vazio | G21: 10
E22: =J11 -> COMPETÊNCIA 6 | F22: =IF(K11=0,"Vazio",K11) -> Vazio | G22: 10
E23: =J12 -> COMPETÊNCIA 7 | F23: =IF(K12=0,"Vazio",K12) -> Vazio | G23: 10
E24: =J13 -> COMPETÊNCIA 8 | F24: =IF(K13=0,"Vazio",K13) -> Vazio | G24: 10
E25: =J14 -> COMPETÊNCIA 9 | F25: =IF(K14=0,"Vazio",K14) -> Vazio | G25: 10
E26: =J15 -> COMPETÊNCIA 10 | F26: =IF(K15=0,"Vazio",K15) -> Vazio | G26: 10
E27: =J16 -> COMPETÊNCIA 11 | F27: =IF(K16=0,"Vazio",K16) -> Vazio | G27: 10
E28: =J17 -> COMPETÊNCIA 12 | F28: =IF(K17=0,"Vazio",K17) -> Vazio | G28: 10
F29: =COUNT(F8:F28)*10 -> 0

Sheet Colaborador (3)
E3: =E4 -> 0
B4: AVALIADO (A):
F6: NOTA TOTAL: | J6: =SUM(F8:F28)/F29 -> #DIV/0!
C8: CRITÉRIO 1 | E8: ='Colaborador (1)'!E8 -> LIDERANÇA | G8: 10 | H8: CRITÉRIO 2 | J8: ='Colaborador (1)'!J8 -> COMPETÊNCIA 3 | L8: 10
E9: ='Colaborador (1)'!E9 -> MOTIVAÇÃO | G9: 10 | J9: ='Colaborador (1)'!J9 -> COMPETÊNCIA 4 | L9: 10
E10: ='Colaborador (1)'!E10 -> FLEXIBILIDADE | G10: 10 | J10: ='Colaborador (1)'!J10 -> COMPETÊNCIA 5 | L10: 10
E11: ='Colaborador (1)'!E11 -> INICIATIVA | G11: 10 | J11: ='Colaborador (1)'!J11 -> COMPETÊNCIA 6 | L11: 10
E12: ='Colaborador (1)'!E12 -> COMUNICAÇÃO | G12: 10 | J12: ='Colaborador (1)'!J12 -> COMPETÊNCIA 7 | L12: 10
E13: ='Colaborador (1)'!E13 -> ORGANIZAÇÃO | G13: 10 | J13: ='Colaborador (1)'!J13 -> COMPETÊNCIA 8 | L13: 10
E14: ='Colaborador (1)'!E14 -> TRABALHO EM EQUIPE | G14: 10 | J14: ='Colaborador (1)'!J14 -> COMPETÊNCIA 9 | L14: 10
E15: ='Colaborador (1)'!E15 -> PONTUALIDADE | G15: 10 | J15: ='Colaborador (1)'!J15 -> COMPETÊNCIA 10 | L15: 10
E16: ='Colaborador (1)'!E16 -> COMPETÊNCIA 1 | G16: 10 | J16: ='Colaborador (1)'!J16 -> COMPETÊNCIA 11 | L16: 10
E17: ='Colaborador (1)'!E17 -> COMPETÊNCIA 2 | G17: 10 | J17: ='Colaborador (1)'!J17 -> COMPETÊNCIA 12 | L17: 10
E19: =J8 -> COMPETÊNCIA 3 | F19: =IF(K8=0,"Vazio",K8) -> Vazio | G19: 10
E20: =J9 -> COMPETÊNCIA 4 | F20: =IF(K9=0,"Vazio",K9) -> Vazio | G20: 10
E21: =J10 -> COMPETÊNCIA 5 | F21: =IF(K10=0,"Vazio",K10) -> Vazio | G21: 10
E22: =J11 -> COMPETÊNCIA 6 | F22: =IF(K11=0,"Vazio",K11) -> Vazio | G22: 10
E23: =J12 -> COMPETÊNCIA 7 | F23: =IF(K12=0,"Vazio",K12) -> Vazio | G23: 10
E24: =J13 -> COMPETÊNCIA 8 | F24: =IF(K13=0,"Vazio",K13) -> Vazio | G24: 10
E25: =J14 -> COMPETÊNCIA 9 | F25: =IF(K14=0,"Vazio",K14) -> Vazio | G25: 10
E26: =J15 -> COMPETÊNCIA 10 | F26: =IF(K15=0,"Vazio",K15) -> Vazio | G26: 10
E27: =J16 -> COMPETÊNCIA 11 | F27: =IF(K16=0,"Vazio",K16) -> Vazio | G27: 10
E28: =J17 -> COMPETÊNCIA 12 | F28: =IF(K17=0,"Vazio",K17) -> Vazio | G28: 10
F29: =COUNT(F8:F28)*10 -> 0

Sheet Colaborador (4)
E3: =E4 -> 0
B4: AVALIADO (A):
F6: NOTA TOTAL: | J6: =SUM(F8:F28)/F29 -> #DIV/0!
C8: CRITÉRIO 1 | E8: ='Colaborador (1)'!E8 -> LIDERANÇA | G8: 10 | H8: CRITÉRIO 2 | J8: ='Colaborador (1)'!J8 -> COMPETÊNCIA 3 | L8: 10
E9: ='Colaborador (1)'!E9 -> MOTIVAÇÃO | G9: 10 | J9: ='Colaborador (1)'!J9 -> COMPETÊNCIA 4 | L9: 10
E10: ='Colaborador (1)'!E10 -> FLEXIBILIDADE | G10: 10 | J10: ='Colaborador (1)'!J10 -> COMPETÊNCIA 5 | L10: 10
E11: ='Colaborador (1)'!E11 -> INICIATIVA | G11: 10 | J11: ='Colaborador (1)'!J11 -> COMPETÊNCIA 6 | L11: 10
E12: ='Colaborador (1)'!E12 -> COMUNICAÇÃO | G12: 10 | J12: ='Colaborador (1)'!J12 -> COMPETÊNCIA 7 | L12: 10
E13: ='Colaborador (1)'!E13 -> ORGANIZAÇÃO | G13: 10 | J13: ='Colaborador (1)'!J13 -> COMPETÊNCIA 8 | L13: 10
E14: ='Colaborador (1)'!E14 -> TRABALHO EM EQUIPE | G14: 10 | J14: ='Colaborador (1)'!J14 -> COMPETÊNCIA 9 | L14: 10
E15: ='Colaborador (1)'!E15 -> PONTUALIDADE | G15: 10 | J15: ='Colaborador (1)'!J15 -> COMPETÊNCIA 10 | L15: 10
E16: ='Colaborador (1)'!E16 -> COMPETÊNCIA 1 | G16: 10 | J16: ='Colaborador (1)'!J16 -> COMPETÊNCIA 11 | L16: 10
E17: ='Colaborador (1)'!E17 -> COMPETÊNCIA 2 | G17: 10 | J17: ='Colaborador (1)'!J17 -> COMPETÊNCIA 12 | L17: 10
E19: =J8 -> COMPETÊNCIA 3 | F19: =IF(K8=0,"Vazio",K8) -> Vazio | G19: 10
E20: =J9 -> COMPETÊNCIA 4 | F20: =IF(K9=0,"Vazio",K9) -> Vazio | G20: 10
E21: =J10 -> COMPETÊNCIA 5 | F21: =IF(K10=0,"Vazio",K10) -> Vazio | G21: 10
E22: =J11 -> COMPETÊNCIA 6 | F22: =IF(K11=0,"Vazio",K11) -> Vazio | G22: 10
E23: =J12 -> COMPETÊNCIA 7 | F23: =IF(K12=0,"Vazio",K12) -> Vazio | G23: 10
E24: =J13 -> COMPETÊNCIA 8 | F24: =IF(K13=0,"Vazio",K13) -> Vazio | G24: 10
E25: =J14 -> COMPETÊNCIA 9 | F25: =IF(K14=0,"Vazio",K14) -> Vazio | G25: 10
E26: =J15 -> COMPETÊNCIA 10 | F26: =IF(K15=0,"Vazio",K15) -> Vazio | G26: 10
E27: =J16 -> COMPETÊNCIA 11 | F27: =IF(K16=0,"Vazio",K16) -> Vazio | G27: 10
E28: =J17 -> COMPETÊNCIA 12 | F28: =IF(K17=0,"Vazio",K17) -> Vazio | G28: 10
F29: =COUNT(F8:F28)*10 -> 0

Sheet Colaborador (5)
E3: =E4 -> 0
B4: AVALIADO (A):
F6: NOTA TOTAL: | J6: =SUM(F8:F28)/F29 -> #DIV/0!
C8: CRITÉRIO 1 | E8: ='Colaborador (1)'!E8 -> LIDERANÇA | G8: 10 | H8: CRITÉRIO 2 | J8: ='Colaborador (1)'!J8 -> COMPETÊNCIA 3 | L8: 10
E9: ='Colaborador (1)'!E9 -> MOTIVAÇÃO | G9: 10 | J9: ='Colaborador (1)'!J9 -> COMPETÊNCIA 4 | L9: 10
E10: ='Colaborador (1)'!E10 -> FLEXIBILIDADE | G10: 10 | J10: ='Colaborador (1)'!J10 -> COMPETÊNCIA 5 | L10: 10
E11: ='Colaborador (1)'!E11 -> INICIATIVA | G11: 10 | J11: ='Colaborador (1)'!J11 -> COMPETÊNCIA 6 | L11: 10
E12: ='Colaborador (1)'!E12 -> COMUNICAÇÃO | G12: 10 | J12: ='Colaborador (1)'!J12 -> COMPETÊNCIA 7 | L12: 10
E13: ='Colaborador (1)'!E13 -> ORGANIZAÇÃO | G13: 10 | J13: ='Colaborador (1)'!J13 -> COMPETÊNCIA 8 | L13: 10
E14: ='Colaborador (1)'!E14 -> TRABALHO EM EQUIPE | G14: 10 | J14: ='Colaborador (1)'!J14 -> COMPETÊNCIA 9 | L14: 10
E15: ='Colaborador (1)'!E15 -> PONTUALIDADE | G15: 10 | J15: ='Colaborador (1)'!J15 -> COMPETÊNCIA 10 | L15: 10
E16: ='Colaborador (1)'!E16 -> COMPETÊNCIA 1 | G16: 10 | J16: ='Colaborador (1)'!J16 -> COMPETÊNCIA 11 | L16: 10
E17: ='Colaborador (1)'!E17 -> COMPETÊNCIA 2 | G17: 10 | J17: ='Colaborador (1)'!J17 -> COMPETÊNCIA 12 | L17: 10
E19: =J8 -> COMPETÊNCIA 3 | F19: =IF(K8=0,"Vazio",K8) -> Vazio | G19: 10
E20: =J9 -> COMPETÊNCIA 4 | F20: =IF(K9=0,"Vazio",K9) -> Vazio | G20: 10
E21: =J10 -> COMPETÊNCIA 5 | F21: =IF(K10=0,"Vazio",K10) -> Vazio | G21: 10
E22: =J11 -> COMPETÊNCIA 6 | F22: =IF(K11=0,"Vazio",K11) -> Vazio | G22: 10
E23: =J12 -> COMPETÊNCIA 7 | F23: =IF(K12=0,"Vazio",K12) -> Vazio | G23: 10
E24: =J13 -> COMPETÊNCIA 8 | F24: =IF(K13=0,"Vazio",K13) -> Vazio | G24: 10
E25: =J14 -> COMPETÊNCIA 9 | F25: =IF(K14=0,"Vazio",K14) -> Vazio | G25: 10
E26: =J15 -> COMPETÊNCIA 10 | F26: =IF(K15=0,"Vazio",K15) -> Vazio | G26: 10
E27: =J16 -> COMPETÊNCIA 11 | F27: =IF(K16=0,"Vazio",K16) -> Vazio | G27: 10
E28: =J17 -> COMPETÊNCIA 12 | F28: =IF(K17=0,"Vazio",K17) -> Vazio | G28: 10
F29: =COUNT(F8:F28)*10 -> 0

Sheet Colaborador (6)
E3: =E4 -> 0
B4: AVALIADO (A):
F6: NOTA TOTAL: | J6: =SUM(F8:F28)/F29 -> #DIV/0!
C8: CRITÉRIO 1 | E8: ='Colaborador (1)'!E8 -> LIDERANÇA | G8: 10 | H8: CRITÉRIO 2 | J8: ='Colaborador (1)'!J8 -> COMPETÊNCIA 3 | L8: 10
E9: ='Colaborador (1)'!E9 -> MOTIVAÇÃO | G9: 10 | J9: ='Colaborador (1)'!J9 -> COMPETÊNCIA 4 | L9: 10
E10: ='Colaborador (1)'!E10 -> FLEXIBILIDADE | G10: 10 | J10: ='Colaborador (1)'!J10 -> COMPETÊNCIA 5 | L10: 10
E11: ='Colaborador (1)'!E11 -> INICIATIVA | G11: 10 | J11: ='Colaborador (1)'!J11 -> COMPETÊNCIA 6 | L11: 10
E12: ='Colaborador (1)'!E12 -> COMUNICAÇÃO | G12: 10 | J12: ='Colaborador (1)'!J12 -> COMPETÊNCIA 7 | L12: 10
E13: ='Colaborador (1)'!E13 -> ORGANIZAÇÃO | G13: 10 | J13: ='Colaborador (1)'!J13 -> COMPETÊNCIA 8 | L13: 10
E14: ='Colaborador (1)'!E14 -> TRABALHO EM EQUIPE | G14: 10 | J14: ='Colaborador (1)'!J14 -> COMPETÊNCIA 9 | L14: 10
E15: ='Colaborador (1)'!E15 -> PONTUALIDADE | G15: 10 | J15: ='Colaborador (1)'!J15 -> COMPETÊNCIA 10 | L15: 10
E16: ='Colaborador (1)'!E16 -> COMPETÊNCIA 1 | G16: 10 | J16: ='Colaborador (1)'!J16 -> COMPETÊNCIA 11 | L16: 10
E17: ='Colaborador (1)'!E17 -> COMPETÊNCIA 2 | G17: 10 | J17: ='Colaborador (1)'!J17 -> COMPETÊNCIA 12 | L17: 10
E19: =J8 -> COMPETÊNCIA 3 | F19: =IF(K8=0,"Vazio",K8) -> Vazio | G19: 10
E20: =J9 -> COMPETÊNCIA 4 | F20: =IF(K9=0,"Vazio",K9) -> Vazio | G20: 10
E21: =J10 -> COMPETÊNCIA 5 | F21: =IF(K10=0,"Vazio",K10) -> Vazio | G21: 10
E22: =J11 -> COMPETÊNCIA 6 | F22: =IF(K11=0,"Vazio",K11) -> Vazio | G22: 10
E23: =J12 -> COMPETÊNCIA 7 | F23: =IF(K12=0,"Vazio",K12) -> Vazio | G23: 10
E24: =J13 -> COMPETÊNCIA 8 | F24: =IF(K13=0,"Vazio",K13) -> Vazio | G24: 10
E25: =J14 -> COMPETÊNCIA 9 | F25: =IF(K14=0,"Vazio",K14) -> Vazio | G25: 10
E26: =J15 -> COMPETÊNCIA 10 | F26: =IF(K15=0,"Vazio",K15) -> Vazio | G26: 10
E27: =J16 -> COMPETÊNCIA 11 | F27: =IF(K16=0,"Vazio",K16) -> Vazio | G27: 10
E28: =J17 -> COMPETÊNCIA 12 | F28: =IF(K17=0,"Vazio",K17) -> Vazio | G28: 10
F29: =COUNT(F8:F28)*10 -> 0

Sheet Colaborador (7)
E3: =E4 -> 0
B4: AVALIADO (A):
F6: NOTA TOTAL: | J6: =SUM(F8:F28)/F29 -> #DIV/0!
C8: CRITÉRIO 1 | E8: ='Colaborador (1)'!E8 -> LIDERANÇA | G8: 10 | H8: CRITÉRIO 2 | J8: ='Colaborador (1)'!J8 -> COMPETÊNCIA 3 | L8: 10
E9: ='Colaborador (1)'!E9 -> MOTIVAÇÃO | G9: 10 | J9: ='Colaborador (1)'!J9 -> COMPETÊNCIA 4 | L9: 10
E10: ='Colaborador (1)'!E10 -> FLEXIBILIDADE | G10: 10 | J10: ='Colaborador (1)'!J10 -> COMPETÊNCIA 5 | L10: 10
E11: ='Colaborador (1)'!E11 -> INICIATIVA | G11: 10 | J11: ='Colaborador (1)'!J11 -> COMPETÊNCIA 6 | L11: 10
E12: ='Colaborador (1)'!E12 -> COMUNICAÇÃO | G12: 10 | J12: ='Colaborador (1)'!J12 -> COMPETÊNCIA 7 | L12: 10
E13: ='Colaborador (1)'!E13 -> ORGANIZAÇÃO | G13: 10 | J13: ='Colaborador (1)'!J13 -> COMPETÊNCIA 8 | L13: 10
E14: ='Colaborador (1)'!E14 -> TRABALHO EM EQUIPE | G14: 10 | J14: ='Colaborador (1)'!J14 -> COMPETÊNCIA 9 | L14: 10
E15: ='Colaborador (1)'!E15 -> PONTUALIDADE | G15: 10 | J15: ='Colaborador (1)'!J15 -> COMPETÊNCIA 10 | L15: 10
E16: ='Colaborador (1)'!E16 -> COMPETÊNCIA 1 | G16: 10 | J16: ='Colaborador (1)'!J16 -> COMPETÊNCIA 11 | L16: 10
E17: ='Colaborador (1)'!E17 -> COMPETÊNCIA 2 | G17: 10 | J17: ='Colaborador (1)'!J17 -> COMPETÊNCIA 12 | L17: 10
E19: =J8 -> COMPETÊNCIA 3 | F19: =IF(K8=0,"Vazio",K8) -> Vazio | G19: 10
E20: =J9 -> COMPETÊNCIA 4 | F20: =IF(K9=0,"Vazio",K9) -> Vazio | G20: 10
E21: =J10 -> COMPETÊNCIA 5 | F21: =IF(K10=0,"Vazio",K10) -> Vazio | G21: 10
E22: =J11 -> COMPETÊNCIA 6 | F22: =IF(K11=0,"Vazio",K11) -> Vazio | G22: 10
E23: =J12 -> COMPETÊNCIA 7 | F23: =IF(K12=0,"Vazio",K12) -> Vazio | G23: 10
E24: =J13 -> COMPETÊNCIA 8 | F24: =IF(K13=0,"Vazio",K13) -> Vazio | G24: 10
E25: =J14 -> COMPETÊNCIA 9 | F25: =IF(K14=0,"Vazio",K14) -> Vazio | G25: 10
E26: =J15 -> COMPETÊNCIA 10 | F26: =IF(K15=0,"Vazio",K15) -> Vazio | G26: 10
E27: =J16 -> COMPETÊNCIA 11 | F27: =IF(K16=0,"Vazio",K16) -> Vazio | G27: 10
E28: =J17 -> COMPETÊNCIA 12 | F28: =IF(K17=0,"Vazio",K17) -> Vazio | G28: 10
F29: =COUNT(F8:F28)*10 -> 0

Sheet Colaborador (8)
E3: =E4 -> 0
B4: AVALIADO (A):
F6: NOTA TOTAL: | J6: =SUM(F8:F28)/F29 -> #DIV/0!
C8: CRITÉRIO 1 | E8: ='Colaborador (1)'!E8 -> LIDERANÇA | G8: 10 | H8: CRITÉRIO 2 | J8: ='Colaborador (1)'!J8 -> COMPETÊNCIA 3 | L8: 10
E9: ='Colaborador (1)'!E9 -> MOTIVAÇÃO | G9: 10 | J9: ='Colaborador (1)'!J9 -> COMPETÊNCIA 4 | L9: 10
E10: ='Colaborador (1)'!E10 -> FLEXIBILIDADE | G10: 10 | J10: ='Colaborador (1)'!J10 -> COMPETÊNCIA 5 | L10: 10
E11: ='Colaborador (1)'!E11 -> INICIATIVA | G11: 10 | J11: ='Colaborador (1)'!J11 -> COMPETÊNCIA 6 | L11: 10
E12: ='Colaborador (1)'!E12 -> COMUNICAÇÃO | G12: 10 | J12: ='Colaborador (1)'!J12 -> COMPETÊNCIA 7 | L12: 10
E13: ='Colaborador (1)'!E13 -> ORGANIZAÇÃO | G13: 10 | J13: ='Colaborador (1)'!J13 -> COMPETÊNCIA 8 | L13: 10
E14: ='Colaborador (1)'!E14 -> TRABALHO EM EQUIPE | G14: 10 | J14: ='Colaborador (1)'!J14 -> COMPETÊNCIA 9 | L14: 10
E15: ='Colaborador (1)'!E15 -> PONTUALIDADE | G15: 10 | J15: ='Colaborador (1)'!J15 -> COMPETÊNCIA 10 | L15: 10
E16: ='Colaborador (1)'!E16 -> COMPETÊNCIA 1 | G16: 10 | J16: ='Colaborador (1)'!J16 -> COMPETÊNCIA 11 | L16: 10
E17: ='Colaborador (1)'!E17 -> COMPETÊNCIA 2 | G17: 10 | J17: ='Colaborador (1)'!J17 -> COMPETÊNCIA 12 | L17: 10
E19: =J8 -> COMPETÊNCIA 3 | F19: =IF(K8=0,"Vazio",K8) -> Vazio | G19: 10
E20: =J9 -> COMPETÊNCIA 4 | F20: =IF(K9=0,"Vazio",K9) -> Vazio | G20: 10
E21: =J10 -> COMPETÊNCIA 5 | F21: =IF(K10=0,"Vazio",K10) -> Vazio | G21: 10
E22: =J11 -> COMPETÊNCIA 6 | F22: =IF(K11=0,"Vazio",K11) -> Vazio | G22: 10
E23: =J12 -> COMPETÊNCIA 7 | F23: =IF(K12=0,"Vazio",K12) -> Vazio | G23: 10
E24: =J13 -> COMPETÊNCIA 8 | F24: =IF(K13=0,"Vazio",K13) -> Vazio | G24: 10
E25: =J14 -> COMPETÊNCIA 9 | F25: =IF(K14=0,"Vazio",K14) -> Vazio | G25: 10
E26: =J15 -> COMPETÊNCIA 10 | F26: =IF(K15=0,"Vazio",K15) -> Vazio | G26: 10
E27: =J16 -> COMPETÊNCIA 11 | F27: =IF(K16=0,"Vazio",K16) -> Vazio | G27: 10
E28: =J17 -> COMPETÊNCIA 12 | F28: =IF(K17=0,"Vazio",K17) -> Vazio | G28: 10
F29: =COUNT(F8:F28)*10 -> 0

Sheet Colaborador (9)
E3: =E4 -> 0
B4: AVALIADO (A):
F6: NOTA TOTAL: | J6: =SUM(F8:F28)/F29 -> #DIV/0!
C8: CRITÉRIO 1 | E8: ='Colaborador (1)'!E8 -> LIDERANÇA | G8: 10 | H8: CRITÉRIO 2 | J8: ='Colaborador (1)'!J8 -> COMPETÊNCIA 3 | L8: 10
E9: ='Colaborador (1)'!E9 -> MOTIVAÇÃO | G9: 10 | J9: ='Colaborador (1)'!J9 -> COMPETÊNCIA 4 | L9: 10
E10: ='Colaborador (1)'!E10 -> FLEXIBILIDADE | G10: 10 | J10: ='Colaborador (1)'!J10 -> COMPETÊNCIA 5 | L10: 10
E11: ='Colaborador (1)'!E11 -> INICIATIVA | G11: 10 | J11: ='Colaborador (1)'!J11 -> COMPETÊNCIA 6 | L11: 10
E12: ='Colaborador (1)'!E12 -> COMUNICAÇÃO | G12: 10 | J12: ='Colaborador (1)'!J12 -> COMPETÊNCIA 7 | L12: 10
E13: ='Colaborador (1)'!E13 -> ORGANIZAÇÃO | G13: 10 | J13: ='Colaborador (1)'!J13 -> COMPETÊNCIA 8 | L13: 10
E14: ='Colaborador (1)'!E14 -> TRABALHO EM EQUIPE | G14: 10 | J14: ='Colaborador (1)'!J14 -> COMPETÊNCIA 9 | L14: 10
E15: ='Colaborador (1)'!E15 -> PONTUALIDADE | G15: 10 | J15: ='Colaborador (1)'!J15 -> COMPETÊNCIA 10 | L15: 10
E16: ='Colaborador (1)'!E16 -> COMPETÊNCIA 1 | G16: 10 | J16: ='Colaborador (1)'!J16 -> COMPETÊNCIA 11 | L16: 10
E17: ='Colaborador (1)'!E17 -> COMPETÊNCIA 2 | G17: 10 | J17: ='Colaborador (1)'!J17 -> COMPETÊNCIA 12 | L17: 10
E19: =J8 -> COMPETÊNCIA 3 | F19: =IF(K8=0,"Vazio",K8) -> Vazio | G19: 10
E20: =J9 -> COMPETÊNCIA 4 | F20: =IF(K9=0,"Vazio",K9) -> Vazio | G20: 10
E21: =J10 -> COMPETÊNCIA 5 | F21: =IF(K10=0,"Vazio",K10) -> Vazio | G21: 10
E22: =J11 -> COMPETÊNCIA 6 | F22: =IF(K11=0,"Vazio",K11) -> Vazio | G22: 10
E23: =J12 -> COMPETÊNCIA 7 | F23: =IF(K12=0,"Vazio",K12) -> Vazio | G23: 10
E24: =J13 -> COMPETÊNCIA 8 | F24: =IF(K13=0,"Vazio",K13) -> Vazio | G24: 10
E25: =J14 -> COMPETÊNCIA 9 | F25: =IF(K14=0,"Vazio",K14) -> Vazio | G25: 10
E26: =J15 -> COMPETÊNCIA 10 | F26: =IF(K15=0,"Vazio",K15) -> Vazio | G26: 10
E27: =J16 -> COMPETÊNCIA 11 | F27: =IF(K16=0,"Vazio",K16) -> Vazio | G27: 10
E28: =J17 -> COMPETÊNCIA 12 | F28: =IF(K17=0,"Vazio",K17) -> Vazio | G28: 10
F29: =COUNT(F8:F28)*10 -> 0

Sheet Colaborador (10)
E3: =E4 -> 0
B4: AVALIADO (A):
F6: NOTA TOTAL: | J6: =SUM(F8:F28)/F29 -> #DIV/0!
C8: CRITÉRIO 1 | E8: ='Colaborador (1)'!E8 -> LIDERANÇA | G8: 10 | H8: CRITÉRIO 2 | J8: ='Colaborador (1)'!J8 -> COMPETÊNCIA 3 | L8: 10
E9: ='Colaborador (1)'!E9 -> MOTIVAÇÃO | G9: 10 | J9: ='Colaborador (1)'!J9 -> COMPETÊNCIA 4 | L9: 10
E10: ='Colaborador (1)'!E10 -> FLEXIBILIDADE | G10: 10 | J10: ='Colaborador (1)'!J10 -> COMPETÊNCIA 5 | L10: 10
E11: ='Colaborador (1)'!E11 -> INICIATIVA | G11: 10 | J11: ='Colaborador (1)'!J11 -> COMPETÊNCIA 6 | L11: 10
E12: ='Colaborador (1)'!E12 -> COMUNICAÇÃO | G12: 10 | J12: ='Colaborador (1)'!J12 -> COMPETÊNCIA 7 | L12: 10
E13: ='Colaborador (1)'!E13 -> ORGANIZAÇÃO | G13: 10 | J13: ='Colaborador (1)'!J13 -> COMPETÊNCIA 8 | L13: 10
E14: ='Colaborador (1)'!E14 -> TRABALHO EM EQUIPE | G14: 10 | J14: ='Colaborador (1)'!J14 -> COMPETÊNCIA 9 | L14: 10
E15: ='Colaborador (1)'!E15 -> PONTUALIDADE | G15: 10 | J15: ='Colaborador (1)'!J15 -> COMPETÊNCIA 10 | L15: 10
E16: ='Colaborador (1)'!E16 -> COMPETÊNCIA 1 | G16: 10 | J16: ='Colaborador (1)'!J16 -> COMPETÊNCIA 11 | L16: 10
E17: ='Colaborador (1)'!E17 -> COMPETÊNCIA 2 | G17: 10 | J17: ='Colaborador (1)'!J17 -> COMPETÊNCIA 12 | L17: 10
E19: =J8 -> COMPETÊNCIA 3 | F19: =IF(K8=0,"Vazio",K8) -> Vazio | G19: 10
E20: =J9 -> COMPETÊNCIA 4 | F20: =IF(K9=0,"Vazio",K9) -> Vazio | G20: 10
E21: =J10 -> COMPETÊNCIA 5 | F21: =IF(K10=0,"Vazio",K10) -> Vazio | G21: 10
E22: =J11 -> COMPETÊNCIA 6 | F22: =IF(K11=0,"Vazio",K11) -> Vazio | G22: 10
E23: =J12 -> COMPETÊNCIA 7 | F23: =IF(K12=0,"Vazio",K12) -> Vazio | G23: 10
E24: =J13 -> COMPETÊNCIA 8 | F24: =IF(K13=0,"Vazio",K13) -> Vazio | G24: 10
E25: =J14 -> COMPETÊNCIA 9 | F25: =IF(K14=0,"Vazio",K14) -> Vazio | G25: 10
E26: =J15 -> COMPETÊNCIA 10 | F26: =IF(K15=0,"Vazio",K15) -> Vazio | G26: 10
E27: =J16 -> COMPETÊNCIA 11 | F27: =IF(K16=0,"Vazio",K16) -> Vazio | G27: 10
E28: =J17 -> COMPETÊNCIA 12 | F28: =IF(K17=0,"Vazio",K17) -> Vazio | G28: 10
F29: =COUNT(F8:F28)*10 -> 0

Sheet PANORAMA
B4: ='Colaborador (1)'!C8 -> CRITÉRIO 1
B21: ='Colaborador (1)'!H8 -> CRITÉRIO 2
C40: Critério 1 | G40: Critério 2
C42: LIDERANÇA | D42: =AVERAGE('Colaborador (1):Colaborador (10)'!F8) -> #DIV/0! | G42: COMPETÊNCIA 3 | H42: =AVERAGE('Colaborador (1):Colaborador (10)'!K8) -> #DIV/0!
C43: MOTIVAÇÃO | D43: =AVERAGE('Colaborador (1):Colaborador (10)'!F9) -> #DIV/0! | G43: COMPETÊNCIA 4 | H43: =AVERAGE('Colaborador (1):Colaborador (10)'!K9) -> #DIV/0!
C44: FLEXIBILIDADE | D44: =AVERAGE('Colaborador (1):Colaborador (10)'!F10) -> #DIV/0! | G44: COMPETÊNCIA 5 | H44: =AVERAGE('Colaborador (1):Colaborador (10)'!K10) -> #DIV/0!
C45: INICIATIVA | D45: =AVERAGE('Colaborador (1):Colaborador (10)'!F11) -> #DIV/0! | G45: COMPETÊNCIA 6 | H45: =AVERAGE('Colaborador (1):Colaborador (10)'!K11) -> #DIV/0!
C46: COMUNICAÇÃO | D46: =AVERAGE('Colaborador (1):Colaborador (10)'!F12) -> #DIV/0! | G46: COMPETÊNCIA 7 | H46: =AVERAGE('Colaborador (1):Colaborador (10)'!K12) -> #DIV/0!
C47: ORGANIZAÇÃO | D47: =AVERAGE('Colaborador (1):Colaborador (10)'!F13) -> #DIV/0! | G47: COMPETÊNCIA 8 | H47: =AVERAGE('Colaborador (1):Colaborador (10)'!K13) -> #DIV/0!
C48: TRABALHO EM EQUIPE | D48: =AVERAGE('Colaborador (1):Colaborador (10)'!F14) -> #DIV/0! | G48: COMPETÊNCIA 9 | H48: =AVERAGE('Colaborador (1):Colaborador (10)'!K14) -> #DIV/0!
C49: PONTUALIDADE | D49: =AVERAGE('Colaborador (1):Colaborador (10)'!F15) -> #DIV/0! | G49: COMPETÊNCIA 10 | H49: =AVERAGE('Colaborador (1):Colaborador (10)'!K15) -> #DIV/0!
C50: COMPETÊNCIA 1 | D50: =AVERAGE('Colaborador (1):Colaborador (10)'!F16) -> #DIV/0! | G50: COMPETÊNCIA 11 | H50: =AVERAGE('Colaborador (1):Colaborador (10)'!K16) -> #DIV/0!
C51: COMPETÊNCIA 2 | D51: =AVERAGE('Colaborador (1):Colaborador (10)'!F17) -> #DIV/0! | G51: COMPETÊNCIA 12 | H51: =AVERAGE('Colaborador (1):Colaborador (10)'!K17) -> #DIV/0!

Sheet Plan8
C2: ='Colaborador (1)'!E4 -> 0 | D2: ='Colaborador (2)'!$E$3 -> 0 | E2: ='Colaborador (3)'!$E$3 -> 0 | F2: ='Colaborador (4)'!$E$3 -> 0 | G2: ='Colaborador (5)'!$E$3 -> 0 | H2: ='Colaborador (6)'!$E$3 -> 0 | I2: ='Colaborador (7)'!$E$3 -> 0 | J2: ='Colaborador (8)'!$E$3 -> 0 | K2: ='Colaborador (9)'!$E$3 -> 0 | L2: ='Colaborador (10)'!$E$3 -> 0
B3: ='Colaborador (1)'!E8 -> LIDERANÇA | C3: ='Colaborador (1)'!F8 -> 0 | D3: ='Colaborador (2)'!$F8 -> 0 | E3: ='Colaborador (3)'!$F8 -> 0 | F3: ='Colaborador (4)'!$F8 -> 0 | G3: ='Colaborador (5)'!$F8 -> 0 | H3: ='Colaborador (6)'!$F8 -> 0 | I3: ='Colaborador (7)'!$F8 -> 0 | J3: ='Colaborador (8)'!$F8 -> 0 | K3: ='Colaborador (9)'!$F8 -> 0 | L3: ='Colaborador (10)'!$F8 -> 0
B4: ='Colaborador (1)'!E9 -> MOTIVAÇÃO | C4: ='Colaborador (1)'!F9 -> 0 | D4: ='Colaborador (2)'!$F9 -> 0 | E4: ='Colaborador (3)'!$F9 -> 0 | F4: ='Colaborador (4)'!$F9 -> 0 | G4: ='Colaborador (5)'!$F9 -> 0 | H4: ='Colaborador (6)'!$F9 -> 0 | I4: ='Colaborador (7)'!$F9 -> 0 | J4: ='Colaborador (8)'!$F9 -> 0 | K4: ='Colaborador (9)'!$F9 -> 0 | L4: ='Colaborador (10)'!$F9 -> 0
B5: ='Colaborador (1)'!E10 -> FLEXIBILIDADE | C5: ='Colaborador (1)'!F10 -> 0 | D5: ='Colaborador (2)'!$F10 -> 0 | E5: ='Colaborador (3)'!$F10 -> 0 | F5: ='Colaborador (4)'!$F10 -> 0 | G5: ='Colaborador (5)'!$F10 -> 0 | H5: ='Colaborador (6)'!$F10 -> 0 | I5: ='Colaborador (7)'!$F10 -> 0 | J5: ='Colaborador (8)'!$F10 -> 0 | K5: ='Colaborador (9)'!$F10 -> 0 | L5: ='Colaborador (10)'!$F10 -> 0
B6: ='Colaborador (1)'!E11 -> INICIATIVA | C6: ='Colaborador (1)'!F11 -> 0 | D6: ='Colaborador (2)'!$F11 -> 0 | E6: ='Colaborador (3)'!$F11 -> 0 | F6: ='Colaborador (4)'!$F11 -> 0 | G6: ='Colaborador (5)'!$F11 -> 0 | H6: ='Colaborador (6)'!$F11 -> 0 | I6: ='Colaborador (7)'!$F11 -> 0 | J6: ='Colaborador (8)'!$F11 -> 0 | K6: ='Colaborador (9)'!$F11 -> 0 | L6: ='Colaborador (10)'!$F11 -> 0
B7: ='Colaborador (1)'!E12 -> COMUNICAÇÃO | C7: ='Colaborador (1)'!F12 -> 0 | D7: ='Colaborador (2)'!$F12 -> 0 | E7: ='Colaborador (3)'!$F12 -> 0 | F7: ='Colaborador (4)'!$F12 -> 0 | G7: ='Colaborador (5)'!$F12 -> 0 | H7: ='Colaborador (6)'!$F12 -> 0 | I7: ='Colaborador (7)'!$F12 -> 0 | J7: ='Colaborador (8)'!$F12 -> 0 | K7: ='Colaborador (9)'!$F12 -> 0 | L7: ='Colaborador (10)'!$F12 -> 0
B8: ='Colaborador (1)'!E13 -> ORGANIZAÇÃO | C8: ='Colaborador (1)'!F13 -> 0 | D8: ='Colaborador (2)'!$F13 -> 0 | E8: ='Colaborador (3)'!$F13 -> 0 | F8: ='Colaborador (4)'!$F13 -> 0 | G8: ='Colaborador (5)'!$F13 -> 0 | H8: ='Colaborador (6)'!$F13 -> 0 | I8: ='Colaborador (7)'!$F13 -> 0 | J8: ='Colaborador (8)'!$F13 -> 0 | K8: ='Colaborador (9)'!$F13 -> 0 | L8: ='Colaborador (10)'!$F13 -> 0
B9: ='Colaborador (1)'!E14 -> TRABALHO EM EQUIPE | C9: ='Colaborador (1)'!F14 -> 0 | D9: ='Colaborador (2)'!$F14 -> 0 | E9: ='Colaborador (3)'!$F14 -> 0 | F9: ='Colaborador (4)'!$F14 -> 0 | G9: ='Colaborador (5)'!$F14 -> 0 | H9: ='Colaborador (6)'!$F14 -> 0 | I9: ='Colaborador (7)'!$F14 -> 0 | J9: ='Colaborador (8)'!$F14 -> 0 | K9: ='Colaborador (9)'!$F14 -> 0 | L9: ='Colaborador (10)'!$F14 -> 0
B10: ='Colaborador (1)'!E15 -> PONTUALIDADE | C10: ='Colaborador (1)'!F15 -> 0 | D10: ='Colaborador (2)'!$F15 -> 0 | E10: ='Colaborador (3)'!$F15 -> 0 | F10: ='Colaborador (4)'!$F15 -> 0 | G10: ='Colaborador (5)'!$F15 -> 0 | H10: ='Colaborador (6)'!$F15 -> 0 | I10: ='Colaborador (7)'!$F15 -> 0 | J10: ='Colaborador (8)'!$F15 -> 0 | K10: ='Colaborador (9)'!$F15 -> 0 | L10: ='Colaborador (10)'!$F15 -> 0
B11: ='Colaborador (1)'!E16 -> COMPETÊNCIA 1 | C11: ='Colaborador (1)'!F16 -> 0 | D11: ='Colaborador (2)'!$F16 -> 0 | E11: ='Colaborador (3)'!$F16 -> 0 | F11: ='Colaborador (4)'!$F16 -> 0 | G11: ='Colaborador (5)'!$F16 -> 0 | H11: ='Colaborador (6)'!$F16 -> 0 | I11: ='Colaborador (7)'!$F16 -> 0 | J11: ='Colaborador (8)'!$F16 -> 0 | K11: ='Colaborador (9)'!$F16 -> 0 | L11: ='Colaborador (10)'!$F16 -> 0
B12: ='Colaborador (1)'!E17 -> COMPETÊNCIA 2 | C12: ='Colaborador (1)'!F17 -> 0 | D12: ='Colaborador (2)'!$F17 -> 0 | E12: ='Colaborador (3)'!$F17 -> 0 | F12: ='Colaborador (4)'!$F17 -> 0 | G12: ='Colaborador (5)'!$F17 -> 0 | H12: ='Colaborador (6)'!$F17 -> 0 | I12: ='Colaborador (7)'!$F17 -> 0 | J12: ='Colaborador (8)'!$F17 -> 0 | K12: ='Colaborador (9)'!$F17 -> 0 | L12: ='Colaborador (10)'!$F17 -> 0
B13: ='Colaborador (1)'!E18 -> 0 | C13: ='Colaborador (1)'!F18 -> 0 | D13: ='Colaborador (2)'!$F18 -> 0 | E13: ='Colaborador (3)'!$F18 -> 0 | F13: ='Colaborador (4)'!$F18 -> 0 | G13: ='Colaborador (5)'!$F18 -> 0 | H13: ='Colaborador (6)'!$F18 -> 0 | I13: ='Colaborador (7)'!$F18 -> 0 | J13: ='Colaborador (8)'!$F18 -> 0 | K13: ='Colaborador (9)'!$F18 -> 0 | L13: ='Colaborador (10)'!$F18 -> 0
B14: ='Colaborador (1)'!E19 -> COMPETÊNCIA 3 | C14: ='Colaborador (1)'!F19 -> Vazio | D14: ='Colaborador (2)'!$F19 -> Vazio | E14: ='Colaborador (3)'!$F19 -> Vazio | F14: ='Colaborador (4)'!$F19 -> Vazio | G14: ='Colaborador (5)'!$F19 -> Vazio | H14: ='Colaborador (6)'!$F19 -> Vazio | I14: ='Colaborador (7)'!$F19 -> Vazio | J14: ='Colaborador (8)'!$F19 -> Vazio | K14: ='Colaborador (9)'!$F19 -> Vazio | L14: ='Colaborador (10)'!$F19 -> Vazio
... B23: ='Colaborador (1)'!E28 -> COMPETÊNCIA 12 | C23: ='Colaborador (1)'!F28 -> Vazio | D23: ='Colaborador (2)'!$F28 -> Vazio | E23: ='Colaborador (3)'!$F28 -> Vazio | F23: ='Colaborador (4)'!$F28 -> Vazio | G23: ='Colaborador (5)'!$F28 -> Vazio | H23: ='Colaborador (6)'!$F28 -> Vazio | I23: ='Colaborador (7)'!$F28 -> Vazio | J23: ='Colaborador (8)'!$F28 -> Vazio | K23: ='Colaborador (9)'!$F28 -> Vazio | L23: ='Colaborador (10)'!$F28 -> Vazio
