Workbook

Sheet Sobre
B6: Sobre esta planilha
B7: 1 | D7: Qual é o calculo?
D8: Turnover = [ (admissões + demissões) / 2 ] / total de colaboradores do último dia do mês anterior x 100. Turnover considerado “alto”, ou seja, que deve ter a atenção do gestor, é qualquer coisa acima de 5%, com exceções. Fique tranquilo, os cálculos estão todos prontos.
B10: 2 | D10: Mantenha a aba "dados" alimentada
D11: Os gráficos do Dashboard são criados de forma automática, mas, para isso, você precisa manter atualizados e alimentados os dados.
B13: 3 | D13: Onde o cálculo é realizado?
D14: Existe uma aba oculta, chamada "cálculo", com todas as fórmulas que formam o gráfico. Ela foi ocultada, pois não deve ser editada. Toda edição deve ser feita na aba "Dados".
B16: 4 | D16: Quero mudar o critério, posso?
D17: Pode. Se em vez de tempo de empresa você quiser descobrir outro indicador, basta trocar os dados. O gráfico seguirá os novos nomes que você criar.
B19: Tem certeza que o turnover é o único problema da sua empresa?
B20: Faça o seu diagnóstico empresarial (gratuito) e descubra que outros indicadores podem ser melhorados.
E21: =HYPERLINK("https://pt.surveymonkey.com/r/6M2B65V?ori=planilha-turnover","QUERO FAZER O DIAGNÓSTICO") -> QUERO FAZER O DIAGNÓSTICO

Sheet Dados
D2: Para começar, preencha em janeiro o número de funcionários que a empresa tinha no último dia útil de dezembro. Os demais meses você não precisará preencher.
B4: DADOS | D4: janeiro | E4: fevereiro | F4: março | G4: abril | H4: maio | I4: junho | J4: julho | K4: agosto | L4: setembro | M4: outubro | N4: novembro | O4: dezembro | P4: ano
A5: Nº de funcionários | D5: 300 | E5: =D5+D6-D7 -> 296 | F5: =E5+E6-E7 -> 295 | G5: =F5+F6-F7 -> 303 | H5: =G5+G6-G7 -> 310 | I5: =H5+H6-H7 -> 316 | J5: =I5+I6-I7 -> 311 | K5: =J5+J6-J7 -> 316 | L5: =K5+K6-K7 -> 316 | ... O5: =N5+N6-N7 -> 320 | P5: =MEDIAN(D5:O5) -> 311.5
A6: Admissões | D6: 26 | E6: 15 | F6: 22 | G6: 13 | H6: 28 | I6: 14 | J6: 16 | K6: 17 | L6: 18 | M6: 11 | N6: 21 | O6: 23 | P6: =SUM(D6:O6) -> 224
A7: Demissões (total) | D7: 30 | E7: 16 | F7: 14 | G7: 6 | H7: 22 | I7: 19 | J7: 11 | K7: 17 | L7: 18 | M7: 15 | N7: 13 | O7: 20 | P7: =SUM(D7:O7) -> 201
C9: Demissões por iniciativa
C10: Da empresa | D10: 18 | E10: 12 | F10: 7 | G10: 4 | H10: 17 | I10: 8 | J10: 5 | K10: 7 | L10: 6 | M10: 8 | N10: 8 | O10: 12 | P10: =SUM(D10:O10) -> 112
C11: Do colaborador | D11: 12 | E11: 4 | F11: 7 | G11: 2 | H11: 5 | I11: 11 | J11: 6 | K11: 10 | L11: 12 | M11: 7 | N11: 5 | O11: 8 | P11: =SUM(D11:O11) -> 89
C13: Demissões por tempo de empresa
C14: Em período de experiência | D14: 3 | E14: 4 | F14: 2 | G14: 1 | H14: 4 | I14: 7 | J14: 3 | K14: 1 | L14: 4 | M14: 3 | N14: 2 | O14: 4 | P14: =SUM(D14:O14) -> 38
C15: Menos de seis meses | D15: 2 | E15: 3 | F15: 7 | G15: 2 | H15: 6 | I15: 6 | J15: 2 | K15: 3 | L15: 3 | M15: 5 | N15: 3 | O15: 2 | P15: =SUM(D15:O15) -> 44
C16: Mais de seis meses | D16: 25 | E16: 9 | F16: 5 | G16: 3 | H16: 12 | I16: 6 | J16: 6 | K16: 13 | L16: 11 | M16: 7 | N16: 8 | O16: 14 | P16: =SUM(D16:O16) -> 119
C18: Demissões por causa
C19: Inadequação comportamental | D19: 7 | E19: 2 | F19: 1 | G19: 1 | H19: 6 | I19: 6 | J19: 5 | K19: 1 | L19: 4 | M19: 1 | N19: 6 | O19: 8 | P19: =SUM(C19:O19) -> 48
C20: Baixa produtividade | D20: 4 | E20: 7 | F20: 4 | G20: 1 | H20: 8 | I20: 2 | J20: 1 | K20: 6 | L20: 3 | M20: 1 | N20: 3 | O20: 4 | P20: =SUM(D20:O20) -> 44
C21: A pedido do cliente | D21: 3 | E21: 2 | F21: 4 | G21: 1 | H21: 1 | I21: 7 | J21: 2 | K21: 3 | L21: 1 | M21: 4 | N21: 2 | O21: 6 | P21: =SUM(D21:O21) -> 36
C22: Outras | D22: 16 | E22: 5 | F22: 5 | G22: 3 | H22: 7 | I22: 4 | J22: 3 | K22: 7 | L22: 10 | M22: 9 | N22: 2 | O22: 2 | P22: =SUM(D22:O22) -> 73

Sheet Dashboard
I4: Dúvidas Frequentes
I5: Quando se preocupar? No geral, um turnover acima de 5% já merece atenção. Isso não significa que existe algum problema e sim que você precisa analisar o cenário de rotatividade da empresa. Quando um turnover alto não é ruim? Quando o indicador é impulsionado pelo crescimento da empresa, e não pela rotatividade de funcionários. Por exemplo, se um projeto demandou a contratação de muitos funcionários, o turnover será afetado, mas, nesse caso, ele é reflexo do crescimento da empresa e não da rotatividade de profissionais.
B12: ANÁLISE DOS DESLIGAMENTOS
I13: Dúvidas Frequentes
I14: Por que analisar os desligamentos? Quando a contratação de novos funcionários representa a reposição daqueles que saíram, e não exatamente o crescimento da empresa, o motivo do desligamento pode ajudar a identificar o porquê do índice. Com os gráficos ao lado é possível identificar tendências de desligamento e planejar ações. Por exemplo, se os desligamentos por iniciativa da empresa acontecem mais no período de experiência e por inadequação comportamental, o processo seletivo pode ser ajustado. Assim, a contratação será mais assertiva, evitando o desligamento e uma nova contratação pouco depois. Menos contratações, menos desligamentos, menor rotatividade.

Sheet Cálculo
B1: =Dados!B4 -> DADOS | D1: =Dados!D4 -> janeiro | E1: fevereiro | F1: =Dados!F4 -> março | G1: abril | H1: =Dados!H4 -> maio | I1: junho | J1: =Dados!J4 -> julho | K1: agosto | L1: =Dados!L4 -> setembro | M1: outubro | N1: =Dados!N4 -> novembro | O1: dezembro | P1: =Dados!P4 -> ano
A2: Nº de funcionários | D2: =Dados!D5 -> 300 | E2: =Dados!E5 -> 296 | F2: =Dados!F5 -> 295 | G2: =Dados!G5 -> 303 | H2: =Dados!H5 -> 310 | I2: =Dados!I5 -> 316 | J2: =Dados!J5 -> 311 | K2: =Dados!K5 -> 316 | ... P2: =Dados!P5 -> 311.5
A3: Admissões | D3: =Dados!D6 -> 26 | E3: =Dados!E6 -> 15 | F3: =Dados!F6 -> 22 | G3: =Dados!G6 -> 13 | H3: =Dados!H6 -> 28 | I3: =Dados!I6 -> 14 | J3: =Dados!J6 -> 16 | K3: =Dados!K6 -> 17 | ... P3: =Dados!P6 -> 224
A4: Demissões (total) | D4: =Dados!D7 -> 30 | E4: =Dados!E7 -> 16 | F4: =Dados!F7 -> 14 | G4: =Dados!G7 -> 6 | H4: =Dados!H7 -> 22 | I4: =Dados!I7 -> 19 | J4: =Dados!J7 -> 11 | K4: =Dados!K7 -> 17 | ... P4: =Dados!P7 -> 201
C6: =Dados!C9 -> Demissões por iniciativa
C7: =Dados!C10 -> Da empresa | D7: =Dados!D10 -> 18 | E7: =Dados!E10 -> 12 | F7: =Dados!F10 -> 7 | G7: =Dados!G10 -> 4 | H7: =Dados!H10 -> 17 | I7: =Dados!I10 -> 8 | J7: =Dados!J10 -> 5 | ... P7: =Dados!P10 -> 112
C8: =Dados!C11 -> Do colaborador | D8: =Dados!D11 -> 12 | E8: =Dados!E11 -> 4 | F8: =Dados!F11 -> 7 | G8: =Dados!G11 -> 2 | H8: =Dados!H11 -> 5 | I8: =Dados!I11 -> 11 | J8: =Dados!J11 -> 6 | ... P8: =Dados!P11 -> 89
C10: =Dados!C13 -> Demissões por tempo de empresa
C11: =Dados!C14 -> Em período de experiência | D11: =Dados!D14 -> 3 | E11: =Dados!E14 -> 4 | F11: =Dados!F14 -> 2 | G11: =Dados!G14 -> 1 | H11: =Dados!H14 -> 4 | I11: =Dados!I14 -> 7 | J11: =Dados!J14 -> 3 | ... P11: =Dados!P14 -> 38
C12: =Dados!C15 -> Menos de seis meses | D12: =Dados!D15 -> 2 | E12: =Dados!E15 -> 3 | F12: =Dados!F15 -> 7 | G12: =Dados!G15 -> 2 | H12: =Dados!H15 -> 6 | I12: =Dados!I15 -> 6 | J12: =Dados!J15 -> 2 | ... P12: =Dados!P15 -> 44
C13: =Dados!C16 -> Mais de seis meses | D13: =Dados!D16 -> 25 | E13: =Dados!E16 -> 9 | F13: =Dados!F16 -> 5 | G13: =Dados!G16 -> 3 | H13: =Dados!H16 -> 12 | I13: =Dados!I16 -> 6 | J13: =Dados!J16 -> 6 | ... P13: =Dados!P16 -> 119
C15: =Dados!C18 -> Demissões por causa
C16: =Dados!C19 -> Inadequação comportamental | D16: =Dados!D19 -> 7 | E16: =Dados!E19 -> 2 | F16: =Dados!F19 -> 1 | G16: =Dados!G19 -> 1 | H16: =Dados!H19 -> 6 | I16: =Dados!I19 -> 6 | J16: =Dados!J19 -> 5 | ... P16: =Dados!P19 -> 48
C17: =Dados!C20 -> Baixa produtividade | D17: =Dados!D20 -> 4 | E17: =Dados!E20 -> 7 | F17: =Dados!F20 -> 4 | G17: =Dados!G20 -> 1 | H17: =Dados!H20 -> 8 | I17: =Dados!I20 -> 2 | J17: =Dados!J20 -> 1 | ... P17: =Dados!P20 -> 44
C18: =Dados!C21 -> A pedido do cliente | D18: =Dados!D21 -> 3 | E18: =Dados!E21 -> 2 | F18: =Dados!F21 -> 4 | G18: =Dados!G21 -> 1 | H18: =Dados!H21 -> 1 | I18: =Dados!I21 -> 7 | J18: =Dados!J21 -> 2 | ... P18: =Dados!P21 -> 36
C19: =Dados!C22 -> Outras | D19: =Dados!D22 -> 16 | E19: =Dados!E22 -> 5 | F19: =Dados!F22 -> 5 | G19: =Dados!G22 -> 3 | H19: =Dados!H22 -> 7 | I19: =Dados!I22 -> 4 | J19: =Dados!J22 -> 3 | ... P19: =Dados!P22 -> 73
O20: =SUM(O16:O19) -> 20
C21: TURNOVER GERAL | D21: janeiro | E21: fevereiro | F21: março | G21: abril | H21: maio | I21: junho | J21: julho | K21: agosto | L21: setembro | M21: outubro | N21: novembro | O21: dezembro | P21: ano
D22: =(D3+D4)/2/D2 -> 0.093333333 | E22: =(E3+E4)/2/E2 -> 0.052364865 | F22: =(F3+F4)/2/F2 -> 0.061016949 | G22: =(G3+G4)/2/G2 -> 0.031353135 | H22: =(H3+H4)/2/H2 -> 0.080645161 | I22: =(I3+I4)/2/I2 -> 0.05221519 | J22: =(J3+J4)/2/J2 -> 0.04340836 | K22: =(K3+K4)/2/K2 -> 0.053797468 | ... O22: =(O3+O4)/2/O2 -> 0.0671875 | P22: =MEDIAN(D22:O22) -> 0.054142324
D24: janeiro | E24: fevereiro | F24: março | G24: abril | H24: maio | I24: junho | J24: julho | K24: agosto | L24: setembro | M24: outubro | N24: novembro | O24: dezembro | P24: ano
C25: Por iniciativa da empresa | D25: =D7/D$4 -> 0.6 | E25: =E7/E$4 -> 0.75 | F25: =F7/F$4 -> 0.5 | G25: =G7/G$4 -> 0.66666667 | H25: =H7/H$4 -> 0.77272727 | I25: =I7/I$4 -> 0.42105263 | J25: =J7/J$4 -> 0.45454545 | K25: =K7/K$4 -> 0.41176471 | ... O25: =O7/O$4 -> 0.6 | P25: =MEDIAN(D25:O25) -> 0.56666667
C26: Por iniciativa do colaborador | D26: =D8/D$4 -> 0.4 | E26: =E8/E$4 -> 0.25 | F26: =F8/F$4 -> 0.5 | G26: =G8/G$4 -> 0.33333333 | H26: =H8/H$4 -> 0.22727273 | I26: =I8/I$4 -> 0.57894737 | J26: =J8/J$4 -> 0.54545455 | K26: =K8/K$4 -> 0.58823529 | ... O26: =O8/O$4 -> 0.4 | P26: =MEDIAN(D26:O26) -> 0.43333333
D28: janeiro | E28: fevereiro | F28: março | G28: abril | H28: maio | I28: junho | J28: julho | K28: agosto | L28: setembro | M28: outubro | N28: novembro | O28: dezembro | P28: ano
C29: Em período de experiência | D29: =D$11/D$4 -> 0.1 | E29: =E$11/E$4 -> 0.25 | F29: =F$11/F$4 -> 0.14285714 | G29: =G$11/G$4 -> 0.16666667 | H29: =H$11/H$4 -> 0.18181818 | I29: =I$11/I$4 -> 0.36842105 | J29: =J$11/J$4 -> 0.27272727 | K29: =K$11/K$4 -> 0.058823529 | ... O29: =O$11/O$4 -> 0.2 | P29: =MEDIAN(D29:O29) -> 0.19090909
C30: Menos de seis meses | D30: =D$12/D$4 -> 0.066666667 | E30: =E$12/E$4 -> 0.1875 | F30: =F$12/F$4 -> 0.5 | G30: =G$12/G$4 -> 0.33333333 | H30: =H$12/H$4 -> 0.27272727 | I30: =I$12/I$4 -> 0.31578947 | J30: =J$12/J$4 -> 0.18181818 | K30: =K$12/K$4 -> 0.17647059 | ... O30: =O$12/O$4 -> 0.1 | P30: =MEDIAN(D30:O30) -> 0.20913462
C31: Mais de seis meses | D31: =D$13/D$4 -> 0.83333333 | E31: =E$13/E$4 -> 0.5625 | F31: =F$13/F$4 -> 0.35714286 | G31: =G$13/G$4 -> 0.5 | H31: =H$13/H$4 -> 0.54545455 | I31: =I$13/I$4 -> 0.31578947 | J31: =J$13/J$4 -> 0.54545455 | K31: =K$13/K$4 -> 0.76470588 | ... O31: =O$13/O$4 -> 0.7 | P31: =MEDIAN(D31:O31) -> 0.55397727
D33: janeiro | E33: fevereiro | F33: março | G33: abril | H33: maio | I33: junho | J33: julho | K33: agosto | L33: setembro | M33: outubro | N33: novembro | O33: dezembro | P33: ano
C34: Inadequação comportamental | D34: =D$16/D$4 -> 0.23333333 | E34: =E$16/E$4 -> 0.125 | F34: =F$16/F$4 -> 0.071428571 | G34: =G$16/G$4 -> 0.16666667 | H34: =H$16/H$4 -> 0.27272727 | I34: =I$16/I$4 -> 0.31578947 | J34: =J$16/J$4 -> 0.45454545 | K34: =K$16/K$4 -> 0.058823529 | ... O34: =O$16/O$4 -> 0.4 | P34: =MEDIAN(D34:O34) -> 0.22777778
C35: Baixa produtividade | D35: =D$17/D$4 -> 0.13333333 | E35: =E$17/E$4 -> 0.4375 | F35: =F$17/F$4 -> 0.28571429 | G35: =G$17/G$4 -> 0.16666667 | H35: =H$17/H$4 -> 0.36363636 | I35: =I$17/I$4 -> 0.10526316 | J35: =J$17/J$4 -> 0.090909091 | K35: =K$17/K$4 -> 0.35294118 | ... O35: =O$17/O$4 -> 0.2 | P35: =MEDIAN(D35:O35) -> 0.18333333
C36: A pedido do cliente | D36: =D$18/D$4 -> 0.1 | E36: =E$18/E$4 -> 0.125 | F36: =F$18/F$4 -> 0.28571429 | G36: =G$18/G$4 -> 0.16666667 | H36: =H$18/H$4 -> 0.045454545 | I36: =I$18/I$4 -> 0.36842105 | J36: =J$18/J$4 -> 0.18181818 | K36: =K$18/K$4 -> 0.17647059 | ... O36: =O$18/O$4 -> 0.3 | P36: =MEDIAN(D36:O36) -> 0.17156863
C37: Outras | D37: =D$19/D$4 -> 0.53333333 | E37: =E$19/E$4 -> 0.3125 | F37: =F$19/F$4 -> 0.35714286 | G37: =G$19/G$4 -> 0.5 | H37: =H$19/H$4 -> 0.31818182 | I37: =I$19/I$4 -> 0.21052632 | J37: =J$19/J$4 -> 0.27272727 | K37: =K$19/K$4 -> 0.41176471 | ... O37: =O$19/O$4 -> 0.1 | P37: =((P$3+P$19)/2)/(P$2) -> 0.47672552
C39: Turnover = [ (admissões + demissões) / 2 ] / total de colaboradores x 100.
