Workbook
Name AVISO: B_DADOS!$N$5:$N$7
Name B_DADOS: B_DADOS!#REF!
Name CÁLCULO_RESCISÃO: CÁLCULO_RESCISÃO!$A$1
Name Data: OFFSET(#REF!,0,0,COUNT(#REF!),1)
Name DESLIGAMENTO: B_DADOS!$L$5:$L$11
Name Empresa: OFFSET('[2]Base de dados'!$I$2,0,0,COUNTA('[2]Base de dados'!$I:$I)-1,1)
Name Empresas: OFFSET('[3]Cadastro de empresas'!$A$2,0,0,COUNTA('[3]Cadastro de empresas'!$A:$A)-1,1)
Name FrasesComplementares: OFFSET('[3]Frases complementares'!$A$2,0,0,COUNTA('[3]Frases complementares'!$A:$A)-1,1)
Name FrasesPerigo: OFFSET('[3]Frases de perigo'!$A$2,0,0,COUNTA('[3]Frases de perigo'!$A:$A)-1,1)
Name FrasesPrecaucao: OFFSET('[3]Frases de precaução'!$A$2,0,0,COUNTA('[3]Frases de precaução'!$A:$A)-1,1)
Name INSS: B_DADOS!$G$7:$J$11
Name INSTRUÇÕES: INSTRUÇÕES!#REF!
Name IRRF: B_DADOS!$C$7:$E$12
Name Matricula: OFFSET(#REF!,0,0,COUNTA(#REF!)-2,1)
Name Matriculas: #REF!
Name MENU: MENU!$A$1
Name MODALIDADES_RESCISÕES: MODALIDADES_RESCISÕES!$A$1
Name MULTA: B_DADOS!$P$5:$P$6
Name Pictograma1: INDEX([3]Pictogramas!$B:$B,MATCH([3]Cálculos!$B$1,[3]Pictogramas!$A:$A,0))
Name Pictograma2: INDEX([3]Pictogramas!$B:$B,MATCH([3]Cálculos!$B$2,[3]Pictogramas!$A:$A,0))
Name Pictograma3: INDEX([3]Pictogramas!$B:$B,MATCH([3]Cálculos!$B$3,[3]Pictogramas!$A:$A,0))
Name Pictograma4: INDEX([3]Pictogramas!$B:$B,MATCH([3]Cálculos!$B$4,[3]Pictogramas!$A:$A,0))
Name Pictogramas: OFFSET([3]Pictogramas!$A$2,0,0,COUNTA([3]Pictogramas!$A:$A)-1,1)
Name Referencia: OFFSET(#REF!,0,0,COUNTA(#REF!)-2,1)

Sheet MENU

Sheet INSTRUÇÕES
D4: CÁLCULO DE RESCISÃO
D12: MODALIDADES DE RESCISÕES
D19: BASE DE DADOS

Sheet CÁLCULO_RESCISÃO
B2: PARÂMETROS
C5: Colaborador | D5: Maria de Fátima Agassi de Oliveira
C7: Salário Bruto | D7: 12000 | F7: Data Contratação | H7: 43862
C9: Tipo do Desligamento | D9: Demissão SEM Justa Causa | F9: Data final Contrato Experiência | H9: 43860
C11: Tipo de Prévio | D11: Trabalhado | F11: Data Demissão ou Fim Aviso Prévio | H11: 43831 | I11: =IF(OR(H11="",H11>H7),"","Data errada") -> Data errada
C13: Dias do Aviso Prévio | D13: 30 | F13: Data Início Aviso Prévio Trabalhado | H13: 44227 | I13: =IF(OR(H13="",H13<=H9),"","Data errada") -> Data errada
C15: Saldo de FGTS | D15: 15000 | F15: Descontar Multa do Artº 480 da CLT | H15: Sim
C17: Qtde Férias vencidas | D17: 1 | F17: Número de Dependentes | H17: 4
B20: CÁLCULO DA RESCISÃO
B22: RUBRICAS | D22: BASE DE CÁLCULO | E22: PARÂMETRO | G22: VALOR - SALÁRIO | H22: DESCONTOS
B23: Saldo de Salário | D23: =IF(D7="",0,D7) -> 12000 | E23: =ROUND(DAY(H11),0) -> 1 | F23: =IF(E23<>"",IF(E23<=1,"dia","dias"),"") -> dia | G23: =IFERROR((D23/30*E23),0) -> 400
B24: Férias Proporcionais | D24: =IF(E24="","",D23) -> 12000 | E24: =IF(D9="Demissão COM Justa Causa","", IF(MONTH(H11)>MONTH(H7), MONTH(H11)-MONTH((H7-1))-(IF(OR(DAY(H11)>=15,DAY(H11)>=DAY(H7)),0,1)), IF(AND(MONTH(H11)=MONTH(H7),(DAY(H11)-DAY(H7))>=15),1, (MONTH(H11)+12)-MONTH((H7-1))-(IF(OR(DAY(H11)>=15,DAY(H11)>=DAY(H7)),0,1))))) -> 12 | F24: =IF(E24<>"",IF(E24<=1,"mês","meses"),"") -> meses | G24: =IFERROR(D24/12*E24,0) -> 12000
B25: 1/3 Férias Proporcionais | D25: =G24 -> 12000 | G25: =IFERROR(G24/3,0) -> 4000
B26: Férias Integral (vencida) | D26: =IF(AND(D17<>"",D17<>0),D7,"") -> 12000 | G26: =IFERROR(D26*D17,0) -> 12000
B27: 1/3 Férias Integral (vencida) | D27: =G26 -> 12000 | G27: =IFERROR(IF(G26<>0,G26/3,0),0) -> 4000
B28: Décimo Terceiro Salário | D28: =IF(E28="","",D23) -> 12000 | E28: =IF(D9="Demissão COM Justa Causa","", IF(YEAR(H11)=YEAR(H7), IF((DAY(H7)-15)>0,MONTH(H11)-MONTH(H7)-1,(MONTH(H11)-MONTH(H7))+1), IF(YEAR(H13)=YEAR(H11), MONTH(H11)-(IF((DAY(H11)-15)<0,1,0)), (MONTH(H11)+12)-MONTH(H13)+IF((DAY(H11)-15)>=0,1,0)))) -> 0 | F28: =IF(E28<>"","meses","") -> meses | G28: =IFERROR((D28/12*E28),0) -> 0
B29: Aviso Prévio Lei nº 12.506 | D29: =IF(E29="","",D23) -> 12000 | E29: =IF(OR(D9="Acordo entre as partes",D9="Demissão SEM justa causa"), IF(((INT((H11-H7)/365)*3)+D13)<=90, ((INT((H11-H7)/365))*3),60),"") -> -3 | F29: =IF(E29<>"",IF(E29<=1,"dia","dias"),"") -> dia | G29: =IFERROR( IF(D9="Acordo entre as partes",(D29/30*E29)/2,D29/30*E29),0) -> -1200
B30: Aviso Prévio Indenizado | D30: =IF(E30="","",D23) | E30: =IF(AND(D11="Indenizado",OR(D9="Demissão SEM Justa Causa",D9="Acordo entre as partes")), (H13+D13)-H11,"") | F30: =IF(E30<>"",IF(E30<=1,"dia","dias"),"") | G30: =IFERROR( IF(AND(D9="Acordo entre as partes",E30<>""), (D30/30*E30)/2, IF(AND(D9="Pedido de Demissão",D11="Indenizado"),0, IF(E30="",0,D30/30*E30))),0) -> 0
B31: Aviso Prévio Reavido | D31: =IF(E31="","",D23) -> 12000 | E31: =IF(OR(D11="Dispensado",AND(D11="Indenizado",D9<>"Pedido de Demissão")),"",IF((H11-H13)<D13,D13-(H11-H13),"")) -> 426 | F31: =IF(E31<>"",IF(E31<=1,"dia","dias"),"") -> dias | H31: =IF(D31="",0,D31/30*E31) -> 170400
B32: 13º Salário Indenizado | D32: =IF(E32="","",$D$23) -> 12000 | E32: =IF(OR(D9="Demissão SEM Justa Causa",D9="Acordo entre as partes"), IF( ((H13+D13+E29)-(H13))<=43,1, IF( AND(((H13+D13+E29)-(H13))>43,((H13+D13+E29)-(H13))<60), IF(OR(DAY(H13+D13+E29)>=15,DAY(H13+D13+E29)>=DAY(H13)),2,1), IF( AND(((H13+D13+E29)-(H13))=60,((H13+D13+E29)-(H13))<=74),2, IF( AND(((H13+D13+E29)-(H13))>74,((H13+D13+E29)-(H13))<90), IF(OR(DAY(H13+D13+E29)>=15,DAY(H13+D13+E29)>=DAY(H13)),3,2), IF( ((H13+D13+E29)-(H13))>=90,3,0))))),"") -> 1 | F32: =IF(E32="","","/12 avos") -> /12 avos | G32: =IFERROR(D32/12*E32,0) -> 1000
B33: Férias Indenizadas | D33: =IF(E33="","",$D$23) -> 12000 | E33: =IF(OR(D9="Demissão SEM Justa Causa",D9="Acordo entre as partes"), IF(MONTH(H11)>MONTH(H7), MONTH(H11)-MONTH((H7-1))-(IF(OR(DAY(H11)>=15,DAY(H11)>=DAY(H7)),0,1)), (MONTH(H11)+12)-MONTH((H7-1))-(IF(OR(DAY(H11)>=15,DAY(H11)>=DAY(H7)),0,1))), "") -> 12 | F33: =IF(E33="","","/12 avos") -> /12 avos | G33: =IFERROR(D33/12*E33,0) -> 12000
B34: 1/3 Férias Indenizadas | D34: =G33 -> 12000 | G34: =IFERROR(D34/3,0) -> 4000
B35: Saldo de Salário (Resto da Experiência) | D35: =IF(E35="",0,D23) -> 12000 | E35: =IF(AND(H9<>"",H9>0,H11-H7<90),H9-H11,"") -> 29 | F35: =IF(E35<>"",IF(E35<=1,"dia","dias"),"") -> dias | G35: =IFERROR(D35/30*E35,0) -> 11600
B36: Indenização Artº 479 - 50% | D36: =G35 -> 11600 | E36: =IF(E35<>"",50%,"") -> 0.5 | G36: =IFERROR(IF(D9="Ant. Térm. Contr. Exp. Pela Empresa",D36*E36,0),0) -> 0
B37: Multa Artº 480 - 50% | D37: =D36 -> 11600 | E37: =IF(E35<>"",50%,"") -> 0.5 | G37: =IF(D37<>"", IF(D9="Ant. Térm. Contr. Exp. Pelo Empregado",D37,0),0) -> 0 | H37: =IFERROR(IF(AND(D9="Ant. Térm. Contr. Exp. Pelo Empregado",H15="Sim"),D37*E37,0),0) -> 0
B39: INSS | D39: =G23 -> 400 | E39: =IF(D39<=B_DADOS!H7,B_DADOS!I7, IF(AND(D39>B_DADOS!H7,D39<=B_DADOS!H8),B_DADOS!I8, IF(AND(D39>B_DADOS!H8,D39<=B_DADOS!H9),B_DADOS!I9, IF(AND(D39>B_DADOS!H9,D39<=B_DADOS!H10),B_DADOS!I10, IF(D39>B_DADOS!H10,B_DADOS!I10,""))))) -> 0.075 | F39: =IF(D39<=B_DADOS!H7,B_DADOS!J7, IF(AND(D39>B_DADOS!H7,D39<=B_DADOS!H8),B_DADOS!J8, IF(AND(D39>B_DADOS!H8,D39<=B_DADOS!H9),B_DADOS!J9, IF(AND(D39>B_DADOS!H9,D39<=B_DADOS!H10),B_DADOS!J10, IF(D39>B_DADOS!H10,B_DADOS!J10,""))))) -> 0 | H39: =IFERROR(IF(((D39*E39)-F39)>B_DADOS!$J$11,B_DADOS!$J$11,((D39*E39)-F39)),0) -> 30
B40: INSS 13º | D40: =SUM(G28,G32) -> 1000 | E40: =IF(D40<=B_DADOS!H7,B_DADOS!I7, IF(AND(D40>B_DADOS!H7,D40<=B_DADOS!H8),B_DADOS!I8, IF(AND(D40>B_DADOS!H8,D40<=B_DADOS!H9),B_DADOS!I9, IF(AND(D40>B_DADOS!H9,D40<=B_DADOS!H10),B_DADOS!I10, IF(D40>B_DADOS!H10,B_DADOS!I10,""))))) -> 0.075 | F40: =IF(D40<=B_DADOS!H7,B_DADOS!J7, IF(AND(D40>B_DADOS!H7,D40<=B_DADOS!H8),B_DADOS!J8, IF(AND(D40>B_DADOS!H8,D40<=B_DADOS!H9),B_DADOS!J9, IF(AND(D40>B_DADOS!H9,D40<=B_DADOS!H10),B_DADOS!J10, IF(D40>B_DADOS!H10,B_DADOS!J10,""))))) -> 0 | H40: =IFERROR(IF(((D40*E40)-F40)>B_DADOS!$J$11,B_DADOS!$J$11,((D40*E40)-F40)),0) -> 75
B41: Total INSS | H41: =SUM(H39:H40) -> 105
B43: IRRF | D43: =SUM(G23,G29,G30)-H31-H39-(H17*B_DADOS!E12) -> -171988.36 | E43: =IF(D43<=B_DADOS!C7,B_DADOS!D7, IF(AND(D43>B_DADOS!C7,D43<=B_DADOS!C8),B_DADOS!D8, IF(AND(D43>B_DADOS!C8,D43<=B_DADOS!C9),B_DADOS!D9, IF(AND(D43>B_DADOS!C9,D43<=B_DADOS!C10),B_DADOS!D10, IF(AND(D43>B_DADOS!C10,D43<=B_DADOS!C11),B_DADOS!D11,""))))) -> 0 | F43: =IF(D43<=B_DADOS!C7,B_DADOS!E7, IF(AND(D43>B_DADOS!C7,D43<=B_DADOS!C8),B_DADOS!E8, IF(AND(D43>B_DADOS!C8,D43<=B_DADOS!C9),B_DADOS!E9, IF(AND(D43>B_DADOS!C9,D43<=B_DADOS!C10),B_DADOS!E10, IF(AND(D43>B_DADOS!C10,D43<=B_DADOS!C11),B_DADOS!E11,""))))) -> 0 | H43: =IFERROR((D43*E43)-F43,0) -> 0
B44: IRRF 13º | D44: =SUM(G28,G32)-H40-(H17*B_DADOS!E12) -> 166.64 | E44: =IF(D44<=B_DADOS!C7,B_DADOS!D7, IF(AND(D44>B_DADOS!C7,D44<=B_DADOS!C8),B_DADOS!D8, IF(AND(D44>B_DADOS!C8,D44<=B_DADOS!C9),B_DADOS!D9, IF(AND(D44>B_DADOS!C9,D44<=B_DADOS!C10),B_DADOS!D10, IF(AND(D44>B_DADOS!C10,D44<=B_DADOS!C11),B_DADOS!D11,""))))) -> 0 | F44: =IF(D44<=B_DADOS!C7,B_DADOS!E7, IF(AND(D44>B_DADOS!C7,D44<=B_DADOS!C8),B_DADOS!E8, IF(AND(D44>B_DADOS!C8,D44<=B_DADOS!C9),B_DADOS!E9, IF(AND(D44>B_DADOS!C9,D44<=B_DADOS!C10),B_DADOS!E10, IF(AND(D44>B_DADOS!C10,D44<=B_DADOS!C11),B_DADOS!E11,""))))) -> 0 | H44: =IFERROR((D44*E44)-F44,0) -> 0
B45: Total IRRF | H45: =SUM(H43:H44) -> 0
B47: TOTAL GERAL | G47: =SUM(G23:G34,G36:G37) -> 48200 | H47: =SUM(H30,H31,H37,H41,H45) -> 170505
B48: Valor Líquido de Rescisão | G48: =G47-H47 -> -122305
B49: FGTS | G49: =(G23+G28+G29+G30+G32)*8% -> 16
B50: Multa Rescisória | F50: =IF(D9="Acordo entre as partes",20%, IF(OR(D9="Ant. Térm. Contr. Exp. Pela Empresa",D9="Demissão SEM Justa Causa"),40%,0)) -> 0.4 | G50: =IFERROR(((D15+G49)*F50),0) -> 6006.4

Sheet MODALIDADES_RESCISÕES
B4: CAUSA DO AFASTAMENTO | C4: SALDO DE SALÁRIO | D4: AVISO PRÉVIO | E4: 13° SALÁRIO | F4: FÉRIAS VENCIDAS | G4: FÉRIAS PROPORCIONAIS | H4: ADICIONAL FÉRIAS 1/3 | I4: FGTS MÊS ANTERIOR | J4: FGTS RESCISÃO | K4: FGTS | L4: INDENIZAÇÃO ART.479 - CLT
B5: Rescisão Por Pedido de Demissão (Menos de 1 Ano) | C5: SIM | D5: NÃO | E5: SIM | F5: NÃO | G5: SIM | H5: SIM | I5: SIM | J5: SIM | K5: NÃO | L5: NÃO
B6: Rescisão Por Pedido de Demissão (Mais de 1 Ano) | C6: SIM | D6: NÃO | E6: SIM | F6: SIM | G6: SIM | H6: SIM | I6: SIM | J6: SIM | K6: NÃO | L6: NÃO
B7: Rescisão Por Dispensa Sem Justa Causa (Menos de 1 Ano) | C7: SIM | D7: SIM | E7: SIM | F7: NÃO | G7: SIM | H7: SIM | I7: SIM | J7: SIM | K7: SIM | L7: NÃO
B8: Rescisão Por Dispensa Sem Justa Causa (Mais de 1 Ano) | C8: SIM | D8: SIM | E8: SIM | F8: SIM | G8: SIM | H8: SIM | I8: SIM | J8: SIM | K8: SIM | L8: NÃO
B9: Rescisão Por Dispensa Com Justa Causa (Menos de 1 Ano) | C9: SIM | D9: NÃO | E9: NÃO | F9: NÃO | G9: NÃO | H9: NÃO | I9: SIM | J9: SIM | K9: NÃO | L9: NÃO
B10: Rescisão Por Dispensa Com Justa Causa (Mais de 1 Ano) | C10: SIM | D10: NÃO | E10: NÃO | F10: SIM | G10: NÃO | H10: SIM | I10: SIM | J10: SIM | K10: NÃO | L10: NÃO
B11: Rescisão de Contrato de Experiência (Extinção Automática) | C11: SIM | D11: NÃO | E11: SIM | F11: NÃO | G11: SIM | H11: SIM | I11: SIM | J11: SIM | K11: NÃO | L11: NÃO
B12: Rescisão Antecipada do Contrato de Experiência Por Iniciativa do Empregador | C12: SIM | D12: NÃO | E12: SIM | F12: NÃO | G12: SIM | H12: SIM | I12: SIM | J12: SIM | K12: SIM | L12: SIM
B13: Rescisão Antecipada do Contrato de Experiência Por Iniciativa do Empregado | C13: SIM | D13: NÃO | E13: SIM | F13: NÃO | G13: SIM | H13: SIM | I13: SIM | J13: SIM | K13: NÃO | L13: NÃO
B14: Rescisão Por Acordo entre Empregado e Empregador (Menos de 1 Ano) | C14: SIM | D14: SIM | E14: SIM | F14: NÃO | G14: SIM | H14: SIM | I14: SIM | J14: SIM | K14: SIM | L14: NÃO
D15: 0.5 | K15: 0.2
B16: Rescisão Por Acordo entre Empregado e Empregador Mais de 1 Ano) | C16: SIM | D16: SIM | E16: SIM | F16: SIM | G16: SIM | H16: SIM | I16: SIM | J16: SIM | K16: SIM | L16: NÃO
D17: 0.5 | K17: 0.2

Sheet B_DADOS
B4: Tabela do IRRF | G4: Tabela do INSS | L4: Tipo de Desligamento | N4: Tipo de Aviso | P4: Descontar Multa do Art. 480 da CLT
B5: Base de Cálculo | D5: Alíquota (%) | E5: Parcela a Deduzir | G5: Base de Cálculo | I5: Alíquota (%) | J5: Parcela a Deduzir | L5: Acordo entre as partes | N5: Indenizado | P5: Sim
B6: De | C6: Até | G6: De | H6: Até | L6: Ant. Térm. Contr. Exp. Pela Empresa | N6: Trabalhado | P6: Não
B7: 0 | C7: 1903.98 | D7: 0 | E7: 0 | G7: 0 | H7: 1045 | I7: 0.075 | J7: 0 | L7: Ant. Térm. Contr. Exp. Pelo Empregado | N7: Dispensado
B8: 1903.99 | C8: 2826.65 | D8: 0.075 | E8: 142.8 | G8: 1045.01 | H8: 2089.6 | I8: 0.09 | J8: 15.67 | L8: Demissão COM Justa Causa
B9: 2826.66 | C9: 3751.05 | D9: 0.15 | E9: 354.8 | G9: 2089.61 | H9: 3134.4 | I9: 0.12 | J9: 78.36 | L9: Demissão SEM Justa Causa
B10: 3751.06 | C10: 4664.68 | D10: 0.225 | E10: 636.13 | G10: 3134.41 | H10: 6101.06 | I10: 0.14 | J10: 141.05 | L10: Pedido de Demissão
B11: 4664.69 | C11: 999999 | D11: 0.275 | E11: 869.36 | H11: Valor do Teto | J11: 713.1 | L11: Término Contrato Experiência
C12: Dedução por Dependente | E12: 189.59

Sheet Sobre
