Workbook

Sheet JAN22
A1: ROBERTO | B1: 150
A2: JOÃO | B2: 300
A3: MARIA | B3: 50
A4: CICLANO | B4: 25

Sheet FEV22
A1: ROBERTO | B1: 0
A2: JOÃO | B2: 23
A3: MARIA | B3: 15
A4: CICLANO | B4: 200

Sheet MAR22
A1: ROBERTO | B1: 333
A2: JOÃO | B2: 54
A3: MARIA | B3: 15
A4: CICLANO | B4: 0

Sheet ABR22
A1: ROBERTO | B1: 80
A2: JOÃO | B2: 98
A3: MARIA | B3: 70
A4: CICLANO | B4: 53

Sheet RESUMO
A1: 44593
A2: ROBERTO | D2: =C2-B2 -> 0
A3: JOÃO | D3: =C3-B3 -> 0
A4: MARIA | D4: =C4-B4 -> 0
A5: CICLANO | D5: =C5-B5 -> 0
B6: =SUM(B2:B5) -> 0 | C6: =SUM(C2:C5) -> 0 | D6: =SUM(D2:D5) -> 0

Sheet Plan2
C2: Jan | D2: Fev | E2: Mar | F2: Abr | G2: Mai | H2: Jun | I2: Jul | J2: Ago | K2: Set | L2: Out | M2: Nov | N2: Dez | O2: Total
B3: ROBERTO | C3: =VLOOKUP($B3,'JAN22'!$A$1:$B$10,2,FALSE) -> 150 | D3: =VLOOKUP($B3,'FEV22'!$A$1:$B$10,2,FALSE) -> 0 | E3: =VLOOKUP($B3,'MAR22'!$A$1:$B$10,2,FALSE) -> 333 | F3: =VLOOKUP($B3,'ABR22'!$A$1:$B$10,2,FALSE) -> 80 | G3: 0 | H3: 0 | I3: 0 | J3: 0 | K3: 0 | L3: 0 | M3: 0 | N3: 0 | O3: =SUM(C3:N3) -> 563
B4: JOÃO | C4: =VLOOKUP($B4,'JAN22'!$A$1:$B$10,2,FALSE) -> 300 | D4: =VLOOKUP($B4,'FEV22'!$A$1:$B$10,2,FALSE) -> 23 | E4: =VLOOKUP($B4,'MAR22'!$A$1:$B$10,2,FALSE) -> 54 | F4: =VLOOKUP($B4,'ABR22'!$A$1:$B$10,2,FALSE) -> 98 | G4: 0 | H4: 0 | I4: 0 | J4: 0 | K4: 0 | L4: 0 | M4: 0 | N4: 0 | O4: =SUM(C4:N4) -> 475
B5: MARIA | C5: =VLOOKUP($B5,'JAN22'!$A$1:$B$10,2,FALSE) -> 50 | D5: =VLOOKUP($B5,'FEV22'!$A$1:$B$10,2,FALSE) -> 15 | E5: =VLOOKUP($B5,'MAR22'!$A$1:$B$10,2,FALSE) -> 15 | F5: =VLOOKUP($B5,'ABR22'!$A$1:$B$10,2,FALSE) -> 70 | G5: 0 | H5: 0 | I5: 0 | J5: 0 | K5: 0 | L5: 0 | M5: 0 | N5: 0 | O5: =SUM(C5:N5) -> 150
B6: CICLANO | C6: =VLOOKUP($B6,'JAN22'!$A$1:$B$10,2,FALSE) -> 25 | D6: =VLOOKUP($B6,'FEV22'!$A$1:$B$10,2,FALSE) -> 200 | E6: =VLOOKUP($B6,'MAR22'!$A$1:$B$10,2,FALSE) -> 0 | F6: =VLOOKUP($B6,'ABR22'!$A$1:$B$10,2,FALSE) -> 53 | G6: 0 | H6: 0 | I6: 0 | J6: 0 | K6: 0 | L6: 0 | M6: 0 | N6: 0 | O6: =SUM(C6:N6) -> 278
C7: 0 | D7: 0 | E7: 0 | F7: 0 | G7: 0 | H7: 0 | I7: 0 | J7: 0 | K7: 0 | L7: 0 | M7: 0 | N7: 0 | O7: =SUM(C7:N7) -> 0
C8: 0 | D8: 0 | E8: 0 | F8: 0 | G8: 0 | H8: 0 | I8: 0 | J8: 0 | K8: 0 | L8: 0 | M8: 0 | N8: 0 | O8: =SUM(C8:N8) -> 0
C9: 0 | D9: 0 | E9: 0 | F9: 0 | G9: 0 | H9: 0 | I9: 0 | J9: 0 | K9: 0 | L9: 0 | M9: 0 | N9: 0 | O9: =SUM(C9:N9) -> 0
B10: Total | C10: =SUM(C3:C9) -> 525 | D10: =SUM(D3:D9) -> 238 | E10: =SUM(E3:E9) -> 402 | F10: =SUM(F3:F9) -> 301 | G10: =SUM(G3:G9) -> 0 | H10: =SUM(H3:H9) -> 0 | I10: =SUM(I3:I9) -> 0 | J10: =SUM(J3:J9) -> 0 | ... O10: =SUM(O3:O9) -> 1466
B13: Nome: | C13: JOÃO
B14: Mês | C14: Abr
B15: Valor | C15: =OFFSET(B2,MATCH(C13,B3:B9,-1),MATCH(C14,C2:N2,-1)) -> 98
